"seqname","accession","tax_id","species","is_type"
"MG764703","MG764703.1","619631","Pedilanthus leaf curl virus","no"
"MG764702","MG764702.1","619631","Pedilanthus leaf curl virus","no"
"MG373556","MG373556.1","223252","Cotton leaf curl Multan virus","no"
"MG373552","MG373552.1","2303390","Hollyhock yellow vein virus","no"
"MH035670","MH035670.1","2496575","Emilia yellow vein Fujian virus","no"
"JQ327841","JQ327841.2","1931111","Pea leaf distortion virus","no"
"MH577011","MH577011.1","2282485","Sweet potato leaf curl Hubei virus","no"
"MF401391","MF401391.1","648801","Passionfruit severe leaf distortion virus","no"
"MF401390","MF401390.1","648801","Passionfruit severe leaf distortion virus","no"
"MG659315","MG659315.2","220340","Bean golden yellow mosaic virus","no"
"MH019225","MH019225.1","71186","Tomato leaf curl Sinaloa virus","no"
"FN436001","FN436001.1","2080282","Sida golden mosaic Brazil virus","no"
"AM948961","AM948961.1","619631","Pedilanthus leaf curl virus","no"
"MH481856","MH481856.1","2486070","Bitter gourd yellow mosaic virus","no"
"MH481901","MH481901.1","1387160","Pepper leafroll virus","no"
"MH665365","MH665365.1","2419504","Squash leaf curl Thailand virus","no"
"MH101419","MH101419.1","202567","Ageratum yellow vein China virus","no"
"HM236368","HM236368.1","1513516","Rhynchosia golden mosaic Havana virus","no"
"KX033435","KX033435.1","652718","Sweet potato leaf curl Canary virus","no"
"KX033430","KX033430.1","652718","Sweet potato leaf curl Canary virus","no"
"KU992909","KU992909.1","652718","Sweet potato leaf curl Canary virus","no"
"KJ476510","KJ476510.2","1489312","Sweet potato leaf curl Guangxi virus","no"
"KJ476509","KJ476509.2","1489311","Sweet potato leaf curl Henan virus","no"
"KJ476507","KJ476507.1","1489311","Sweet potato leaf curl Henan virus","no"
"KJ013581","KJ013581.2","1392388","Sweet potato leaf curl Shanghai virus","no"
"KF156759","KF156759.1","2026195","Sweet potato leaf curl Sichuan virus 2","no"
"KF040467","KF040467.1","1392388","Sweet potato leaf curl Shanghai virus","no"
"KF040466","KF040466.1","100755","Sweet potato leaf curl virus","no"
"MG257894","MG257894.1","270117","Euphorbia leaf curl virus","no"
"MG257885","MG257885.1","271479","Papaya leaf curl Guandong virus","no"
"MG257883","MG257883.1","271479","Papaya leaf curl Guandong virus","no"
"KX156613","KX156613.1","1884873","Croton golden mosaic virus","no"
"KT992056","KT992056.1","2169736","Sweet potato golden vein Korea virus","no"
"KT454832","KT454832.1","2169737","Telfairia golden mosaic virus","no"
"MH410160","MH410160.1","439422","Tomato leaf curl Anjouan virus","no"
"MH410156","MH410156.1","439422","Tomato leaf curl Anjouan virus","no"
"MH410154","MH410154.1","439422","Tomato leaf curl Anjouan virus","no"
"MH410153","MH410153.1","439422","Tomato leaf curl Anjouan virus","no"
"MH410152","MH410152.1","439422","Tomato leaf curl Anjouan virus","no"
"MF684757","MF684757.1","123735","Tomato yellow leaf curl Sardinia virus","no"
"LC080677","LC080677.1","2202146","Malachra yellow mosaic virus","no"
"LC376013","LC376013.1","2202146","Malachra yellow mosaic virus","no"
"MF359270","MF359270.1","1513528","Sweet potato mosaic virus","no"
"MF359269","MF359269.1","1513528","Sweet potato mosaic virus","no"
"MF359268","MF359268.1","1513528","Sweet potato mosaic virus","no"
"MF359264","MF359264.1","994388","Sweet potato leaf curl Sao Paulo virus","no"
"MF359263","MF359263.1","994388","Sweet potato leaf curl Sao Paulo virus","no"
"MH371469","MH371469.1","1266995","Sida mottle Alagoas virus","no"
"KM411359","KM411359.1","2169734","Jatropha leaf curl Gujarat virus","no"
"JN848772","JN848772.1","2169732","Bean white chlorosis mosaic virus","no"
"MF957205","MF957205.1","1266977","Sida yellow net virus","no"
"MF957204","MF957204.1","228897","Sida micrantha mosaic virus","no"
"MH359396","MH359396.1","51336","Cabbage leaf curl virus","no"
"MH359394","MH359394.1","51336","Cabbage leaf curl virus","no"
"MH359392","MH359392.1","51336","Cabbage leaf curl virus","no"
"MH359390","MH359390.1","51336","Cabbage leaf curl virus","no"
"MF409174","MF409174.1","163655","Hollyhock leaf curl virus","no"
"MF574143","MF574143.1","577124","Chilli leaf curl India virus","no"
"KX710155","KX710155.2","337826","Alternanthera yellow vein virus","no"
"LC316185","LC316185.1","307110","Cotton leaf curl Bangalore virus","no"
"LC316183","LC316183.1","337826","Alternanthera yellow vein virus","no"
"KX353619","KX353619.1","53260","Papaya leaf curl virus","no"
"AB287441","AB287441.1","240865","Honeysuckle yellow vein virus","no"
"AB178945","AB178945.1","240865","Honeysuckle yellow vein virus","no"
"AB079765","AB079765.1","240865","Honeysuckle yellow vein virus","no"
"AB007990","AB007990.1","2080107","Eupatorium yellow vein virus","no"
"KY427014","KY427014.1","559878","Clerodendrum golden mosaic China virus","no"
"KY427012","KY427012.1","559878","Clerodendrum golden mosaic China virus","no"
"MF683828","MF683828.1","2030909","Malvastrum yellow vein Lahore virus","no"
"MF372751","MF372751.1","222475","Malvastrum yellow vein virus","no"
"MG917698","MG917698.1","329290","Malvastrum leaf curl virus","no"
"MG917697","MG917697.1","329290","Malvastrum leaf curl virus","no"
"KC153490","KC153490.1","165826","Melon chlorotic leaf curl virus","no"
"JQ804985","JQ804985.1","44560","Ageratum yellow vein virus","no"
"FJ210467","FJ210467.1","222456","Cotton leaf curl Alabad virus","no"
"FJ434943","FJ434943.1","240865","Honeysuckle yellow vein virus","no"
"AY751753","AY751753.2","47838","Chino del tomate virus","no"
"AY508991","AY508991.1","77813","Merremia mosaic virus","no"
"MF163258","MF163258.1","2174902","Sida yellow golden mosaic virus","no"
"KY965862","KY965862.1","10832","Tomato yellow leaf curl virus","no"
"KY971331","KY971331.1","10832","Tomato yellow leaf curl virus","no"
"KU522485","KU522485.1","1874886","Ramie mosaic Yunnan virus","no"
"HM007096","HM007096.1","223305","Pepper leaf curl Bangladesh virus","no"
"GU732204","GU732204.1","435646","Radish leaf curl virus","no"
"DQ406672","DQ406672.1","1513519","Rhynchosia golden mosaic Sinaloa virus","no"
"AF039031","AF039031.1","10827","Potato yellow mosaic virus","no"
"MF140455","MF140455.1","2164174","Hibiscus vein enation virus","no"
"MF140454","MF140454.1","2164174","Hibiscus vein enation virus","no"
"MF140453","MF140453.1","2164174","Hibiscus vein enation virus","no"
"MF140452","MF140452.1","2164174","Hibiscus vein enation virus","no"
"MF140451","MF140451.1","2164174","Hibiscus vein enation virus","no"
"JN411687","JN411687.1","1093958","Sida yellow mottle virus","no"
"AF408199","AF408199.1","117198","Rhynchosia golden mosaic virus","no"
"MG825413","MG825413.1","1401449","Ramie yellow mosaic virus","no"
"MG825412","MG825412.1","1401449","Ramie yellow mosaic virus","no"
"KX440613","KX440613.1","367850","Sida mosaic Sinaloa virus","no"
"KX440612","KX440612.1","367850","Sida mosaic Sinaloa virus","no"
"KY885004","KY885004.1","223264","East African cassava mosaic Malawi virus","no"
"EU249457","EU249457.1","85752","Tomato yellow leaf curl Thailand virus","no"
"KX698093","KX698093.1","908125","Okra enation leaf curl virus","no"
"KY971539","KY971539.1","2126804","Boerhavia golden mosaic virus","no"
"KY971537","KY971537.1","2126804","Boerhavia golden mosaic virus","no"
"KY971535","KY971535.1","2126804","Boerhavia golden mosaic virus","no"
"KY971533","KY971533.1","2126804","Boerhavia golden mosaic virus","no"
"KY884675","KY884675.1","271479","Papaya leaf curl Guandong virus","no"
"AY064391","AY064391.1","165826","Melon chlorotic leaf curl virus","no"
"KC488316","KC488316.1","2026196","Sweet potato leaf curl Sichuan virus 1","no"
"KC149938","KC149938.1","881944","Pepper yellow leaf curl virus","no"
"FJ177030","FJ177030.2","1485012","Jatropha yellow mosaic virus","no"
"DQ512731","DQ512731.1","1198219","Sweet potato leaf curl China virus","no"
"KM926624","KM926624.1","1608257","Tomato latent virus","no"
"KM926623","KM926623.1","1608257","Tomato latent virus","no"
"KX827601","KX827601.1","551531","Tomato leaf curl Kerala virus","no"
"KY612431","KY612431.1","207697","Croton yellow vein mosaic virus","no"
"KX665545","KX665545.1","671095","Croton yellow vein virus","no"
"KX665544","KX665544.1","220932","Tomato leaf curl Karnataka virus","no"
"KX665543","KX665543.1","551531","Tomato leaf curl Kerala virus","no"
"KY420149","KY420149.1","223305","Pepper leaf curl Bangladesh virus","no"
"KY797661","KY797661.1","222464","Cotton leaf curl Kokhran virus","no"
"KU522487","KU522487.1","1401449","Ramie yellow mosaic virus","no"
"KU522486","KU522486.1","1401449","Ramie yellow mosaic virus","no"
"KY120359","KY120359.2","53010","Cotton leaf curl virus","no"
"KM383757","KM383757.1","180526","Tobacco curly shoot virus","no"
"KM383751","KM383751.1","309390","Tomato leaf curl Joydebpur virus","no"
"KM383748","KM383748.1","309390","Tomato leaf curl Joydebpur virus","no"
"KM383746","KM383746.1","575917","Tomato leaf curl Patna virus","no"
"KM383745","KM383745.1","575917","Tomato leaf curl Patna virus","no"
"KM383734","KM383734.1","905054","Tobacco leaf curl Pusa virus","no"
"LN886521","LN886521.1","551531","Tomato leaf curl Kerala virus","no"
"JQ866297","JQ866297.1","2050584","French bean leaf curl virus","no"
"JQ897969","JQ897969.1","2050583","Tomato leaf curl New Delhi virus 2","no"
"KY860899","KY860899.1","2048880","Coccinia mosaic Virudhunagar virus","no"
"KF551592","KF551592.1","2049944","Tomato leaf curl New Delhi virus 4","no"
"KY064015","KY064015.1","86502","Tomato yellow mottle virus","no"
"KY064014","KY064014.1","71186","Tomato leaf curl Sinaloa virus","no"
"KY064013","KY064013.1","71186","Tomato leaf curl Sinaloa virus","no"
"KY064010","KY064010.1","86502","Tomato yellow mottle virus","no"
"KY064009","KY064009.1","86502","Tomato yellow mottle virus","no"
"MF402919","MF402919.1","1038082","Datura leaf curl virus","no"
"MF402918","MF402918.1","1038082","Datura leaf curl virus","no"
"KX671963","KX671963.1","551531","Tomato leaf curl Kerala virus","no"
"KY089033","KY089033.1","188333","Ageratum enation virus","no"
"LN878128","LN878128.1","219299","Tomato leaf curl Gujarat virus","no"
"LN878127","LN878127.1","219299","Tomato leaf curl Gujarat virus","no"
"LN886658","LN886658.1","172278","Chilli leaf curl virus","no"
"LN886652","LN886652.1","172278","Chilli leaf curl virus","no"
"KY196219","KY196219.1","2021666","Macroptilium golden yellow mosaic virus","no"
"KY196221","KY196221.1","2021667","Tomato leaf curl purple vein virus","no"
"KY196217","KY196217.1","2021667","Tomato leaf curl purple vein virus","no"
"KY196216","KY196216.1","2021667","Tomato leaf curl purple vein virus","no"
"KY196218","KY196218.1","172394","Tomato mottle leaf curl virus","no"
"KY555800","KY555800.1","1266458","Tomato mottle wrinkle virus","no"
"KY555798","KY555798.1","666145","Sida Brazil virus","no"
"KX513862","KX513862.1","1297645","Corchorus yellow vein mosaic virus","no"
"KX513859","KX513859.1","191463","Sida yellow mosaic virus","no"
"KX467567","KX467567.1","223347","Tomato leaf curl New Delhi virus","no"
"KY373213","KY373213.1","2020881","Emilia sonchifolia yellow vein Thailand virus","no"
"LN864815","LN864815.1","1076345","Catharanthus yellow mosaic virus","no"
"KP780424","KP780424.1","1578825","Euphorbia yellow leaf curl virus","no"
"KY449277","KY449277.1","2015441","Tomato chlorotic leaf curl virus","no"
"KY449275","KY449275.1","2015440","Tomato mosaic Trujillo virus","no"
"KY353797","KY353797.1","1124577","Tomato mild yellow leaf curl Aragua virus","no"
"LN871569","LN871569.1","207697","Croton yellow vein mosaic virus","no"
"KX353622","KX353622.2","341711","Tomato leaf curl Pakistan virus","no"
"KY559530","KY559530.1","598494","Euphorbia yellow mosaic virus","no"
"KY559529","KY559529.1","598494","Euphorbia yellow mosaic virus","no"
"KY559468","KY559468.1","598494","Euphorbia yellow mosaic virus","no"
"KY559433","KY559433.1","598494","Euphorbia yellow mosaic virus","no"
"KY559432","KY559432.1","598494","Euphorbia yellow mosaic virus","no"
"LC271790","LC271790.1","223287","Mungbean yellow mosaic India virus","no"
"KX857725","KX857725.1","2004460","Bean leaf crumple virus","no"
"KX656811","KX656811.1","223259","Cotton leaf curl Rajasthan virus","no"
"KX656809","KX656809.1","223259","Cotton leaf curl Rajasthan virus","no"
"KX656804","KX656804.1","674996","Cotton leaf curl Shadadpur virus","no"
"KX656803","KX656803.1","674996","Cotton leaf curl Shadadpur virus","no"
"KX656802","KX656802.1","674996","Cotton leaf curl Shadadpur virus","no"
"KX656794","KX656794.1","222456","Cotton leaf curl Alabad virus","no"
"KX656791","KX656791.1","222456","Cotton leaf curl Alabad virus","no"
"KX656790","KX656790.1","222456","Cotton leaf curl Alabad virus","no"
"KY617094","KY617094.1","1982675","Jacquemontia yellow vein virus","no"
"KY624376","KY624376.1","1982675","Jacquemontia yellow vein virus","no"
"LK054801","LK054801.1","1431395","Mirabilis leaf curl virus","no"
"LT716980","LT716980.1","163655","Hollyhock leaf curl virus","no"
"KX611145","KX611145.1","225752","Sweet potato leaf curl Georgia virus","no"
"KX302712","KX302712.1","928315","Papaya leaf crumple virus","no"
"KX302711","KX302711.1","928315","Papaya leaf crumple virus","no"
"KX302708","KX302708.1","928315","Papaya leaf crumple virus","no"
"KX348185","KX348185.1","1949198","Sida golden yellow spot virus","no"
"KX348184","KX348184.1","1949196","Sida bright yellow mosaic virus","no"
"KX348183","KX348183.1","1949197","Sida chlorotic mottle virus","no"
"KX348177","KX348177.1","365523","Tomato yellow spot virus","no"
"KX348174","KX348174.1","365523","Tomato yellow spot virus","no"
"KX348172","KX348172.1","365523","Tomato yellow spot virus","no"
"KY294725","KY294725.1","1960710","Desmodium mottle virus","no"
"KY294724","KY294724.1","1960710","Desmodium mottle virus","no"
"KY271075","KY271075.1","260378","Pepper yellow vein Mali virus","no"
"KX853168","KX853168.1","1955054","Tomato leaf curl Burkina Faso virus","no"
"KX290925","KX290925.1","180526","Tobacco curly shoot virus","no"
"LN845914","LN845914.1","53260","Papaya leaf curl virus","no"
"KX943294","KX943294.1","85752","Tomato yellow leaf curl Thailand virus","no"
"KX943290","KX943290.1","1774200","Pepper yellow leaf curl Thailand virus","no"
"KX388157","KX388157.1","222474","Squash leaf curl Yunnan virus","no"
"KT322145","KT322145.1","1774200","Pepper yellow leaf curl Thailand virus","no"
"KT322143","KT322143.1","1774200","Pepper yellow leaf curl Thailand virus","no"
"KT322142","KT322142.1","1774200","Pepper yellow leaf curl Thailand virus","no"
"KT322141","KT322141.1","1774200","Pepper yellow leaf curl Thailand virus","no"
"KY001641","KY001641.1","1931111","Pea leaf distortion virus","no"
"KY001638","KY001638.1","1931111","Pea leaf distortion virus","no"
"KY001637","KY001637.1","1931111","Pea leaf distortion virus","no"
"KY001636","KY001636.1","1931111","Pea leaf distortion virus","no"
"KX168427","KX168427.1","619631","Pedilanthus leaf curl virus","no"
"KX859239","KX859239.1","1513528","Sweet potato mosaic virus","no"
"KX859238","KX859238.1","994388","Sweet potato leaf curl Sao Paulo virus","no"
"KU358529","KU358529.1","1225069","Pouzolzia golden mosaic virus","no"
"KU358527","KU358527.1","1225069","Pouzolzia golden mosaic virus","no"
"LK028573","LK028573.1","1076345","Catharanthus yellow mosaic virus","no"
"KT878831","KT878831.1","1812308","Deinbollia mosaic virus","no"
"KT878829","KT878829.1","1812308","Deinbollia mosaic virus","no"
"KT878826","KT878826.1","1812308","Deinbollia mosaic virus","no"
"KT878824","KT878824.1","1812308","Deinbollia mosaic virus","no"
"KX640991","KX640991.1","1266993","Sida yellow blotch virus","no"
"KX831133","KX831133.1","1925153","Vernonia crinkle virus","no"
"KX831132","KX831132.1","1925153","Vernonia crinkle virus","no"
"AB849290","AB849290.1","390436","Corchorus golden mosaic virus","no"
"KX259339","KX259339.1","1914953","Chayote enation yellow mosaic virus","no"
"KX259336","KX259336.1","1914953","Chayote enation yellow mosaic virus","no"
"KU165788","KU165788.1","77811","Euphorbia mosaic virus","no"
"KX896424","KX896424.1","1266995","Sida mottle Alagoas virus","no"
"KX896420","KX896420.1","1266995","Sida mottle Alagoas virus","no"
"KX896415","KX896415.1","1266995","Sida mottle Alagoas virus","no"
"KX896414","KX896414.1","172394","Tomato mottle leaf curl virus","no"
"KX011471","KX011471.1","336987","Tobacco leaf curl Cuba virus","no"
"KX363443","KX363443.1","1914900","Synedrella yellow vein clearing virus","no"
"KX011477","KX011477.1","1915203","Common bean severe mosaic virus","no"
"KX011476","KX011476.1","1915203","Common bean severe mosaic virus","no"
"KX011475","KX011475.1","1915203","Common bean severe mosaic virus","no"
"KX011473","KX011473.1","1915202","Common bean mottle virus","no"
"KU933675","KU933675.1","575917","Tomato leaf curl Patna virus","no"
"KT899302","KT899302.1","1737555","Passionfruit leaf distortion virus","no"
"KX831891","KX831891.1","53010","Cotton leaf curl virus","no"
"KX831889","KX831889.1","53010","Cotton leaf curl virus","no"
"LC091539","LC091539.1","1740165","Lisianthus enation leaf curl virus","no"
"LC091538","LC091538.1","1740165","Lisianthus enation leaf curl virus","no"
"KU058856","KU058856.1","1906668","Malvastrum bright yellow mosaic virus","no"
"KU058855","KU058855.1","1906668","Malvastrum bright yellow mosaic virus","no"
"KU058854","KU058854.1","1906668","Malvastrum bright yellow mosaic virus","no"
"KU058852","KU058852.1","1906668","Malvastrum bright yellow mosaic virus","no"
"KU058851","KU058851.1","1906668","Malvastrum bright yellow mosaic virus","no"
"KX691411","KX691411.1","1904884","Wissadula yellow mosaic virus","no"
"KX691409","KX691409.1","1904884","Wissadula yellow mosaic virus","no"
"KX691408","KX691408.1","1904882","Sida angular mosaic virus","no"
"KX691407","KX691407.1","1904882","Sida angular mosaic virus","no"
"KX691406","KX691406.1","1904882","Sida angular mosaic virus","no"
"KX691405","KX691405.1","1904883","Sida chlorotic vein virus","no"
"KX691404","KX691404.1","1904882","Sida angular mosaic virus","no"
"KX691403","KX691403.1","1904882","Sida angular mosaic virus","no"
"KX691402","KX691402.1","1904883","Sida chlorotic vein virus","no"
"KX691400","KX691400.1","1904880","Macroptilium bright mosaic virus","no"
"KX691399","KX691399.1","1904880","Macroptilium bright mosaic virus","no"
"KX691397","KX691397.1","1904881","Macroptilium common mosaic virus","no"
"KX691396","KX691396.1","1904881","Macroptilium common mosaic virus","no"
"KX389269","KX389269.1","10827","Potato yellow mosaic virus","no"
"KU933258","KU933258.1","1899219","Synedrella leaf curl virus","no"
"KU933256","KU933256.1","1335768","Tomato yellow leaf curl Yunnan virus","no"
"KU933255","KU933255.1","1335768","Tomato yellow leaf curl Yunnan virus","no"
"KR816002","KR816002.1","222464","Cotton leaf curl Kokhran virus","no"
"KU667097","KU667097.1","543876","Jatropha leaf curl virus","no"
"LC051115","LC051115.1","292477","Pepper yellow leaf curl Indonesia virus","no"
"LC051114","LC051114.1","292477","Pepper yellow leaf curl Indonesia virus","no"
"LC051112","LC051112.1","292477","Pepper yellow leaf curl Indonesia virus","no"
"LC051119","LC051119.1","44560","Ageratum yellow vein virus","no"
"KU232891","KU232891.1","649996","Tomato yellow leaf distortion virus","no"
"KU376491","KU376491.1","333293","Ageratum leaf curl virus","no"
"KX100573","KX100573.1","401040","Okra yellow crinkle virus","no"
"KU852742","KU852742.1","1884991","Senna leaf curl virus","no"
"KU601621","KU601621.1","1003836","Pepper leaf curl Yunnan virus","no"
"KU601620","KU601620.1","676044","Malvastrum yellow vein Honghe virus","no"
"KU569583","KU569583.1","1881630","Velvet bean golden mosaic virus","no"
"KU569582","KU569582.1","1881630","Velvet bean golden mosaic virus","no"
"KU569580","KU569580.1","1881630","Velvet bean golden mosaic virus","no"
"KU569579","KU569579.1","1881630","Velvet bean golden mosaic virus","no"
"KU569578","KU569578.1","1881630","Velvet bean golden mosaic virus","no"
"KU569603","KU569603.1","266799","Tomato yellow leaf curl Kanchanaburi virus","no"
"KU569601","KU569601.1","1881631","Eggplant golden mosaic virus","no"
"KU569598","KU569598.1","1881631","Eggplant golden mosaic virus","no"
"KU569594","KU569594.1","266799","Tomato yellow leaf curl Kanchanaburi virus","no"
"KU569586","KU569586.1","1881631","Eggplant golden mosaic virus","no"
"KT253643","KT253643.1","53260","Papaya leaf curl virus","no"
"KU500804","KU500804.1","928315","Papaya leaf crumple virus","no"
"KT869120","KT869120.1","223264","East African cassava mosaic Malawi virus","no"
"KX101212","KX101212.1","333361","Corchorus yellow vein virus","no"
"KU562964","KU562964.1","565052","Tobacco yellow crinkle virus","no"
"LC080676","LC080676.1","543876","Jatropha leaf curl virus","no"
"KU975400","KU975400.1","1335768","Tomato yellow leaf curl Yunnan virus","no"
"KU975395","KU975395.1","1003836","Pepper leaf curl Yunnan virus","no"
"KU996356","KU996356.1","1266977","Sida yellow net virus","no"
"KU996355","KU996355.1","1266977","Sida yellow net virus","no"
"KU682839","KU682839.1","1162280","Tomato rugose yellow leaf curl virus","no"
"KT966771","KT966771.1","1747500","Cnidoscolus mosaic leaf deformation virus","no"
"KU946997","KU946997.1","507474","Tomato leaf curl Cebu virus","no"
"KU946995","KU946995.1","96054","Tomato leaf curl Philippines virus","no"
"KU683748","KU683748.1","79236","Cotton yellow mosaic virus","no"
"KU683747","KU683747.1","79236","Cotton yellow mosaic virus","no"
"KP890827","KP890827.2","223303","Pepper huasteco yellow vein virus","no"
"KT454834","KT454834.1","79236","Cotton yellow mosaic virus","no"
"KT454825","KT454825.1","222450","Chayote yellow mosaic virus","no"
"KT444609","KT444609.1","1046573","West African Asystasia virus 1","no"
"KT444607","KT444607.1","1046573","West African Asystasia virus 1","no"
"KT444601","KT444601.1","1046573","West African Asystasia virus 1","no"
"KT444615","KT444615.1","761702","Soybean chlorotic blotch virus","no"
"KT454827","KT454827.1","222450","Chayote yellow mosaic virus","no"
"KT454823","KT454823.1","222450","Chayote yellow mosaic virus","no"
"KT454822","KT454822.1","222450","Chayote yellow mosaic virus","no"
"KT454821","KT454821.1","222450","Chayote yellow mosaic virus","no"
"KT454811","KT454811.1","761702","Soybean chlorotic blotch virus","no"
"KT454809","KT454809.1","761702","Soybean chlorotic blotch virus","no"
"KU902456","KU902456.1","575917","Tomato leaf curl Patna virus","no"
"KU934103","KU934103.1","185793","Tomato yellow leaf curl China virus","no"
"KU934100","KU934100.1","185793","Tomato yellow leaf curl China virus","no"
"KU245932","KU245932.1","223252","Cotton leaf curl Multan virus","no"
"KU245930","KU245930.1","333361","Corchorus yellow vein virus","no"
"KT444605","KT444605.1","1046573","West African Asystasia virus 1","no"
"KU160634","KU160634.1","220340","Bean golden yellow mosaic virus","no"
"KU955998","KU955998.1","223344","Tomato leaf curl Bangladesh virus","no"
"LT556080","LT556080.1","220932","Tomato leaf curl Karnataka virus","no"
"KT962229","KT962229.1","2169738","Tomato yellow leaf curl Shuangbai virus","no"
"KT992047","KT992047.1","67762","Tobacco leaf curl virus","no"
"KT992046","KT992046.1","67762","Tobacco leaf curl virus","no"
"KU131588","KU131588.1","1825950","Triumfetta yellow mosaic virus","no"
"LC089766","LC089766.1","271479","Papaya leaf curl Guandong virus","no"
"LN906594","LN906594.1","671095","Croton yellow vein virus","no"
"LN906593","LN906593.1","671095","Croton yellow vein virus","no"
"KU562963","KU562963.1","336987","Tobacco leaf curl Cuba virus","no"
"KF962542","KF962542.1","390436","Corchorus golden mosaic virus","no"
"KT879828","KT879828.1","223317","Sida golden yellow vein virus","no"
"KT879823","KT879823.1","223317","Sida golden yellow vein virus","no"
"KT879822","KT879822.1","223317","Sida golden yellow vein virus","no"
"KT879817","KT879817.1","223317","Sida golden yellow vein virus","no"
"KU954389","KU954389.1","202567","Ageratum yellow vein China virus","no"
"KU954384","KU954384.1","202567","Ageratum yellow vein China virus","no"
"KU954383","KU954383.1","202567","Ageratum yellow vein China virus","no"
"KT948069","KT948069.1","742163","Duranta leaf curl virus","no"
"KT809345","KT809345.1","1828512","Pepper yellow leaf curl virus PSSWS-14","no"
"KU892667","KU892667.1","229634","Papaya leaf curl China virus","no"
"KU980923","KU980923.1","229636","Tomato leaf curl China virus","no"
"KU980921","KU980921.1","229636","Tomato leaf curl China virus","no"
"KU980917","KU980917.1","229636","Tomato leaf curl China virus","no"
"HM007121","HM007121.1","2050929","Chilli leaf curl Vellanad virus","no"
"HM007119","HM007119.1","1000663","Chilli leaf curl Salem virus-India [India/Salem/2008]","no"
"DQ119824","DQ119824.1","220340","Bean golden yellow mosaic virus","no"
"U65529","U65529.2","51336","Cabbage leaf curl virus","no"
"AF134484","AF134484.2","83839","Pepper leaf curl virus","no"
"AF110189","AF110189.1","31602","Bean calico mosaic virus","no"
"AF049336","AF049336.1","51034","Sida golden mosaic virus","no"
"LN680629","LN680629.1","1303385","Tomato leaf curl Liwa virus","no"
"LN680628","LN680628.1","1498504","Tomato leaf curl Barka virus","no"
"LN680627","LN680627.1","1498504","Tomato leaf curl Barka virus","no"
"HG969206","HG969206.1","713949","Tomato leaf curl Oman virus","no"
"HG969205","HG969205.1","713949","Tomato leaf curl Oman virus","no"
"KT957957","KT957957.2","1266977","Sida yellow net virus","no"
"KR073094","KR073094.1","266799","Tomato yellow leaf curl Kanchanaburi virus","no"
"HG941643","HG941643.1","172278","Chilli leaf curl virus","no"
"HG969259","HG969259.1","713949","Tomato leaf curl Oman virus","no"
"HG969258","HG969258.1","713949","Tomato leaf curl Oman virus","no"
"HG969255","HG969255.1","172278","Chilli leaf curl virus","no"
"KT728750","KT728750.1","270146","Tomato leaf curl Sudan virus","no"
"KT728749","KT728749.1","270146","Tomato leaf curl Sudan virus","no"
"KT728742","KT728742.1","270146","Tomato leaf curl Sudan virus","no"
"KT582302","KT582302.1","1779714","Lycianthes yellow mosaic virus","no"
"LN717037","LN717037.1","1589243","Cestrum leaf curl Islamabad virus","no"
"KP725055","KP725055.1","28350","Tomato leaf curl virus","no"
"KP698316","KP698316.1","28350","Tomato leaf curl virus","no"
"KP698313","KP698313.1","928315","Papaya leaf crumple virus","no"
"KT382327","KT382327.1","693894","Tomato leaf curl Cameroon virus","no"
"KT382326","KT382326.1","501328","Tomato leaf curl Ghana virus","no"
"KT382325","KT382325.1","548915","Tomato leaf curl Kumasi virus","no"
"HG937525","HG937525.1","875324","Eclipta yellow vein virus","no"
"KM383762","KM383762.1","223344","Tomato leaf curl Bangladesh virus","no"
"KM383761","KM383761.1","223344","Tomato leaf curl Bangladesh virus","no"
"KM383760","KM383760.1","223344","Tomato leaf curl Bangladesh virus","no"
"KM383759","KM383759.1","223344","Tomato leaf curl Bangladesh virus","no"
"KT948787","KT948787.1","1742596","Pavonia yellow mosaic virus","no"
"KT948785","KT948785.1","1772258","Pavonia mosaic virus","no"
"LN680625","LN680625.1","172278","Chilli leaf curl virus","no"
"HE862273","HE862273.1","1241370","Okra leaf curl Oman virus","no"
"HF536716","HF536716.1","1241370","Okra leaf curl Oman virus","no"
"KT861468","KT861468.1","161378","Sri Lankan cassava mosaic virus","no"
"KT322140","KT322140.1","409287","Tobacco leaf curl Thailand virus","no"
"KT192632","KT192632.1","457286","Rhynchosia golden mosaic Yucatan virus","no"
"KT159766","KT159766.1","1578825","Euphorbia yellow leaf curl virus","no"
"KT033712","KT033712.1","270146","Tomato leaf curl Sudan virus","no"
"KT099154","KT099154.1","2169744","Whitefly-associated begomovirus 7","no"
"KT099153","KT099153.1","2169744","Whitefly-associated begomovirus 7","no"
"KT099152","KT099152.1","2169744","Whitefly-associated begomovirus 7","no"
"KT099148","KT099148.1","2169744","Whitefly-associated begomovirus 7","no"
"KT099147","KT099147.1","2169744","Whitefly-associated begomovirus 7","no"
"KT099142","KT099142.1","1740343","VEM begomovirus 5","no"
"KT099141","KT099141.1","223282","Macroptilium mosaic Puerto Rico virus","no"
"KT099139","KT099139.1","2169743","Whitefly-associated begomovirus 6","no"
"KT099137","KT099137.1","1740343","VEM begomovirus 5","no"
"KT099136","KT099136.1","1740343","VEM begomovirus 5","no"
"KT099135","KT099135.1","1740343","VEM begomovirus 5","no"
"KT099134","KT099134.1","1740343","VEM begomovirus 5","no"
"KT099130","KT099130.1","223356","Tomato mosaic Havana virus","no"
"KT099128","KT099128.1","2169742","Whitefly-associated begomovirus 4","no"
"KT099127","KT099127.1","2169741","Whitefly-associated begomovirus 3","no"
"KT099126","KT099126.1","2169741","Whitefly-associated begomovirus 3","no"
"KT099125","KT099125.1","2169740","Whitefly-associated begomovirus 2","no"
"KT099124","KT099124.1","2169739","Whitefly-associated begomovirus 1","no"
"KT099123","KT099123.1","2169739","Whitefly-associated begomovirus 1","no"
"KT099122","KT099122.1","2169739","Whitefly-associated begomovirus 1","no"
"KT099121","KT099121.1","223316","Sida golden mosaic Honduras virus","no"
"KT099120","KT099120.1","223316","Sida golden mosaic Honduras virus","no"
"KT099118","KT099118.1","165826","Melon chlorotic leaf curl virus","no"
"KT201153","KT201153.1","1742595","Melochia yellow mosaic virus","no"
"KT201151","KT201151.1","1742594","Melochia mosaic virus","no"
"KM359406","KM359406.2","1738045","Andrographis yellow vein leaf curl virus","no"
"KR612272","KR612272.1","1170656","Vinca leaf curl virus","no"
"KM880103","KM880103.1","1678003","Chilli leaf curl Ahmedabad virus-India [India/Ahmedabad/2014]","no"
"KT390464","KT390464.1","307110","Cotton leaf curl Bangalore virus","no"
"KT390462","KT390462.1","944994","Hollyhock yellow vein mosaic virus","no"
"KT390456","KT390456.1","875324","Eclipta yellow vein virus","no"
"KT390454","KT390454.1","908125","Okra enation leaf curl virus","no"
"KT390451","KT390451.1","120168","Bhendi yellow vein mosaic virus","no"
"KT390341","KT390341.1","908125","Okra enation leaf curl virus","no"
"KP641349","KP641349.1","457286","Rhynchosia golden mosaic Yucatan virus","no"
"KP641347","KP641347.1","457286","Rhynchosia golden mosaic Yucatan virus","no"
"KP641345","KP641345.1","565052","Tobacco yellow crinkle virus","no"
"KP752090","KP752090.1","529680","Rhynchosia yellow mosaic virus","no"
"KP890353","KP890353.1","223264","East African cassava mosaic Malawi virus","no"
"KP890349","KP890349.1","223264","East African cassava mosaic Malawi virus","no"
"KR263181","KR263181.1","1701549","Tomato chlorotic mottle Guyane virus","no"
"KR263180","KR263180.1","1701549","Tomato chlorotic mottle Guyane virus","no"
"KR263179","KR263179.1","1701549","Tomato chlorotic mottle Guyane virus","no"
"KC465466","KC465466.2","1701401","Chilli leaf curl Bijnour virus-India","no"
"LN846612","LN846612.1","219744","Tomato yellow leaf curl Malaga virus","no"
"LN846611","LN846611.1","219744","Tomato yellow leaf curl Malaga virus","no"
"KR869857","KR869857.1","326811","Clerodendron yellow mosaic virus","no"
"KP784662","KP784662.1","333968","Dolichos yellow mosaic virus","no"
"JN698954","JN698954.3","2169735","Jatropha leaf yellow mosaic virus","no"
"JN135236","JN135236.3","2169735","Jatropha leaf yellow mosaic virus","no"
"LM645009","LM645009.1","944994","Hollyhock yellow vein mosaic virus","no"
"KR611577","KR611577.1","161378","Sri Lankan cassava mosaic virus","no"
"KF652078","KF652078.1","1538465","Jatropha mosaic Lucknow virus","no"
"KF652077","KF652077.1","1538465","Jatropha mosaic Lucknow virus","no"
"KC513823","KC513823.1","1538465","Jatropha mosaic Lucknow virus","no"
"LM651404","LM651404.1","260379","Tomato leaf curl Mali virus","no"
"LM651402","LM651402.1","260377","Tomato yellow leaf curl Mali virus","no"
"LM651401","LM651401.1","260377","Tomato yellow leaf curl Mali virus","no"
"KC953603","KC953603.1","123735","Tomato yellow leaf curl Sardinia virus","no"
"LK028571","LK028571.1","944994","Hollyhock yellow vein mosaic virus","no"
"LN848878","LN848878.1","223303","Pepper huasteco yellow vein virus","no"
"LN848865","LN848865.1","223303","Pepper huasteco yellow vein virus","no"
"LN848864","LN848864.1","223303","Pepper huasteco yellow vein virus","no"
"LN848775","LN848775.1","223301","Pepper golden mosaic virus","no"
"LN848754","LN848754.1","223301","Pepper golden mosaic virus","no"
"LN848751","LN848751.1","223301","Pepper golden mosaic virus","no"
"KP188831","KP188831.1","1633139","Malvastrum yellow vein Cambodia virus","no"
"KP178732","KP178732.1","407837","Tomato leaf curl Pune virus","no"
"KP178726","KP178726.1","219299","Tomato leaf curl Gujarat virus","no"
"KP164861","KP164861.1","220608","Tomato leaf curl Bangalore virus","no"
"KP164857","KP164857.1","220608","Tomato leaf curl Bangalore virus","no"
"KP164856","KP164856.1","220608","Tomato leaf curl Bangalore virus","no"
"KP195261","KP195261.1","220932","Tomato leaf curl Karnataka virus","no"
"KP195260","KP195260.1","1632184","Tomato enation leaf curl virus","no"
"HG969260","HG969260.1","713949","Tomato leaf curl Oman virus","no"
"LN611623","LN611623.1","10815","Abutilon mosaic virus","no"
"LN611622","LN611622.1","10815","Abutilon mosaic virus","no"
"KC907406","KC907406.1","1489311","Sweet potato leaf curl Henan virus","no"
"FN435999","FN435999.1","666144","Cleome leaf crumple virus","no"
"FN434438","FN434438.1","665102","Abutilon Brazil virus","no"
"FN543425","FN543425.1","667119","Velvet bean severe mosaic virus","no"
"AM999981","AM999981.1","529680","Rhynchosia yellow mosaic virus","no"
"FN396966","FN396966.1","649509","Clerodendrum golden mosaic Jiangsu virus","no"
"FN396962","FN396962.1","559878","Clerodendrum golden mosaic China virus","no"
"AM932425","AM932425.1","263793","Horsegram yellow mosaic virus","no"
"AJ579307","AJ579307.1","161378","Sri Lankan cassava mosaic virus","no"
"AJ314739","AJ314739.1","31600","Indian cassava mosaic virus","no"
"Y15034","Y15034.1","223307","Potato yellow mosaic Panama virus","no"
"HG938359","HG938359.2","908125","Okra enation leaf curl virus","no"
"KP663485","KP663485.1","1611435","Asystasia mosaic Madagascar virus","no"
"KP663483","KP663483.1","1611435","Asystasia mosaic Madagascar virus","no"
"KM978186","KM978186.2","1578825","Euphorbia yellow leaf curl virus","no"
"KM887907","KM887907.1","1602199","Oxalis yellow vein virus","no"
"KP195721","KP195721.1","229634","Papaya leaf curl China virus","no"
"LK028570","LK028570.1","1076345","Catharanthus yellow mosaic virus","no"
"AB971848","AB971848.1","390436","Corchorus golden mosaic virus","no"
"KC161185","KC161185.1","270117","Euphorbia leaf curl virus","no"
"DI370204","DI370204.1","92963","Tomato severe leaf curl virus","no"
"KJ939918","KJ939918.1","1221206","Soybean chlorotic spot virus","no"
"KJ939917","KJ939917.1","1221206","Soybean chlorotic spot virus","no"
"KJ939916","KJ939916.1","1221206","Soybean chlorotic spot virus","no"
"KJ939912","KJ939912.1","1129035","Macroptilium yellow vein virus","no"
"KJ939911","KJ939911.1","1129035","Macroptilium yellow vein virus","no"
"KJ939903","KJ939903.1","1129035","Macroptilium yellow vein virus","no"
"KJ939900","KJ939900.1","1129035","Macroptilium yellow vein virus","no"
"KJ939884","KJ939884.1","1129034","Macroptilium yellow spot virus","no"
"KJ939876","KJ939876.1","1129034","Macroptilium yellow spot virus","no"
"KJ939848","KJ939848.1","10839","Bean golden mosaic virus","no"
"KJ939830","KJ939830.1","10839","Bean golden mosaic virus","no"
"KJ939789","KJ939789.1","10839","Bean golden mosaic virus","no"
"KJ939773","KJ939773.1","10839","Bean golden mosaic virus","no"
"KJ939759","KJ939759.1","10839","Bean golden mosaic virus","no"
"JF694486","JF694486.1","1046574","West African Asystasia virus 2","no"
"JF694484","JF694484.1","1046573","West African Asystasia virus 1","no"
"HG938362","HG938362.1","908125","Okra enation leaf curl virus","no"
"KC253236","KC253236.1","225752","Sweet potato leaf curl Georgia virus","no"
"KC253233","KC253233.1","100755","Sweet potato leaf curl virus","no"
"KF769447","KF769447.1","225752","Sweet potato leaf curl Georgia virus","no"
"KF414123","KF414123.1","1367126","Pouzolzia mosaic Guangdong virus","no"
"KC857508","KC857508.1","1225069","Pouzolzia golden mosaic virus","no"
"JQ911766","JQ911766.1","944994","Hollyhock yellow vein mosaic virus","no"
"KM215610","KM215610.1","232380","Tomato yellow leaf curl Axarquia virus","no"
"KM820270","KM820270.1","35341","Watermelon chlorotic stunt virus","no"
"KM820251","KM820251.1","35341","Watermelon chlorotic stunt virus","no"
"KM820225","KM820225.1","35341","Watermelon chlorotic stunt virus","no"
"KM820219","KM820219.1","35341","Watermelon chlorotic stunt virus","no"
"KM595196","KM595196.1","10829","Squash leaf curl virus","no"
"KM595166","KM595166.1","10829","Squash leaf curl virus","no"
"KM595157","KM595157.1","10829","Squash leaf curl virus","no"
"KM595123","KM595123.1","10829","Squash leaf curl virus","no"
"KM243020","KM243020.1","1266458","Tomato mottle wrinkle virus","no"
"KM243018","KM243018.1","1266458","Tomato mottle wrinkle virus","no"
"KM243019","KM243019.1","1266458","Tomato mottle wrinkle virus","no"
"KM066975","KM066975.1","188333","Ageratum enation virus","no"
"KM023146","KM023146.1","1547577","Jatropha leaf crumple virus","no"
"KM189819","KM189819.1","1547577","Jatropha leaf crumple virus","no"
"KM189818","KM189818.1","1547577","Jatropha leaf crumple virus","no"
"KM190927","KM190927.1","1513489","Bitter gourd yellow vein virus","no"
"JQ714137","JQ714137.2","1266458","Tomato mottle wrinkle virus","no"
"JQ621844","JQ621844.1","994388","Sweet potato leaf curl Sao Paulo virus","no"
"KF670620","KF670620.1","180399","Melon chlorotic mosaic virus","no"
"KF670618","KF670618.1","180399","Melon chlorotic mosaic virus","no"
"KF670614","KF670614.1","180399","Melon chlorotic mosaic virus","no"
"KF670610","KF670610.1","180399","Melon chlorotic mosaic virus","no"
"KM023145","KM023145.1","543876","Jatropha leaf curl virus","no"
"KF515622","KF515622.1","163654","Okra leaf curl virus","no"
"KF515621","KF515621.1","163654","Okra leaf curl virus","no"
"KF515620","KF515620.1","163654","Okra leaf curl virus","no"
"KJ939345","KJ939345.1","1544382","Synedrella leaf curl virus-[Portblair:Andaman]","no"
"HE806450","HE806450.1","564944","Tomato yellow distortion leaf virus","no"
"HE806448","HE806448.1","1093958","Sida yellow mottle virus","no"
"HE806444","HE806444.1","1188810","Sida golden mosaic Liguanea virus","no"
"HE806442","HE806442.1","223314","Sida golden mosaic Florida virus","no"
"HE806440","HE806440.1","564944","Tomato yellow distortion leaf virus","no"
"HE806438","HE806438.1","564944","Tomato yellow distortion leaf virus","no"
"KJ888099","KJ888099.1","10817","African cassava mosaic virus","no"
"KJ888078","KJ888078.1","223262","East African cassava mosaic Cameroon virus","no"
"KJ888003","KJ888003.1","63723","South African cassava mosaic virus","no"
"KJ888000","KJ888000.1","63723","South African cassava mosaic virus","no"
"KJ887996","KJ887996.1","63723","South African cassava mosaic virus","no"
"KJ887991","KJ887991.1","63723","South African cassava mosaic virus","no"
"KJ887981","KJ887981.1","63723","South African cassava mosaic virus","no"
"KJ887974","KJ887974.1","10817","African cassava mosaic virus","no"
"KJ887938","KJ887938.1","223262","East African cassava mosaic Cameroon virus","no"
"KJ887800","KJ887800.1","10817","African cassava mosaic virus","no"
"KJ887765","KJ887765.1","10817","African cassava mosaic virus","no"
"KJ628309","KJ628309.1","1504801","Bhendi yellow vein Haryana virus","no"
"KJ957157","KJ957157.1","83839","Pepper leaf curl virus","no"
"KF704391","KF704391.2","326811","Clerodendron yellow mosaic virus","no"
"KF704392","KF704392.1","326811","Clerodendron yellow mosaic virus","no"
"KJ862841","KJ862841.1","1513489","Bitter gourd yellow vein virus","no"
"GQ478342","GQ478342.1","875323","Rose leaf curl virus","no"
"KJ850342","KJ850342.1","196093","Tomato leaf curl Taiwan virus","no"
"JQ911767","JQ911767.1","188333","Ageratum enation virus","no"
"KM244719","KM244719.1","1532882","Coccinia mosaic Tamil Nadu virus","no"
"KF225312","KF225312.1","10832","Tomato yellow leaf curl virus","no"
"KJ739692","KJ739692.1","875323","Rose leaf curl virus","no"
"KJ742421","KJ742421.1","932070","Sida mosaic Bolivia virus 2","no"
"KF661331","KF661331.1","1490227","Jacquemontia yellow mosaic virus","no"
"HM585445","HM585445.1","932071","Abutilon mosaic Bolivia virus","no"
"HM585443","HM585443.1","932070","Sida mosaic Bolivia virus 2","no"
"HM585441","HM585441.1","932069","Sida mosaic Bolivia virus 1","no"
"FJ222587","FJ222587.1","565052","Tobacco yellow crinkle virus","no"
"FJ213931","FJ213931.1","565052","Tobacco yellow crinkle virus","no"
"EU822322","EU822322.1","449400","Kenaf leaf curl virus","no"
"FJ969831","FJ969831.1","1513528","Sweet potato mosaic virus","no"
"KJ592721","KJ592721.1","932073","Solanum mosaic Bolivia virus","no"
"KJ649706","KJ649706.1","577124","Chilli leaf curl India virus","no"
"KF429251","KF429251.1","1428190","Hedyotis uncinella yellow mosaic virus","no"
"KJ524905","KJ524905.1","377609","Tomato leaf curl Guangxi virus","no"
"KF260968","KF260968.1","1498504","Tomato leaf curl Barka virus","no"
"KF260966","KF260966.1","1498504","Tomato leaf curl Barka virus","no"
"KF260965","KF260965.1","1498504","Tomato leaf curl Barka virus","no"
"KF927128","KF927128.2","1225069","Pouzolzia golden mosaic virus","no"
"KJ481204","KJ481204.1","333968","Dolichos yellow mosaic virus","no"
"KC898544","KC898544.1","1383052","Hemidesmus yellow mosaic virus","no"
"KC898543","KC898543.1","1383052","Hemidesmus yellow mosaic virus","no"
"KC769819","KC769819.1","1387160","Pepper leafroll virus","no"
"KF584008","KF584008.2","875323","Rose leaf curl virus","no"
"KC476655","KC476655.1","875324","Eclipta yellow vein virus","no"
"KJ174333","KJ174333.1","75574","Jatropha mosaic virus","no"
"KJ174332","KJ174332.1","75574","Jatropha mosaic virus","no"
"KJ174330","KJ174330.1","75574","Jatropha mosaic virus","no"
"KC202818","KC202818.1","1317107","Allamanda leaf mottle distortion virus","no"
"KF111686","KF111686.1","1303385","Tomato leaf curl Liwa virus","no"
"KF111685","KF111685.1","1303385","Tomato leaf curl Liwa virus","no"
"KF111684","KF111684.1","1303385","Tomato leaf curl Liwa virus","no"
"HF912280","HF912280.1","1303385","Tomato leaf curl Liwa virus","no"
"KJ125411","KJ125411.1","10832","Tomato yellow leaf curl virus","no"
"AM048837","AM048837.1","1195641","Sida yellow mosaic China virus","no"
"AJ810096","AJ810096.1","1195641","Sida yellow mosaic China virus","no"
"KJ016236","KJ016236.1","377610","Malvastrum leaf curl Guangdong virus","no"
"KF912950","KF912950.1","377610","Malvastrum leaf curl Guangdong virus","no"
"KF040468","KF040468.1","1392388","Sweet potato leaf curl Shanghai virus","no"
"KF998097","KF998097.1","75574","Jatropha mosaic virus","no"
"KC952005","KC952005.1","1384631","Tomato leaf curl Gandhinagar virus","no"
"KJ016240","KJ016240.1","498803","Emilia yellow vein virus","no"
"KJ016239","KJ016239.1","202567","Ageratum yellow vein China virus","no"
"KJ016237","KJ016237.1","377462","Malvastrum yellow mosaic virus","no"
"KJ016233","KJ016233.1","377462","Malvastrum yellow mosaic virus","no"
"KF999982","KF999982.1","377462","Malvastrum yellow mosaic virus","no"
"KF990601","KF990601.1","390441","Sida yellow vein Vietnam virus","no"
"KF898349","KF898349.1","161378","Sri Lankan cassava mosaic virus","no"
"JQ954859","JQ954859.1","53260","Papaya leaf curl virus","no"
"JN880419","JN880419.1","884610","Pepper leaf curl Lahore virus","no"
"KF766951","KF766951.1","223252","Cotton leaf curl Multan virus","no"
"KF723259","KF723259.1","75574","Jatropha mosaic virus","no"
"KF663699","KF663699.1","220932","Tomato leaf curl Karnataka virus","no"
"KF660223","KF660223.1","1256523","Spinach yellow vein virus","no"
"JQ805781","JQ805781.1","1264782","Corchorus mottle virus","no"
"KF551587","KF551587.1","223347","Tomato leaf curl New Delhi virus","no"
"KF551578","KF551578.1","220932","Tomato leaf curl Karnataka virus","no"
"KF551577","KF551577.1","223347","Tomato leaf curl New Delhi virus","no"
"KF551575","KF551575.1","551531","Tomato leaf curl Kerala virus","no"
"KF358470","KF358470.1","1396815","Cotton chlorotic spot virus","no"
"KF499589","KF499589.1","371401","Siegesbeckia yellow vein virus","no"
"KF446669","KF446669.1","266799","Tomato yellow leaf curl Kanchanaburi virus","no"
"JX658685","JX658685.1","223264","East African cassava mosaic Malawi virus","no"
"JQ793786","JQ793786.1","1198134","Premna leaf curl virus","no"
"JX448368","JX448368.1","225752","Sweet potato leaf curl Georgia virus","no"
"JQ424826","JQ424826.1","223252","Cotton leaf curl Multan virus","no"
"KF184992","KF184992.1","223323","Squash leaf curl China virus","no"
"KF150142","KF150142.1","664980","Tomato leaf curl Hainan virus","no"
"JX311468","JX311468.1","309390","Tomato leaf curl Joydebpur virus","no"
"JX483704","JX483704.1","270146","Tomato leaf curl Sudan virus","no"
"KF040453","KF040453.1","1391746","Tomato yellow leaf curl Saudi virus","no"
"JX972142","JX972142.1","1329381","Tomato leaf curl China virus - OX2","no"
"JX972141","JX972141.1","1329380","Ageratum Yellow vein China virus - OX1","no"
"KC911718","KC911718.1","33726","Mungbean yellow mosaic virus","no"
"KC911717","KC911717.1","33726","Mungbean yellow mosaic virus","no"
"KC878473","KC878473.1","208177","Tomato leaf curl Vietnam virus","no"
"KC878472","KC878472.1","498803","Emilia yellow vein virus","no"
"JX416176","JX416176.1","28350","Tomato leaf curl virus","no"
"HF674921","HF674921.1","1290341","Tomato leaf curl Yunnan virus","no"
"HF674920","HF674920.1","1290341","Tomato leaf curl Yunnan virus","no"
"KC857511","KC857511.1","208177","Tomato leaf curl Vietnam virus","no"
"KC852148","KC852148.1","270117","Euphorbia leaf curl virus","no"
"KF218188","KF218188.1","435646","Radish leaf curl virus","no"
"JX183732","JX183732.1","1225069","Pouzolzia golden mosaic virus","no"
"KC818421","KC818421.1","188333","Ageratum enation virus","no"
"JX863082","JX863082.1","58177","Leonurus mosaic virus","no"
"JX863081","JX863081.1","58177","Leonurus mosaic virus","no"
"KC810890","KC810890.1","44560","Ageratum yellow vein virus","no"
"KC626021","KC626021.1","1336597","Tomato golden leaf spot virus","no"
"FM208838","FM208838.1","223287","Mungbean yellow mosaic India virus","no"
"FM208835","FM208835.1","223287","Mungbean yellow mosaic India virus","no"
"KC791691","KC791691.1","858512","Tomato bright yellow mottle virus","no"
"KC791690","KC791690.1","1340746","Tomato bright yellow mosaic virus","no"
"KC683374","KC683374.1","58177","Leonurus mosaic virus","no"
"JQ429791","JQ429791.1","58177","Leonurus mosaic virus","no"
"KC686708","KC686708.1","1335768","Tomato yellow leaf curl Yunnan virus","no"
"KC686707","KC686707.1","1335768","Tomato yellow leaf curl Yunnan virus","no"
"KC577540","KC577540.1","1333313","Malvastrum leaf curl Philippines virus","no"
"JX415202","JX415202.1","158463","Tomato severe rugose virus","no"
"JX415195","JX415195.1","228897","Sida micrantha mosaic virus","no"
"JX415194","JX415194.1","228897","Sida micrantha mosaic virus","no"
"KC706645","KC706645.1","55216","Tomato yellow vein streak virus","no"
"KC706643","KC706643.1","55216","Tomato yellow vein streak virus","no"
"KC706642","KC706642.1","55216","Tomato yellow vein streak virus","no"
"KC706637","KC706637.1","55216","Tomato yellow vein streak virus","no"
"KC706629","KC706629.1","55216","Tomato yellow vein streak virus","no"
"KC706628","KC706628.1","365523","Tomato yellow spot virus","no"
"KC706611","KC706611.1","536086","Tomato mild mosaic virus","no"
"KC706610","KC706610.1","536086","Tomato mild mosaic virus","no"
"KC706608","KC706608.1","536086","Tomato mild mosaic virus","no"
"KC706607","KC706607.1","536086","Tomato mild mosaic virus","no"
"KC706605","KC706605.1","536085","Tomato leaf distortion virus","no"
"KC706586","KC706586.1","536084","Tomato common mosaic virus","no"
"KC706578","KC706578.1","536084","Tomato common mosaic virus","no"
"KC706577","KC706577.1","536084","Tomato common mosaic virus","no"
"KC706574","KC706574.1","536084","Tomato common mosaic virus","no"
"KC706560","KC706560.1","172391","Tomato chlorotic mottle virus","no"
"KC706555","KC706555.1","172391","Tomato chlorotic mottle virus","no"
"KC706551","KC706551.1","172391","Tomato chlorotic mottle virus","no"
"KC706541","KC706541.1","172391","Tomato chlorotic mottle virus","no"
"KC706539","KC706539.1","536083","Sida yellow leaf curl virus","no"
"KC706538","KC706538.1","536083","Sida yellow leaf curl virus","no"
"KC706531","KC706531.1","536082","Sida common mosaic virus","no"
"KC706521","KC706521.1","536081","Blainvillea yellow spot virus","no"
"KC706518","KC706518.1","536081","Blainvillea yellow spot virus","no"
"KC706517","KC706517.1","536081","Blainvillea yellow spot virus","no"
"KC706516","KC706516.1","536081","Blainvillea yellow spot virus","no"
"JX501508","JX501508.1","681518","Tomato leaf deformation virus","no"
"JX501506","JX501506.1","681518","Tomato leaf deformation virus","no"
"JX501505","JX501505.1","681518","Tomato leaf deformation virus","no"
"JX501503","JX501503.1","681518","Tomato leaf deformation virus","no"
"JX501502","JX501502.1","681518","Tomato leaf deformation virus","no"
"KC426927","KC426927.1","2049955","Capraria yellow spot virus","no"
"HE793428","HE793428.1","912034","Okra leaf curl Cameroon virus","no"
"HE793427","HE793427.1","912034","Okra leaf curl Cameroon virus","no"
"HE793426","HE793426.1","912034","Okra leaf curl Cameroon virus","no"
"HE793425","HE793425.1","401040","Okra yellow crinkle virus","no"
"KC456161","KC456161.1","526476","Tomato leaf curl Palampur virus","no"
"KC508643","KC508643.1","761702","Soybean chlorotic blotch virus","no"
"KC508642","KC508642.1","761702","Soybean chlorotic blotch virus","no"
"JQ411026","JQ411026.1","435646","Radish leaf curl virus","no"
"HQ257375","HQ257375.1","435646","Radish leaf curl virus","no"
"KC430936","KC430936.1","1312724","Vigna yellow mosaic virus","no"
"KC430935","KC430935.1","1926117","Abutilon golden mosaic virus","no"
"JQ012790","JQ012790.2","619631","Pedilanthus leaf curl virus","no"
"JN848770","JN848770.1","1227354","Bean chlorosis virus","no"
"KC223600","KC223600.1","1297645","Corchorus yellow vein mosaic virus","no"
"KC196077","KC196077.1","1297645","Corchorus yellow vein mosaic virus","no"
"KC172827","KC172827.1","300411","Lindernia anagallis yellow vein virus","no"
"HW047029","HW047029.1","92963","Tomato severe leaf curl virus","no"
"HW047028","HW047028.1","92963","Tomato severe leaf curl virus","no"
"HW047027","HW047027.1","92963","Tomato severe leaf curl virus","no"
"HW047026","HW047026.1","92963","Tomato severe leaf curl virus","no"
"HW047023","HW047023.1","223347","Tomato leaf curl New Delhi virus","no"
"HW046942","HW046942.1","10832","Tomato yellow leaf curl virus","no"
"KC189891","KC189891.1","290030","Malvastrum yellow vein Yunnan virus","no"
"KC019306","KC019306.1","263793","Horsegram yellow mosaic virus","no"
"KC171652","KC171652.1","399387","Tomato leaf curl Hsinchu virus","no"
"KC171650","KC171650.1","399387","Tomato leaf curl Hsinchu virus","no"
"HE806427","HE806427.1","223275","East African cassava mosaic Zanzibar virus","no"
"KC149940","KC149940.1","290030","Malvastrum yellow vein Yunnan virus","no"
"KC149939","KC149939.1","290030","Malvastrum yellow vein Yunnan virus","no"
"JX871389","JX871389.1","536081","Blainvillea yellow spot virus","no"
"JX871388","JX871388.1","1266995","Sida mottle Alagoas virus","no"
"JX871383","JX871383.1","1266994","Sida yellow mosaic Alagoas virus","no"
"JX871382","JX871382.1","1266993","Sida yellow blotch virus","no"
"JX871381","JX871381.1","1266993","Sida yellow blotch virus","no"
"JX871380","JX871380.1","1266993","Sida yellow blotch virus","no"
"JX871378","JX871378.1","191460","Sida mottle virus","no"
"JX871377","JX871377.1","191460","Sida mottle virus","no"
"JX871376","JX871376.1","1266977","Sida yellow net virus","no"
"JX871375","JX871375.1","536086","Tomato mild mosaic virus","no"
"JX871372","JX871372.1","536082","Sida common mosaic virus","no"
"JX871371","JX871371.1","536082","Sida common mosaic virus","no"
"JX871370","JX871370.1","536082","Sida common mosaic virus","no"
"JX871369","JX871369.1","191463","Sida yellow mosaic virus","no"
"HE580234","HE580234.1","1076345","Catharanthus yellow mosaic virus","no"
"AY508993","AY508993.2","260909","Tomato yellow margin leaf curl virus","no"
"JN848777","JN848777.1","1227356","Dalechampia chlorotic mosaic virus","no"
"JN848775","JN848775.1","1227356","Dalechampia chlorotic mosaic virus","no"
"JN848773","JN848773.1","1227357","Datura leaf distortion virus","no"
"JX122965","JX122965.1","1221206","Soybean chlorotic spot virus","no"
"JX025360","JX025360.1","1213406","Jatropha mosaic Nigeria virus","no"
"JX025359","JX025359.1","1213406","Jatropha mosaic Nigeria virus","no"
"JX025358","JX025358.1","1213406","Jatropha mosaic Nigeria virus","no"
"EU914819","EU914819.1","619599","Okra mottle virus","no"
"EU914817","EU914817.1","619599","Okra mottle virus","no"
"JX513952","JX513952.1","365523","Tomato yellow spot virus","no"
"JX865649","JX865649.1","158463","Tomato severe rugose virus","no"
"JX865624","JX865624.1","158463","Tomato severe rugose virus","no"
"KC004123","KC004123.1","1129034","Macroptilium yellow spot virus","no"
"KC004107","KC004107.1","1129034","Macroptilium yellow spot virus","no"
"KC004097","KC004097.1","1129034","Macroptilium yellow spot virus","no"
"KC004080","KC004080.1","158463","Tomato severe rugose virus","no"
"KC004076","KC004076.1","158463","Tomato severe rugose virus","no"
"JN135234","JN135234.2","884610","Pepper leaf curl Lahore virus","no"
"HE659517","HE659517.1","1141722","Tomato leaf curl Togo virus","no"
"HE659516","HE659516.1","693894","Tomato leaf curl Cameroon virus","no"
"JN663870","JN663870.1","83839","Pepper leaf curl virus","no"
"JN663861","JN663861.1","1219878","Pepper leaf curl Varanasi virus","no"
"JN663853","JN663853.1","1000670","Pepper leaf curl Bangladesh virus-India","no"
"JN663850","JN663850.1","1219877","Croton yellow vein mosaic virus-India","no"
"KC176780","KC176780.1","86502","Tomato yellow mottle virus","no"
"FJ539014","FJ539014.1","390437","Kudzu mosaic virus","no"
"AB178949","AB178949.1","1233675","Honeysuckle yellow vein Kagoshima virus","no"
"JX910240","JX910240.1","62079","East African cassava mosaic virus","no"
"JX857693","JX857693.1","1002681","Sida golden mosaic Lara virus","no"
"JX857691","JX857691.1","1264880","Sida ciliaris golden mosaic virus","no"
"JQ305797","JQ305797.1","559878","Clerodendrum golden mosaic China virus","no"
"JN688725","JN688725.1","223301","Pepper golden mosaic virus","no"
"JF909144","JF909144.1","393599","East African cassava mosaic Kenya virus","no"
"JF909131","JF909131.1","62079","East African cassava mosaic virus","no"
"JF909123","JF909123.1","393599","East African cassava mosaic Kenya virus","no"
"JF909112","JF909112.1","393599","East African cassava mosaic Kenya virus","no"
"JF909096","JF909096.1","62079","East African cassava mosaic virus","no"
"JN859138","JN859138.1","232380","Tomato yellow leaf curl Axarquia virus","no"
"JN859137","JN859137.1","219744","Tomato yellow leaf curl Malaga virus","no"
"JN859136","JN859136.1","123735","Tomato yellow leaf curl Sardinia virus","no"
"JN859135","JN859135.1","219744","Tomato yellow leaf curl Malaga virus","no"
"JX678965","JX678965.1","1256868","Sunflower leaf curl virus","no"
"JX679256","JX679256.1","290030","Malvastrum yellow vein Yunnan virus","no"
"HQ393477","HQ393477.1","994388","Sweet potato leaf curl Sao Paulo virus","no"
"HQ393473","HQ393473.1","100755","Sweet potato leaf curl virus","no"
"HQ393458","HQ393458.1","652717","Sweet potato leaf curl Spain virus","no"
"HQ393457","HQ393457.1","688540","Sweet potato golden vein associated virus","no"
"HQ393454","HQ393454.1","688540","Sweet potato golden vein associated virus","no"
"HQ393452","HQ393452.1","688540","Sweet potato golden vein associated virus","no"
"HQ393451","HQ393451.1","100755","Sweet potato leaf curl virus","no"
"HQ393448","HQ393448.1","652717","Sweet potato leaf curl Spain virus","no"
"HQ393444","HQ393444.1","688540","Sweet potato golden vein associated virus","no"
"HQ393443","HQ393443.1","100755","Sweet potato leaf curl virus","no"
"JX827487","JX827487.1","1246650","Blechum interveinal chlorosis virus","no"
"JX524173","JX524173.1","884610","Pepper leaf curl Lahore virus","no"
"HM368371","HM368371.1","35341","Watermelon chlorotic stunt virus","no"
"JQ326265","JQ326265.1","908023","Bhendi yellow vein India virus","no"
"JX270684","JX270684.1","207697","Croton yellow vein mosaic virus","no"
"HM585431","HM585431.1","228897","Sida micrantha mosaic virus","no"
"JX294076","JX294076.1","371401","Siegesbeckia yellow vein virus","no"
"AY927277","AY927277.1","1124577","Tomato mild yellow leaf curl Aragua virus","no"
"JX244174","JX244174.1","33726","Mungbean yellow mosaic virus","no"
"JN676150","JN676150.1","240492","Tomato chino La Paz virus","no"
"FJ218485","FJ218485.1","509532","Gossypium punctatum mild leaf curl virus","no"
"JX162595","JX162595.1","1513521","Sida golden mosaic Braco virus","no"
"JX162594","JX162594.1","1513521","Sida golden mosaic Braco virus","no"
"JX162591","JX162591.1","1513525","Sida golden mosaic Buckup virus","no"
"JX467693","JX467693.1","180526","Tobacco curly shoot virus","no"
"JX128096","JX128096.1","196093","Tomato leaf curl Taiwan virus","no"
"HM368373","HM368373.1","10829","Squash leaf curl virus","no"
"JQ963887","JQ963887.1","77811","Euphorbia mosaic virus","no"
"HE863667","HE863667.2","326811","Clerodendron yellow mosaic virus","no"
"HM590505","HM590505.1","1046297","Bhendi yellow vein mosaic Maharashtra virus","no"
"HM590503","HM590503.1","1046297","Bhendi yellow vein mosaic Maharashtra virus","no"
"FJ944019","FJ944019.1","714308","Rhynchosia mild mosaic virus","no"
"JQ821386","JQ821386.1","1198450","Jacquemontia mosaic Yucatan virus","no"
"JF736657","JF736657.1","1198219","Sweet potato leaf curl China virus","no"
"JN381825","JN381825.1","1162280","Tomato rugose yellow leaf curl virus","no"
"JN381823","JN381823.1","1162280","Tomato rugose yellow leaf curl virus","no"
"JN381821","JN381821.1","1162280","Tomato rugose yellow leaf curl virus","no"
"JN381819","JN381819.1","1162280","Tomato rugose yellow leaf curl virus","no"
"JN564749","JN564749.1","1195378","Tomato dwarf leaf virus","no"
"GU112076","GU112076.1","120168","Bhendi yellow vein mosaic virus","no"
"GU112064","GU112064.1","120168","Bhendi yellow vein mosaic virus","no"
"GU112053","GU112053.1","908023","Bhendi yellow vein India virus","no"
"GU112030","GU112030.1","908023","Bhendi yellow vein India virus","no"
"GU112022","GU112022.1","908023","Bhendi yellow vein India virus","no"
"GU112012","GU112012.1","908023","Bhendi yellow vein India virus","no"
"GU112010","GU112010.1","908123","Okra leaf curl India virus","no"
"GU112007","GU112007.1","120168","Bhendi yellow vein mosaic virus","no"
"GU112004","GU112004.1","222456","Cotton leaf curl Alabad virus","no"
"GU112003","GU112003.1","307110","Cotton leaf curl Bangalore virus","no"
"FJ515747","FJ515747.1","1088661","Bhendi yellow vein Delhi virus","no"
"JQ654463","JQ654463.1","309390","Tomato leaf curl Joydebpur virus","no"
"JF509748","JF509748.1","223259","Cotton leaf curl Rajasthan virus","no"
"JF510459","JF510459.1","620894","Cotton leaf curl Burewala virus","no"
"JF502360","JF502360.1","620894","Cotton leaf curl Burewala virus","no"
"JF502353","JF502353.1","620894","Cotton leaf curl Burewala virus","no"
"JQ425075","JQ425075.1","649996","Tomato yellow leaf distortion virus","no"
"HQ158010","HQ158010.1","53010","Cotton leaf curl virus","no"
"HM037920","HM037920.1","53010","Cotton leaf curl virus","no"
"FJ174698","FJ174698.1","649996","Tomato yellow leaf distortion virus","no"
"HM007117","HM007117.1","1000675","Tomato leaf curl Joydebpur virus-India","no"
"HM007116","HM007116.1","577124","Chilli leaf curl India virus","no"
"HM007114","HM007114.1","577124","Chilli leaf curl India virus","no"
"HM007111","HM007111.1","1000670","Pepper leaf curl Bangladesh virus-India","no"
"HM007109","HM007109.1","1000675","Tomato leaf curl Joydebpur virus-India","no"
"HM007106","HM007106.1","2050930","Chilli leaf curl Kanpur virus","no"
"HM007102","HM007102.1","1000675","Tomato leaf curl Joydebpur virus-India","no"
"HM007101","HM007101.1","1000670","Pepper leaf curl Bangladesh virus-India","no"
"HM007100","HM007100.1","1000666","Chilli leaf curl Multan virus-India [India/Guntur/2009]","no"
"HM007098","HM007098.1","1000675","Tomato leaf curl Joydebpur virus-India","no"
"HM007097","HM007097.1","1000670","Pepper leaf curl Bangladesh virus-India","no"
"HM007095","HM007095.1","1000675","Tomato leaf curl Joydebpur virus-India","no"
"HM007094","HM007094.1","1000681","Tomato leaf curl Karnataka virus-India [India/Banglore/Chilli/2008]","no"
"JF803259","JF803259.1","296190","Tomato golden vein virus","no"
"JF803258","JF803258.1","296190","Tomato golden vein virus","no"
"JF803257","JF803257.1","296190","Tomato golden vein virus","no"
"JF803256","JF803256.1","296190","Tomato golden vein virus","no"
"JF803255","JF803255.1","296190","Tomato golden vein virus","no"
"JF803253","JF803253.1","1089387","Tomato interveinal chlorosis virus","no"
"JF803252","JF803252.1","1089387","Tomato interveinal chlorosis virus","no"
"JF803249","JF803249.1","172394","Tomato mottle leaf curl virus","no"
"JF803248","JF803248.1","172394","Tomato mottle leaf curl virus","no"
"JF803247","JF803247.1","172394","Tomato mottle leaf curl virus","no"
"JQ247188","JQ247188.1","498803","Emilia yellow vein virus","no"
"JF694482","JF694482.1","1046572","Abutilon mosaic Brazil virus","no"
"JF694481","JF694481.1","1046572","Abutilon mosaic Brazil virus","no"
"JF694480","JF694480.1","1046572","Abutilon mosaic Brazil virus","no"
"JF694472","JF694472.1","1046571","Sida mosaic Alagoas virus","no"
"JF694471","JF694471.1","1046571","Sida mosaic Alagoas virus","no"
"HM357456","HM357456.2","858511","Tomato golden leaf distortion virus","no"
"JN419021","JN419021.1","1129035","Macroptilium yellow vein virus","no"
"JN419002","JN419002.1","1129032","Centrosema yellow spot virus","no"
"JN418998","JN418998.1","1129033","Macroptilium yellow net virus","no"
"HE617299","HE617299.1","1125764","Cassava mosaic Madagascar virus","no"
"AY271895","AY271895.1","223287","Mungbean yellow mosaic India virus","no"
"AY090558","AY090558.1","191463","Sida yellow mosaic virus","no"
"AY090555","AY090555.1","191460","Sida mottle virus","no"
"AY036009","AY036009.1","199587","Hollyhock leaf crumple virus","no"
"JF501725","JF501725.1","526476","Tomato leaf curl Palampur virus","no"
"JF501723","JF501723.1","526476","Tomato leaf curl Palampur virus","no"
"JF501720","JF501720.1","526476","Tomato leaf curl Palampur virus","no"
"FN645932","FN645932.1","620894","Cotton leaf curl Burewala virus","no"
"FN645926","FN645926.1","207697","Croton yellow vein mosaic virus","no"
"HQ896201","HQ896201.1","77811","Euphorbia mosaic virus","no"
"HQ822123","HQ822123.1","1093958","Sida yellow mottle virus","no"
"JF265670","JF265670.1","1001341","Vernonia yellow vein Fujian virus","no"
"FJ685621","FJ685621.1","1513530","Tomato leaf curl Nigeria virus","no"
"FJ685620","FJ685620.1","548915","Tomato leaf curl Kumasi virus","no"
"JN676053","JN676053.1","938276","Tomato leaf curl Ranchi virus","no"
"JN703795","JN703795.1","53260","Papaya leaf curl virus","no"
"FR873230","FR873230.1","912033","Ageratum leaf curl Cameroon virus","no"
"FR873229","FR873229.1","912033","Ageratum leaf curl Cameroon virus","no"
"FR717144","FR717144.1","912033","Ageratum leaf curl Cameroon virus","no"
"JN692494","JN692494.1","31600","Indian cassava mosaic virus","no"
"JN817516","JN817516.1","207697","Croton yellow vein mosaic virus","no"
"JN678805","JN678805.1","620894","Cotton leaf curl Burewala virus","no"
"JN368145","JN368145.1","1124577","Tomato mild yellow leaf curl Aragua virus","no"
"JN809827","JN809827.1","1130981","Sauropus leaf curl virus","no"
"JN809826","JN809826.1","44560","Ageratum yellow vein virus","no"
"JN809825","JN809825.1","1130981","Sauropus leaf curl virus","no"
"JN809822","JN809822.1","1130981","Sauropus leaf curl virus","no"
"JN809819","JN809819.1","1130981","Sauropus leaf curl virus","no"
"FR772082","FR772082.1","163655","Hollyhock leaf curl virus","no"
"FR772081","FR772081.1","944994","Hollyhock yellow vein mosaic virus","no"
"JF694490","JF694490.1","10831","Tomato golden mosaic virus","no"
"JF694488","JF694488.1","10831","Tomato golden mosaic virus","no"
"JN103435","JN103435.1","666144","Cleome leaf crumple virus","no"
"JN103432","JN103432.1","666144","Cleome leaf crumple virus","no"
"JN103430","JN103430.1","666144","Cleome leaf crumple virus","no"
"JN103427","JN103427.1","666144","Cleome leaf crumple virus","no"
"HQ201952","HQ201952.1","1077859","Tomato chlorotic leaf distortion virus","no"
"JF682838","JF682838.1","371401","Siegesbeckia yellow vein virus","no"
"JF746195","JF746195.1","269277","Squash leaf curl Philippines virus","no"
"JN053440","JN053440.1","62079","East African cassava mosaic virus","no"
"JN241632","JN241632.1","1077859","Tomato chlorotic leaf distortion virus","no"
"JF496657","JF496657.1","31600","Indian cassava mosaic virus","no"
"HE580235","HE580235.1","1076345","Catharanthus yellow mosaic virus","no"
"JN082239","JN082239.1","222475","Malvastrum yellow vein virus","no"
"JN082236","JN082236.1","222475","Malvastrum yellow vein virus","no"
"JN082235","JN082235.1","222475","Malvastrum yellow vein virus","no"
"JN082234","JN082234.1","290030","Malvastrum yellow vein Yunnan virus","no"
"HQ180391","HQ180391.1","905054","Tobacco leaf curl Pusa virus","no"
"HQ009522","HQ009522.1","1188810","Sida golden mosaic Liguanea virus","no"
"HQ009521","HQ009521.1","1513521","Sida golden mosaic Braco virus","no"
"HQ008338","HQ008338.1","1513525","Sida golden mosaic Buckup virus","no"
"GQ478343","GQ478343.1","875324","Eclipta yellow vein virus","no"
"AM691745","AM691745.1","884610","Pepper leaf curl Lahore virus","no"
"FR851300","FR851300.1","10827","Potato yellow mosaic virus","no"
"FR851299","FR851299.1","10827","Potato yellow mosaic virus","no"
"FR873228","FR873228.1","501328","Tomato leaf curl Ghana virus","no"
"FN401520","FN401520.1","417287","Crassocephalum yellow vein virus","no"
"FR751145","FR751145.1","222459","Cotton leaf curl Gezira virus","no"
"HM777509","HM777509.1","935473","Rhynchosia yellow mosaic India virus","no"
"HM777508","HM777508.1","935473","Rhynchosia yellow mosaic India virus","no"
"HQ333144","HQ333144.1","999288","Sweet potato leaf curl South Carolina virus","no"
"HQ333143","HQ333143.1","688540","Sweet potato golden vein associated virus","no"
"FN543112","FN543112.1","671095","Croton yellow vein virus","no"
"HM859902","HM859902.1","1032481","Whitefly VEM 1 begomovirus","no"
"HM626516","HM626516.1","1032479","Chenopodium leaf curl virus [VEM]","no"
"HM626515","HM626515.1","1032478","Chenopodium leaf curl virus","no"
"FJ944023","FJ944023.1","714310","Bean yellow mosaic Mexico virus","no"
"FJ944021","FJ944021.1","714309","Merremia mosaic Puerto Rico virus","no"
"EU487048","EU487048.2","507475","Tomato leaf curl Cotabato virus","no"
"EU487047","EU487047.2","507475","Tomato leaf curl Cotabato virus","no"
"EU487043","EU487043.2","507474","Tomato leaf curl Cebu virus","no"
"EU487036","EU487036.2","96054","Tomato leaf curl Philippines virus","no"
"EU487029","EU487029.2","96054","Tomato leaf curl Philippines virus","no"
"EU487028","EU487028.2","96054","Tomato leaf curl Philippines virus","no"
"EU487046","EU487046.1","507476","Tomato leaf curl Mindanao virus","no"
"EU487044","EU487044.1","507474","Tomato leaf curl Cebu virus","no"
"EU487042","EU487042.1","507474","Tomato leaf curl Cebu virus","no"
"EU487041","EU487041.1","269277","Squash leaf curl Philippines virus","no"
"EU487035","EU487035.1","96054","Tomato leaf curl Philippines virus","no"
"EU487033","EU487033.1","269277","Squash leaf curl Philippines virus","no"
"EU487031","EU487031.1","223323","Squash leaf curl China virus","no"
"EU487025","EU487025.1","507474","Tomato leaf curl Cebu virus","no"
"FN794201","FN794201.1","188333","Ageratum enation virus","no"
"AJ865339","AJ865339.1","302099","Tomato leaf curl Madagascar virus","no"
"HQ396465","HQ396465.1","858517","Cleome golden mosaic virus","no"
"HQ317134","HQ317134.1","390438","Clerodendron golden mosaic virus","no"
"AJ865338","AJ865338.1","302099","Tomato leaf curl Madagascar virus","no"
"AM701764","AM701764.1","439421","Tomato leaf curl Namakely virus","no"
"AM701761","AM701761.1","439421","Tomato leaf curl Namakely virus","no"
"AM701759","AM701759.1","997078","Tomato leaf curl Comoros virus","no"
"FN600540","FN600540.1","439421","Tomato leaf curl Namakely virus","no"
"AJ865341","AJ865341.1","997078","Tomato leaf curl Comoros virus","no"
"FM876848","FM876848.1","260378","Pepper yellow vein Mali virus","no"
"HM585435","HM585435.1","932073","Solanum mosaic Bolivia virus","no"
"EF591125","EF591125.1","450633","Sweet potato begomovirus","no"
"HQ171986","HQ171986.1","1077859","Tomato chlorotic leaf distortion virus","no"
"HQ698591","HQ698591.1","435646","Radish leaf curl virus","no"
"HQ162271","HQ162271.1","390437","Kudzu mosaic virus","no"
"HQ162270","HQ162270.1","971271","Tomato leaf curl Hanoi virus","no"
"HQ162269","HQ162269.1","664980","Tomato leaf curl Hainan virus","no"
"HQ162268","HQ162268.1","664980","Tomato leaf curl Hainan virus","no"
"HM357461","HM357461.3","858516","Chino del tomate Amazonas virus","no"
"HM357458","HM357458.2","858513","Sidastrum golden leaf spot virus","no"
"FR751068","FR751068.1","1513527","Sweet potato leaf curl Uganda virus","no"
"HQ588901","HQ588901.1","10815","Abutilon mosaic virus","no"
"HQ588900","HQ588900.1","10815","Abutilon mosaic virus","no"
"GU323321","GU323321.1","263793","Horsegram yellow mosaic virus","no"
"GQ994095","GQ994095.1","938276","Tomato leaf curl Ranchi virus","no"
"HQ116414","HQ116414.1","327280","Okra yellow mosaic Mexico virus","no"
"HQ020409","HQ020409.1","327280","Okra yellow mosaic Mexico virus","no"
"EF456746","EF456746.2","574890","Sweet potato leaf curl Lanzarote virus","no"
"EF456745","EF456745.2","652718","Sweet potato leaf curl Canary virus","no"
"EF456743","EF456743.2","652717","Sweet potato leaf curl Spain virus","no"
"EF456741","EF456741.2","652717","Sweet potato leaf curl Spain virus","no"
"EU839579","EU839579.2","574890","Sweet potato leaf curl Lanzarote virus","no"
"EU839578","EU839578.2","653358","Ipomoea yellow vein virus","no"
"EU839577","EU839577.2","653358","Ipomoea yellow vein virus","no"
"EU839576","EU839576.2","653358","Ipomoea yellow vein virus","no"
"EU856365","EU856365.2","652718","Sweet potato leaf curl Canary virus","no"
"FJ151200","FJ151200.2","652717","Sweet potato leaf curl Spain virus","no"
"FR717137","FR717137.1","912034","Okra leaf curl Cameroon virus","no"
"GQ357649","GQ357649.1","51034","Sida golden mosaic virus","no"
"EU874386","EU874386.1","229634","Papaya leaf curl China virus","no"
"EF428256","EF428256.1","360579","Mesta yellow vein mosaic virus","no"
"EF165536","EF165536.1","417287","Crassocephalum yellow vein virus","no"
"FN256261","FN256261.2","664980","Tomato leaf curl Hainan virus","no"
"FN434083","FN434083.1","664980","Tomato leaf curl Hainan virus","no"
"DQ519575","DQ519575.1","392761","Tomato leaf curl Arusha virus","no"
"HI647379","HI647379.1","223301","Pepper golden mosaic virus","no"
"HI647376","HI647376.1","223303","Pepper huasteco yellow vein virus","no"
"HI647351","HI647351.1","223347","Tomato leaf curl New Delhi virus","no"
"HM236370","HM236370.1","1513520","Rhynchosia rugose golden mosaic virus","no"
"EF016486","EF016486.1","408136","Soybean blistering mosaic virus","no"
"AY795900","AY795900.1","300411","Lindernia anagallis yellow vein virus","no"
"AM491590","AM491590.1","1513489","Bitter gourd yellow vein virus","no"
"EU734832","EU734832.1","604277","TYLCAxV-Sic2-[IT:Sic2/5:04]","no"
"EU734831","EU734831.1","232380","Tomato yellow leaf curl Axarquia virus","no"
"GU170806","GU170806.1","28350","Tomato leaf curl virus","no"
"HM587709","HM587709.1","341712","Chili leaf curl Pakistan virus","no"
"HM359015","HM359015.1","223314","Sida golden mosaic Florida virus","no"
"HM003779","HM003779.1","223314","Sida golden mosaic Florida virus","no"
"HM230683","HM230683.1","1034067","Jatropha mosaic India virus","no"
"AM491589","AM491589.1","884610","Pepper leaf curl Lahore virus","no"
"U77963","U77963.1","223314","Sida golden mosaic Florida virus","no"
"FN552003","FN552003.1","674996","Cotton leaf curl Shadadpur virus","no"
"FN552002","FN552002.1","674996","Cotton leaf curl Shadadpur virus","no"
"EF199774","EF199774.1","420853","Squash leaf curl Philippines virus -[Taiwan]","no"
"HM164549","HM164549.1","67762","Tobacco leaf curl virus","no"
"HM164541","HM164541.1","67762","Tobacco leaf curl virus","no"
"EF501976","EF501976.1","223342","Tomato golden mottle virus","no"
"AJ488768","AJ488768.2","196691","Tobacco leaf rugose virus","no"
"FJ237619","FJ237619.1","634441","Tomato leaf curl Sulawesi virus","no"
"FJ237618","FJ237618.1","634441","Tomato leaf curl Sulawesi virus","no"
"FJ237616","FJ237616.1","634441","Tomato leaf curl Sulawesi virus","no"
"FJ237615","FJ237615.1","634441","Tomato leaf curl Sulawesi virus","no"
"FJ237614","FJ237614.1","634441","Tomato leaf curl Sulawesi virus","no"
"EU862323","EU862323.1","575917","Tomato leaf curl Patna virus","no"
"EU847740","EU847740.1","260377","Tomato yellow leaf curl Mali virus","no"
"EU847739","EU847739.1","548915","Tomato leaf curl Kumasi virus","no"
"EU350585","EU350585.1","501328","Tomato leaf curl Ghana virus","no"
"AF511530","AF511530.1","266799","Tomato yellow leaf curl Kanchanaburi virus","no"
"AM774303","AM774303.1","222464","Cotton leaf curl Kokhran virus","no"
"AM774299","AM774299.1","222464","Cotton leaf curl Kokhran virus","no"
"AM774298","AM774298.1","222464","Cotton leaf curl Kokhran virus","no"
"HM163576","HM163576.1","180399","Melon chlorotic mosaic virus","no"
"FJ807782","FJ807782.1","77811","Euphorbia mosaic virus","no"
"GQ245760","GQ245760.1","163654","Okra leaf curl virus","no"
"HM448898","HM448898.1","449400","Kenaf leaf curl virus","no"
"AM182232","AM182232.2","367061","Vernonia yellow vein virus","no"
"AY730035","AY730035.2","31600","Indian cassava mosaic virus","no"
"AY602165","AY602165.1","400835","Tomato leaf curl Guangdong virus","no"
"AY502936","AY502936.1","260379","Tomato leaf curl Mali virus","no"
"AY339619","AY339619.1","240492","Tomato chino La Paz virus","no"
"AF509743","AF509743.1","223323","Squash leaf curl China virus","no"
"AF509741","AF509741.1","223323","Squash leaf curl China virus","no"
"AF261885","AF261885.2","128941","Tomato curly stunt virus","no"
"AF012300","AF012300.1","223358","Tomato mottle Taino virus","no"
"U51137","U51137.1","10815","Abutilon mosaic virus","no"
"L14460","L14460.1","10835","Tomato mottle virus","no"
"AB300463","AB300463.1","2080107","Eupatorium yellow vein virus","no"
"AB236323","AB236323.1","180587","Honeysuckle yellow vein mosaic virus","no"
"AB236321","AB236321.1","240865","Honeysuckle yellow vein virus","no"
"GQ472984","GQ472984.1","761701","Soybean mild mottle virus","no"
"GU997691","GU997691.1","759390","Sida golden mottle virus","no"
"FN806778","FN806778.1","449400","Kenaf leaf curl virus","no"
"FN806777","FN806777.1","449400","Kenaf leaf curl virus","no"
"GU990614","GU990614.1","327280","Okra yellow mosaic Mexico virus","no"
"GU990612","GU990612.1","327280","Okra yellow mosaic Mexico virus","no"
"AF350330","AF350330.1","223337","Tobacco leaf curl Zimbabwe virus","no"
"FN554523","FN554523.1","222459","Cotton leaf curl Gezira virus","no"
"FN554521","FN554521.1","222459","Cotton leaf curl Gezira virus","no"
"GU723747","GU723747.1","85752","Tomato yellow leaf curl Thailand virus","no"
"GU723737","GU723737.1","85752","Tomato yellow leaf curl Thailand virus","no"
"GU723733","GU723733.1","85752","Tomato yellow leaf curl Thailand virus","no"
"GU723720","GU723720.1","196093","Tomato leaf curl Taiwan virus","no"
"GU440580","GU440580.1","727987","Cotton leaf curl virus LKO-2","no"
"FN432356","FN432356.2","693892","Sweet potato leaf curl Bengal virus","no"
"AY044133","AY044133.1","223282","Macroptilium mosaic Puerto Rico virus","no"
"FJ712190","FJ712190.1","337826","Alternanthera yellow vein virus","no"
"EF544600","EF544600.1","222441","Ageratum yellow vein Taiwan virus","no"
"AF327902","AF327902.2","222441","Ageratum yellow vein Taiwan virus","no"
"AY618902","AY618902.1","69263","Cowpea golden mosaic virus","no"
"AY727903","AY727903.1","333361","Corchorus yellow vein virus","no"
"AY227892","AY227892.1","232380","Tomato yellow leaf curl Axarquia virus","no"
"AY339618","AY339618.1","240492","Tomato chino La Paz virus","no"
"AY297924","AY297924.1","270140","Tomato leaf curl Iran virus","no"
"AF509739","AF509739.1","207240","Luffa yellow mosaic virus","no"
"AF449192","AF449192.1","223282","Macroptilium mosaic Puerto Rico virus","no"
"AY044135","AY044135.1","223284","Macroptilium yellow mosaic Florida virus","no"
"AF490004","AF490004.1","172391","Tomato chlorotic mottle virus","no"
"AF421552","AF421552.1","223324","Squash mild leaf curl virus","no"
"AF326775","AF326775.1","225752","Sweet potato leaf curl Georgia virus","no"
"AF271234","AF271234.1","219744","Tomato yellow leaf curl Malaga virus","no"
"AF428255","AF428255.1","220608","Tomato leaf curl Bangalore virus","no"
"AF414287","AF414287.1","83839","Pepper leaf curl virus","no"
"AF325497","AF325497.1","165826","Melon chlorotic leaf curl virus","no"
"AF314144","AF314144.1","222079","Ageratum yellow vein Sri Lanka virus","no"
"AF327436","AF327436.1","223346","Tomato leaf curl Malaysia virus","no"
"AF224760","AF224760.2","134681","Cucurbit leaf crumple virus","no"
"AF291705","AF291705.1","134599","Tomato rugose mosaic virus","no"
"EU596959","EU596959.1","399387","Tomato leaf curl Hsinchu virus","no"
"EF194765","EF194765.1","309390","Tomato leaf curl Joydebpur virus","no"
"EF190217","EF190217.1","83839","Pepper leaf curl virus","no"
"DQ641708","DQ641708.1","325111","Ludwigia yellow vein virus","no"
"DQ641707","DQ641707.1","337823","Sida leaf curl virus","no"
"DQ641706","DQ641706.1","337823","Sida leaf curl virus","no"
"DQ641701","DQ641701.1","300411","Lindernia anagallis yellow vein virus","no"
"DQ641699","DQ641699.1","390444","Ludwigia yellow vein Vietnam virus","no"
"DQ641698","DQ641698.1","390443","Erectites yellow mosaic virus","no"
"DQ641697","DQ641697.1","390442","Tomato yellow leaf curl Vietnam virus","no"
"DQ641696","DQ641696.1","390441","Sida yellow vein Vietnam virus","no"
"DQ641695","DQ641695.1","390440","Mimosa yellow leaf curl virus","no"
"DQ641694","DQ641694.1","390439","Spilanthes yellow vein virus","no"
"DQ641692","DQ641692.1","390438","Clerodendron golden mosaic virus","no"
"DQ641690","DQ641690.1","390437","Kudzu mosaic virus","no"
"AF274349","AF274349.1","223352","Tomato leaf curl Sri Lanka virus","no"
"AF240674","AF240674.1","211866","Tobacco leaf curl Yunnan virus","no"
"AF226665","AF226665.1","47838","Chino del tomate virus","no"
"AF226664","AF226664.1","47838","Chino del tomate virus","no"
"AF139168","AF139168.1","94700","Dicliptera yellow mottle virus","no"
"AF195782","AF195782.1","223345","Tomato leaf curl Laos virus","no"
"U77964","U77964.1","223317","Sida golden yellow vein virus","no"
"AF029217","AF029217.1","69263","Cowpea golden mosaic virus","no"
"FJ972767","FJ972767.1","648801","Passionfruit severe leaf distortion virus","no"
"FM877858","FM877858.1","577124","Chilli leaf curl India virus","no"
"GU451249","GU451249.1","543876","Jatropha leaf curl virus","no"
"GU181356","GU181356.1","227137","Okra yellow vein mosaic virus","no"
"GQ355488","GQ355488.1","51673","Wissadula golden mosaic virus","no"
"GQ352453","GQ352453.1","457286","Rhynchosia golden mosaic Yucatan virus","no"
"FJ600482","FJ600482.2","376612","Malvastrum yellow mosaic Jamaica virus","no"
"FJ601917","FJ601917.2","376612","Malvastrum yellow mosaic Jamaica virus","no"
"AM494976","AM494976.1","429321","Melon leaf curl virus","no"
"GQ246940","GQ246940.1","208177","Tomato leaf curl Vietnam virus","no"
"GQ183868","GQ183868.1","579113","Sunn hemp leaf distortion virus","no"
"GQ183867","GQ183867.1","579113","Sunn hemp leaf distortion virus","no"
"GQ183863","GQ183863.1","390436","Corchorus golden mosaic virus","no"
"GQ169042","GQ169042.1","297249","Tomato yellow leaf curl Guangdong virus","no"
"FJ660441","FJ660441.1","526476","Tomato leaf curl Palampur virus","no"
"FJ686695","FJ686695.1","619599","Okra mottle virus","no"
"EU021216","EU021216.1","457286","Rhynchosia golden mosaic Yucatan virus","no"
"EF602306","EF602306.1","452758","Allamanda leaf curl virus","no"
"EF408037","EF408037.1","326811","Clerodendron yellow mosaic virus","no"
"EF121755","EF121755.1","361697","Boerhavia yellow spot virus","no"
"DQ875872","DQ875872.1","408719","Sida yellow mosaic Yucatan virus","no"
"DQ875870","DQ875870.1","361731","Desmodium leaf distortion virus","no"
"DQ875868","DQ875868.1","403897","Corchorus yellow spot virus","no"
"DQ285014","DQ285014.1","223324","Squash mild leaf curl virus","no"
"DQ178608","DQ178608.1","345184","Cabbage leaf curl Jamaica virus","no"
"AY754814","AY754814.1","407837","Tomato leaf curl Pune virus","no"
"AY742220","AY742220.1","77647","Cotton leaf crumple virus","no"
"DQ852623","DQ852623.2","220608","Tomato leaf curl Bangalore virus","no"
"AF259896","AF259896.1","223262","East African cassava mosaic Cameroon virus","no"
"AF189018","AF189018.4","1513531","Tomato yellow leaf curl Indonesia virus","no"
"DQ178610","DQ178610.1","345184","Cabbage leaf curl Jamaica virus","no"
"FN555173","FN555173.1","260378","Pepper yellow vein Mali virus","no"
"DQ845787","DQ845787.1","123735","Tomato yellow leaf curl Sardinia virus","no"
"DQ375456","DQ375456.1","337826","Alternanthera yellow vein virus","no"
"DQ347945","DQ347945.1","47838","Chino del tomate virus","no"
"DQ347950","DQ347950.1","117198","Rhynchosia golden mosaic virus","no"
"DQ347949","DQ347949.1","240492","Tomato chino La Paz virus","no"
"DQ347948","DQ347948.1","240492","Tomato chino La Paz virus","no"
"DQ116879","DQ116879.1","341712","Chili leaf curl Pakistan virus","no"
"DQ116877","DQ116877.1","341712","Chili leaf curl Pakistan virus","no"
"DQ178614","DQ178614.1","345184","Cabbage leaf curl Jamaica virus","no"
"DQ127170","DQ127170.1","341034","Tomato leaf curl Uganda virus","no"
"AY965900","AY965900.1","10835","Tomato mottle virus","no"
"AY705380","AY705380.1","307110","Cotton leaf curl Bangalore virus","no"
"AY602166","AY602166.1","297249","Tomato yellow leaf curl Guangdong virus","no"
"AY271891","AY271891.1","333968","Dolichos yellow mosaic virus","no"
"FJ561298","FJ561298.1","1504801","Bhendi yellow vein Haryana virus","no"
"AY083351","AY083351.1","77647","Cotton leaf crumple virus","no"
"AY083350","AY083350.1","77647","Cotton leaf crumple virus","no"
"AF480940","AF480940.1","77647","Cotton leaf crumple virus","no"
"AF256200","AF256200.4","134681","Cucurbit leaf crumple virus","no"
"AF132852","AF132852.2","223342","Tomato golden mottle virus","no"
"AF314531","AF314531.1","223305","Pepper leaf curl Bangladesh virus","no"
"AF314530","AF314530.1","33726","Mungbean yellow mosaic virus","no"
"K02029","K02029.1","10831","Tomato golden mosaic virus","no"
"M10070","M10070.1","220340","Bean golden yellow mosaic virus","no"
"FM210278","FM210278.1","693894","Tomato leaf curl Cameroon virus","no"
"AB020781","AB020781.1","180587","Honeysuckle yellow vein mosaic virus","no"
"DQ358913","DQ358913.1","260377","Tomato yellow leaf curl Mali virus","no"
"FM208847","FM208847.1","529680","Rhynchosia yellow mosaic virus","no"
"FN552749","FN552749.1","676044","Malvastrum yellow vein Honghe virus","no"
"FM160943","FM160943.1","530536","Tobacco mottle leaf curl virus","no"
"FM164726","FM164726.1","163654","Okra leaf curl virus","no"
"DQ644558","DQ644558.1","77813","Merremia mosaic virus","no"
"DQ644557","DQ644557.1","77813","Merremia mosaic virus","no"
"FM164938","FM164938.1","341711","Tomato leaf curl Pakistan virus","no"
"FM202328","FM202328.1","223259","Cotton leaf curl Rajasthan virus","no"
"EF645647","EF645647.1","51676","Macroptilium golden mosaic virus","no"
"FJ600483","FJ600483.1","643133","Malvastrum yellow mosaic Helshire virus","no"
"FJ179373","FJ179373.1","120168","Bhendi yellow vein mosaic virus","no"
"FJ869907","FJ869907.1","271479","Papaya leaf curl Guandong virus","no"
"FJ469627","FJ469627.1","222459","Cotton leaf curl Gezira virus","no"
"AB100304","AB100304.1","263001","Tomato leaf curl Java virus","no"
"FJ712189","FJ712189.1","329290","Malvastrum leaf curl virus","no"
"FJ159271","FJ159271.1","360579","Mesta yellow vein mosaic virus","no"
"FJ159268","FJ159268.1","508748","Mesta yellow vein mosaic Bahraich virus","no"
"FJ159267","FJ159267.1","508748","Mesta yellow vein mosaic Bahraich virus","no"
"FJ159265","FJ159265.1","360579","Mesta yellow vein mosaic virus","no"
"FJ159262","FJ159262.1","360579","Mesta yellow vein mosaic virus","no"
"EU366903","EU366903.1","449400","Kenaf leaf curl virus","no"
"FJ770370","FJ770370.1","223252","Cotton leaf curl Multan virus","no"
"EF125190","EF125190.2","399387","Tomato leaf curl Hsinchu virus","no"
"FM210277","FM210277.1","28350","Tomato leaf curl virus","no"
"FM210275","FM210275.1","401040","Okra yellow crinkle virus","no"
"EU024119","EU024119.1","401040","Okra yellow crinkle virus","no"
"EU432374","EU432374.1","222459","Cotton leaf curl Gezira virus","no"
"FJ455449","FJ455449.1","579113","Sunn hemp leaf distortion virus","no"
"AB433979","AB433979.1","2080107","Eupatorium yellow vein virus","no"
"EU384574","EU384574.1","223259","Cotton leaf curl Rajasthan virus","no"
"FJ589571","FJ589571.1","591160","Bhendi yellow vein Bhubhaneswar virus","no"
"AM932429","AM932429.1","263793","Horsegram yellow mosaic virus","no"
"AM932427","AM932427.1","263793","Horsegram yellow mosaic virus","no"
"AB267838","AB267838.1","292477","Pepper yellow leaf curl Indonesia virus","no"
"AB267834","AB267834.1","292477","Pepper yellow leaf curl Indonesia virus","no"
"FM212662","FM212662.1","260377","Tomato yellow leaf curl Mali virus","no"
"AB055008","AB055008.1","223332","Tobacco leaf curl Japan virus","no"
"EU365617","EU365617.1","509532","Gossypium punctatum mild leaf curl virus","no"
"FJ487911","FJ487911.1","270117","Euphorbia leaf curl virus","no"
"FJ463902","FJ463902.1","390436","Corchorus golden mosaic virus","no"
"EU685319","EU685319.1","223262","East African cassava mosaic Cameroon virus","no"
"AB085793","AB085793.1","269277","Squash leaf curl Philippines virus","no"
"AB079766","AB079766.1","2080107","Eupatorium yellow vein virus","no"
"FJ345400","FJ345400.1","360579","Mesta yellow vein mosaic virus","no"
"EU189150","EU189150.1","390442","Tomato yellow leaf curl Vietnam virus","no"
"EU189149","EU189149.1","208177","Tomato leaf curl Vietnam virus","no"
"EU710754","EU710754.1","536084","Tomato common mosaic virus","no"
"EU710751","EU710751.1","536082","Sida common mosaic virus","no"
"EU710750","EU710750.1","536083","Sida yellow leaf curl virus","no"
"EU710749","EU710749.1","536085","Tomato leaf distortion virus","no"
"M88179","M88179.1","10838","Bean dwarf mosaic virus","no"
"FJ011668","FJ011668.1","559878","Clerodendrum golden mosaic China virus","no"
"EU360303","EU360303.1","508748","Mesta yellow vein mosaic Bahraich virus","no"
"EU798996","EU798996.1","543876","Jatropha leaf curl virus","no"
"AJ890226","AJ890226.1","161378","Sri Lankan cassava mosaic virus","no"
"AJ575819","AJ575819.1","31600","Indian cassava mosaic virus","no"
"EF585290","EF585290.1","169865","Macroptilium yellow mosaic virus","no"
"EF585288","EF585288.1","169865","Macroptilium yellow mosaic virus","no"
"EF582840","EF582840.1","169865","Macroptilium yellow mosaic virus","no"
"EU585781","EU585781.1","1003836","Pepper leaf curl Yunnan virus","no"
"AM886131","AM886131.1","2169733","Euphorbia mosaic Peru virus","no"
"EF088197","EF088197.1","223356","Tomato mosaic Havana virus","no"
"AM236780","AM236780.1","377610","Malvastrum leaf curl Guangdong virus","no"
"AM236779","AM236779.1","377610","Malvastrum leaf curl Guangdong virus","no"
"AB178948","AB178948.1","180587","Honeysuckle yellow vein mosaic virus","no"
"AB178947","AB178947.1","180587","Honeysuckle yellow vein mosaic virus","no"
"EU377539","EU377539.1","498803","Emilia yellow vein virus","no"
"EU368372","EU368372.1","208177","Tomato leaf curl Vietnam virus","no"
"EU339939","EU339939.1","117198","Rhynchosia golden mosaic virus","no"
"EU339938","EU339938.1","117198","Rhynchosia golden mosaic virus","no"
"EU339936","EU339936.1","117198","Rhynchosia golden mosaic virus","no"
"EF458639","EF458639.1","44560","Ageratum yellow vein virus","no"
"EF620536","EF620536.1","223332","Tobacco leaf curl Japan virus","no"
"EU158096","EU158096.1","51676","Macroptilium golden mosaic virus","no"
"AM701768","AM701768.1","439427","Tomato leaf curl Toliara virus","no"
"AM701767","AM701767.1","439424","Tomato leaf curl Antsiranana virus","no"
"AM701766","AM701766.1","439424","Tomato leaf curl Antsiranana virus","no"
"AM701765","AM701765.1","439426","Tomato leaf curl Diana virus","no"
"AM701763","AM701763.1","439425","Tomato leaf curl Moheli virus","no"
"AM701762","AM701762.1","439423","Tobacco leaf curl Comoros virus","no"
"AM701760","AM701760.1","439423","Tobacco leaf curl Comoros virus","no"
"AM701757","AM701757.1","439420","Bean leaf curl Madagascar virus","no"
"AM701756","AM701756.1","223337","Tobacco leaf curl Zimbabwe virus","no"
"EU024118","EU024118.1","401040","Okra yellow crinkle virus","no"
"AM236786","AM236786.1","377609","Tomato leaf curl Guangxi virus","no"
"AM236785","AM236785.1","377609","Tomato leaf curl Guangxi virus","no"
"AM236784","AM236784.1","377609","Tomato leaf curl Guangxi virus","no"
"AM502340","AM502340.1","10817","African cassava mosaic virus","no"
"AM502335","AM502335.1","62079","East African cassava mosaic virus","no"
"DQ395343","DQ395343.2","51673","Wissadula golden mosaic virus","no"
"EF554783","EF554783.1","329290","Malvastrum leaf curl virus","no"
"AB162141","AB162141.1","263001","Tomato leaf curl Java virus","no"
"AM503104","AM503104.1","377610","Malvastrum leaf curl Guangdong virus","no"
"DQ871221","DQ871221.1","409287","Tobacco leaf curl Thailand virus","no"
"DQ866133","DQ866133.1","437063","Ageratum yellow vein Hualian virus","no"
"DQ866132","DQ866132.1","437063","Ageratum yellow vein Hualian virus","no"
"DQ866124","DQ866124.1","437063","Ageratum yellow vein Hualian virus","no"
"AM691555","AM691555.1","260378","Pepper yellow vein Mali virus","no"
"AM691554","AM691554.1","229634","Papaya leaf curl China virus","no"
"AM691548","AM691548.1","260378","Pepper yellow vein Mali virus","no"
"AM238692","AM238692.1","379728","Siegesbeckia yellow vein Guangxi virus","no"
"AM230634","AM230634.1","371401","Siegesbeckia yellow vein virus","no"
"AM183224","AM183224.1","371401","Siegesbeckia yellow vein virus","no"
"AM236756","AM236756.1","377462","Malvastrum yellow mosaic virus","no"
"AM236755","AM236755.1","377462","Malvastrum yellow mosaic virus","no"
"AM259382","AM259382.1","420255","Sida yellow vein Madurai virus","no"
"AF068642","AF068642.3","77811","Euphorbia mosaic virus","no"
"EF197941","EF197941.1","1410062","Pumpkin yellow mosaic virus","no"
"AM491778","AM491778.1","425303","Tomato leaf curl Seychelles virus","no"
"AY234383","AY234383.1","219299","Tomato leaf curl Gujarat virus","no"
"AF413671","AF413671.1","219299","Tomato leaf curl Gujarat virus","no"
"EF194760","EF194760.1","392761","Tomato leaf curl Arusha virus","no"
"DQ339117","DQ339117.1","420253","Tomato leaf curl Rajasthan virus","no"
"AM411424","AM411424.1","412688","Euphorbia leaf curl Guangxi virus","no"
"DQ866131","DQ866131.1","399387","Tomato leaf curl Hsinchu virus","no"
"DQ866135","DQ866135.1","269277","Squash leaf curl Philippines virus","no"
"AM260699","AM260699.1","329290","Malvastrum leaf curl virus","no"
"AM260205","AM260205.1","223323","Squash leaf curl China virus","no"
"AJ851005","AJ851005.1","333293","Ageratum leaf curl virus","no"
"AM157412","AM157412.1","333968","Dolichos yellow mosaic virus","no"
"DQ116881","DQ116881.1","223305","Pepper leaf curl Bangladesh virus","no"
"AM050730","AM050730.1","337823","Sida leaf curl virus","no"
"DQ866127","DQ866127.1","196093","Tomato leaf curl Taiwan virus","no"
"DQ866125","DQ866125.1","196093","Tomato leaf curl Taiwan virus","no"
"AJ717578","AJ717578.1","393599","East African cassava mosaic Kenya virus","no"
"AJ717569","AJ717569.1","393599","East African cassava mosaic Kenya virus","no"
"AJ717568","AJ717568.1","223275","East African cassava mosaic Zanzibar virus","no"
"AJ717564","AJ717564.1","223275","East African cassava mosaic Zanzibar virus","no"
"AJ717563","AJ717563.1","223275","East African cassava mosaic Zanzibar virus","no"
"DQ885456","DQ885456.1","47838","Chino del tomate virus","no"
"AM050143","AM050143.1","336987","Tobacco leaf curl Cuba virus","no"
"DQ520944","DQ520944.1","367850","Sida mosaic Sinaloa virus","no"
"DQ520943","DQ520943.1","223342","Tomato golden mottle virus","no"
"AJ965539","AJ965539.2","325111","Ludwigia yellow vein virus","no"
"AJ965540","AJ965540.1","337826","Alternanthera yellow vein virus","no"
"DQ178612","DQ178612.1","345184","Cabbage leaf curl Jamaica virus","no"
"AJ968370","AJ968370.1","333968","Dolichos yellow mosaic virus","no"
"AJ810157","AJ810157.1","202568","Stachytarpheta leaf curl virus","no"
"AJ810156","AJ810156.1","202568","Stachytarpheta leaf curl virus","no"
"AJ564743","AJ564743.2","202568","Stachytarpheta leaf curl virus","no"
"AJ564742","AJ564742.1","202568","Stachytarpheta leaf curl virus","no"
"AJ516003","AJ516003.1","223275","East African cassava mosaic Zanzibar virus","no"
"AF068636","AF068636.2","77813","Merremia mosaic virus","no"
"AJ876550","AJ876550.1","310103","Senecio yellow mosaic virus","no"
"AJ420318","AJ420318.1","180526","Tobacco curly shoot virus","no"
"AJ608286","AJ608286.1","71186","Tomato leaf curl Sinaloa virus","no"
"AJ971267","AJ971267.1","211866","Tobacco leaf curl Yunnan virus","no"
"AJ971266","AJ971266.1","180526","Tobacco curly shoot virus","no"
"DQ022611","DQ022611.1","327280","Okra yellow mosaic Mexico virus","no"
"AJ865340","AJ865340.1","302100","Tomato leaf curl Mayotte virus","no"
"Y14874","Y14874.1","223356","Tomato mosaic Havana virus","no"
"Y11099","Y11099.1","223321","Sida yellow vein virus","no"
"Y11097","Y11097.1","223316","Sida golden mosaic Honduras virus","no"
"AJ438936","AJ438936.1","2080107","Eupatorium yellow vein virus","no"
"AJ867444","AJ867444.1","223262","East African cassava mosaic Cameroon virus","no"
"AJ549960","AJ549960.1","94700","Dicliptera yellow mottle virus","no"
"AJ544531","AJ544531.1","220340","Bean golden yellow mosaic virus","no"
"AJ512495","AJ512495.1","223287","Mungbean yellow mosaic India virus","no"
"AJ438937","AJ438937.1","186637","Eupatorium yellow vein mosaic virus","no"
"AJ519675","AJ519675.1","123735","Tomato yellow leaf curl Sardinia virus","no"
"AJ512762","AJ512762.1","211866","Tobacco leaf curl Yunnan virus","no"
"AJ512761","AJ512761.1","211866","Tobacco leaf curl Yunnan virus","no"
"AJ495814","AJ495814.1","202568","Stachytarpheta leaf curl virus","no"
"AJ457824","AJ457824.1","222475","Malvastrum yellow vein virus","no"
"AJ420319","AJ420319.1","222474","Squash leaf curl Yunnan virus","no"
"AJ420317","AJ420317.1","185793","Tomato yellow leaf curl China virus","no"
"AJ420316","AJ420316.1","185793","Tomato yellow leaf curl China virus","no"
"AJ421642","AJ421642.1","33726","Mungbean yellow mosaic virus","no"
"AJ344452","AJ344452.1","169865","Macroptilium yellow mosaic virus","no"
"AJ558124","AJ558124.1","229634","Papaya leaf curl China virus","no"
"AJ781302","AJ781302.1","185793","Tomato yellow leaf curl China virus","no"
"AJ566744","AJ566744.1","211866","Tobacco leaf curl Yunnan virus","no"
"AJ704602","AJ704602.1","229636","Tomato leaf curl China virus","no"
"AJ558121","AJ558121.1","270117","Euphorbia leaf curl virus","no"
"AJ558119","AJ558119.1","229636","Tomato leaf curl China virus","no"
"AJ557451","AJ557451.1","228897","Sida micrantha mosaic virus","no"
"AJ421523","AJ421523.1","180587","Honeysuckle yellow vein mosaic virus","no"
"X99550","X99550.1","223313","Sida golden mosaic Costa Rica virus","no"
"AB028604","AB028604.1","223332","Tobacco leaf curl Japan virus","no"
"D00940","D00940.1","10827","Potato yellow mosaic virus","no"
"24bh","24bh","100755","Sweet potato leaf curl virus","no"
