"tax_id","parent_id","rank","tax_name","root","superkingdom","superkingdom_","family","genus","genus_","species","species_","species__"
"1","1","root","root","1","","","","","","","",""
"10239","1","superkingdom","Viruses","1","10239","","","","","","",""
"29258","10239","superkingdom_","ssDNA viruses","1","10239","29258","","","","","",""
"10811","29258","family","Geminiviridae","1","10239","29258","10811","","","","",""
"10814","10811","genus","Begomovirus","1","10239","29258","10811","10814","","","",""
"1002681","begA57","species","Sida golden mosaic Lara virus","1","10239","29258","10811","10814","begA57","1002681","",""
"1003836","begA90","species","Pepper leaf curl Yunnan virus","1","10239","29258","10811","10814","begA90","1003836","",""
"100755","begA20","species","Sweet potato leaf curl virus","1","10239","29258","10811","10814","begA20","100755","",""
"1032478","begA57","species","Chenopodium leaf curl virus","1","10239","29258","10811","10814","begA57","1032478","",""
"1034067","begA13","species","Jatropha mosaic India virus","1","10239","29258","10811","10814","begA13","1034067","",""
"1046571","begA47","species","Sida mosaic Alagoas virus","1","10239","29258","10811","10814","begA47","1046571","",""
"1046572","begA61","species","Abutilon mosaic Brazil virus","1","10239","29258","10811","10814","begA61","1046572","",""
"1046573","begA65","species","West African Asystasia virus 1","1","10239","29258","10811","10814","begA65","1046573","",""
"1046574","begA74","species","West African Asystasia virus 2","1","10239","29258","10811","10814","begA74","1046574","",""
"1076345","begA8","species","Catharanthus yellow mosaic virus","1","10239","29258","10811","10814","begA8","1076345","",""
"1077859","begA34","species","Tomato chlorotic leaf distortion virus","1","10239","29258","10811","10814","begA34","1077859","",""
"10815","begA32","species","Abutilon mosaic virus","1","10239","29258","10811","10814","begA32","10815","",""
"10817","begA76","species","African cassava mosaic virus","1","10239","29258","10811","10814","begA76","10817","",""
"10827","begA38","species","Potato yellow mosaic virus","1","10239","29258","10811","10814","begA38","10827","",""
"10829","begA63","species","Squash leaf curl virus","1","10239","29258","10811","10814","begA63","10829","",""
"10831","begA45","species","Tomato golden mosaic virus","1","10239","29258","10811","10814","begA45","10831","",""
"10832","begA67","species","Tomato yellow leaf curl virus","1","10239","29258","10811","10814","begA67","10832","",""
"10835","begA32","species","Tomato mottle virus","1","10239","29258","10811","10814","begA32","10835","",""
"10838","begA36","species","Bean dwarf mosaic virus","1","10239","29258","10811","10814","begA36","10838","",""
"10839","begA42","species","Bean golden mosaic virus","1","10239","29258","10811","10814","begA42","10839","",""
"1089387","begA43","species","Tomato interveinal chlorosis virus","1","10239","29258","10811","10814","begA43","1089387","",""
"1093958","begA32","species","Sida yellow mottle virus","1","10239","29258","10811","10814","begA32","1093958","",""
"1124577","begA63","species","Tomato mild yellow leaf curl Aragua virus","1","10239","29258","10811","10814","begA63","1124577","",""
"1125764","begA66","species","Cassava mosaic Madagascar virus","1","10239","29258","10811","10814","begA66","1125764","",""
"1129032","begA44","species","Centrosema yellow spot virus","1","10239","29258","10811","10814","begA44","1129032","",""
"1129033","begA43","species","Macroptilium yellow net virus","1","10239","29258","10811","10814","begA43","1129033","",""
"1129034","begA42","species","Macroptilium yellow spot virus","1","10239","29258","10811","10814","begA42","1129034","",""
"1129035","begA42","species","Macroptilium yellow vein virus","1","10239","29258","10811","10814","begA42","1129035","",""
"1130981","begA3","species","Sauropus leaf curl virus","1","10239","29258","10811","10814","begA3","1130981","",""
"1162280","begA60","species","Tomato rugose yellow leaf curl virus","1","10239","29258","10811","10814","begA60","1162280","",""
"1170656","begA12","species","Vinca leaf curl virus","1","10239","29258","10811","10814","begA12","1170656","",""
"117198","begA26","species","Rhynchosia golden mosaic virus","1","10239","29258","10811","10814","begA26","117198","",""
"1188810","begA32","species","Sida golden mosaic Liguanea virus","1","10239","29258","10811","10814","begA32","1188810","",""
"1195378","begA45","species","Tomato dwarf leaf virus","1","10239","29258","10811","10814","begA45","1195378","",""
"1195641","begA85","species","Sida yellow mosaic China virus","1","10239","29258","10811","10814","begA85","1195641","",""
"1198134","begA84","species","Premna leaf curl virus","1","10239","29258","10811","10814","begA84","1198134","",""
"1198219","begA20","species","Sweet potato leaf curl China virus","1","10239","29258","10811","10814","begA20","1198219","",""
"1198450","begA56","species","Jacquemontia mosaic Yucatan virus","1","10239","29258","10811","10814","begA56","1198450","",""
"120168","begA5","species","Bhendi yellow vein mosaic virus","1","10239","29258","10811","10814","begA5","120168","",""
"1213406","begA77","species","Jatropha mosaic Nigeria virus","1","10239","29258","10811","10814","begA77","1213406","",""
"1221206","begA42","species","Soybean chlorotic spot virus","1","10239","29258","10811","10814","begA42","1221206","",""
"1225069","begA83","species","Pouzolzia golden mosaic virus","1","10239","29258","10811","10814","begA83","1225069","",""
"1227354","begA32","species","Bean chlorosis virus","1","10239","29258","10811","10814","begA32","1227354","",""
"1227356","begA29","species","Dalechampia chlorotic mosaic virus","1","10239","29258","10811","10814","begA29","1227356","",""
"1227357","begA38","species","Datura leaf distortion virus","1","10239","29258","10811","10814","begA38","1227357","",""
"1233675","begA93","species","Honeysuckle yellow vein Kagoshima virus","1","10239","29258","10811","10814","begA93","1233675","",""
"123735","begA67","species","Tomato yellow leaf curl Sardinia virus","1","10239","29258","10811","10814","begA67","123735","",""
"1241370","begA74","species","Okra leaf curl Oman virus","1","10239","29258","10811","10814","begA74","1241370","",""
"1246650","begA52","species","Blechum interveinal chlorosis virus","1","10239","29258","10811","10814","begA52","1246650","",""
"1256523","begA9","species","Spinach yellow vein virus","1","10239","29258","10811","10814","begA9","1256523","",""
"1264880","begA32","species","Sida ciliaris golden mosaic virus","1","10239","29258","10811","10814","begA32","1264880","",""
"1266458","begA45","species","Tomato mottle wrinkle virus","1","10239","29258","10811","10814","begA45","1266458","",""
"1266977","begA47","species","Sida yellow net virus","1","10239","29258","10811","10814","begA47","1266977","",""
"1266993","begA47","species","Sida yellow blotch virus","1","10239","29258","10811","10814","begA47","1266993","",""
"1266994","begA49","species","Sida yellow mosaic Alagoas virus","1","10239","29258","10811","10814","begA49","1266994","",""
"1266995","begA47","species","Sida mottle Alagoas virus","1","10239","29258","10811","10814","begA47","1266995","",""
"128941","begA70","species","Tomato curly stunt virus","1","10239","29258","10811","10814","begA70","128941","",""
"1297645","begA4","species","Corchorus yellow vein mosaic virus","1","10239","29258","10811","10814","begA4","1297645","",""
"1303385","begA11","species","Tomato leaf curl Liwa virus","1","10239","29258","10811","10814","begA11","1303385","",""
"1312724","begA62","species","Vigna yellow mosaic virus","1","10239","29258","10811","10814","begA62","1312724","",""
"1317107","begA8","species","Allamanda leaf mottle distortion virus","1","10239","29258","10811","10814","begA8","1317107","",""
"1333313","begA81","species","Malvastrum leaf curl Philippines virus","1","10239","29258","10811","10814","begA81","1333313","",""
"1335768","begA81","species","Tomato yellow leaf curl Yunnan virus","1","10239","29258","10811","10814","begA81","1335768","",""
"1336597","begA59","species","Tomato golden leaf spot virus","1","10239","29258","10811","10814","begA59","1336597","",""
"1340746","begA43","species","Tomato bright yellow mosaic virus","1","10239","29258","10811","10814","begA43","1340746","",""
"134599","begA45","species","Tomato rugose mosaic virus","1","10239","29258","10811","10814","begA45","134599","",""
"134681","begA63","species","Cucurbit leaf crumple virus","1","10239","29258","10811","10814","begA63","134681","",""
"1367126","begA83","species","Pouzolzia mosaic Guangdong virus","1","10239","29258","10811","10814","begA83","1367126","",""
"1383052","begA15","species","Hemidesmus yellow mosaic virus","1","10239","29258","10811","10814","begA15","1383052","",""
"1396815","begA59","species","Cotton chlorotic spot virus","1","10239","29258","10811","10814","begA59","1396815","",""
"1410062","begA10","species","Pumpkin yellow mosaic virus","1","10239","29258","10811","10814","begA10","1410062","",""
"1428190","begA84","species","Hedyotis uncinella yellow mosaic virus","1","10239","29258","10811","10814","begA84","1428190","",""
"1431395","begA12","species","Mirabilis leaf curl virus","1","10239","29258","10811","10814","begA12","1431395","",""
"1485012","begA7","species","Jatropha yellow mosaic virus","1","10239","29258","10811","10814","begA7","1485012","",""
"1489311","begA20","species","Sweet potato leaf curl Henan virus","1","10239","29258","10811","10814","begA20","1489311","",""
"1489312","begA20","species","Sweet potato leaf curl Guangxi virus","1","10239","29258","10811","10814","begA20","1489312","",""
"1490227","begA55","species","Jacquemontia yellow mosaic virus","1","10239","29258","10811","10814","begA55","1490227","",""
"1504801","begA10","species","Bhendi yellow vein Haryana virus","1","10239","29258","10811","10814","begA10","1504801","",""
"1513489","begA10","species","Bitter gourd yellow vein virus","1","10239","29258","10811","10814","begA10","1513489","",""
"1513516","begA26","species","Rhynchosia golden mosaic Havana virus","1","10239","29258","10811","10814","begA26","1513516","",""
"1513519","begA63","species","Rhynchosia golden mosaic Sinaloa virus","1","10239","29258","10811","10814","begA63","1513519","",""
"1513520","begA32","species","Rhynchosia rugose golden mosaic virus","1","10239","29258","10811","10814","begA32","1513520","",""
"1513521","begA35","species","Sida golden mosaic Braco virus","1","10239","29258","10811","10814","begA35","1513521","",""
"1513525","begA33","species","Sida golden mosaic Buckup virus","1","10239","29258","10811","10814","begA33","1513525","",""
"1513527","begA21","species","Sweet potato leaf curl Uganda virus","1","10239","29258","10811","10814","begA21","1513527","",""
"1513528","begA19","species","Sweet potato mosaic virus","1","10239","29258","10811","10814","begA19","1513528","",""
"1513530","begA68","species","Tomato leaf curl Nigeria virus","1","10239","29258","10811","10814","begA68","1513530","",""
"1513531","begA14","species","Tomato yellow leaf curl Indonesia virus","1","10239","29258","10811","10814","begA14","1513531","",""
"1532882","begA10","species","Coccinia mosaic Tamil Nadu virus","1","10239","29258","10811","10814","begA10","1532882","",""
"1578825","begA12","species","Euphorbia yellow leaf curl virus","1","10239","29258","10811","10814","begA12","1578825","",""
"158463","begA45","species","Tomato severe rugose virus","1","10239","29258","10811","10814","begA45","158463","",""
"1602199","begA47","species","Oxalis yellow vein virus","1","10239","29258","10811","10814","begA47","1602199","",""
"1608257","begA35","species","Tomato latent virus","1","10239","29258","10811","10814","begA35","1608257","",""
"1611435","begA65","species","Asystasia mosaic Madagascar virus","1","10239","29258","10811","10814","begA65","1611435","",""
"161378","begA13","species","Sri Lankan cassava mosaic virus","1","10239","29258","10811","10814","begA13","161378","",""
"1632184","begA12","species","Tomato enation leaf curl virus","1","10239","29258","10811","10814","begA12","1632184","",""
"1633139","begA81","species","Malvastrum yellow vein Cambodia virus","1","10239","29258","10811","10814","begA81","1633139","",""
"163655","begA5","species","Hollyhock leaf curl virus","1","10239","29258","10811","10814","begA5","163655","",""
"165826","begA63","species","Melon chlorotic leaf curl virus","1","10239","29258","10811","10814","begA63","165826","",""
"169865","begA30","species","Macroptilium yellow mosaic virus","1","10239","29258","10811","10814","begA30","169865","",""
"1701549","begA41","species","Tomato chlorotic mottle Guyane virus","1","10239","29258","10811","10814","begA41","1701549","",""
"172278","begA11","species","Chilli leaf curl virus","1","10239","29258","10811","10814","begA11","172278","",""
"172391","begA43","species","Tomato chlorotic mottle virus","1","10239","29258","10811","10814","begA43","172391","",""
"172394","begA40","species","Tomato mottle leaf curl virus","1","10239","29258","10811","10814","begA40","172394","",""
"1737555","begA36","species","Passionfruit leaf distortion virus","1","10239","29258","10811","10814","begA36","1737555","",""
"1738045","begA8","species","Andrographis yellow vein leaf curl virus","1","10239","29258","10811","10814","begA8","1738045","",""
"1740165","begA89","species","Lisianthus enation leaf curl virus","1","10239","29258","10811","10814","begA89","1740165","",""
"1742594","begA46","species","Melochia mosaic virus","1","10239","29258","10811","10814","begA46","1742594","",""
"1742595","begA46","species","Melochia yellow mosaic virus","1","10239","29258","10811","10814","begA46","1742595","",""
"1742596","begA46","species","Pavonia yellow mosaic virus","1","10239","29258","10811","10814","begA46","1742596","",""
"1747500","begA40","species","Cnidoscolus mosaic leaf deformation virus","1","10239","29258","10811","10814","begA40","1747500","",""
"1772258","begA46","species","Pavonia mosaic virus","1","10239","29258","10811","10814","begA46","1772258","",""
"1774200","begA91","species","Pepper yellow leaf curl Thailand virus","1","10239","29258","10811","10814","begA91","1774200","",""
"1779714","begA17","species","Lycianthes yellow mosaic virus","1","10239","29258","10811","10814","begA17","1779714","",""
"180399","begA63","species","Melon chlorotic mosaic virus","1","10239","29258","10811","10814","begA63","180399","",""
"180526","begA12","species","Tobacco curly shoot virus","1","10239","29258","10811","10814","begA12","180526","",""
"180587","begA93","species","Honeysuckle yellow vein mosaic virus","1","10239","29258","10811","10814","begA93","180587","",""
"1812308","begA69","species","Deinbollia mosaic virus","1","10239","29258","10811","10814","begA69","1812308","",""
"1825950","begA47","species","Triumfetta yellow mosaic virus","1","10239","29258","10811","10814","begA47","1825950","",""
"1828512","begA17","species","Pepper yellow leaf curl virus PSSWS-14","1","10239","29258","10811","10814","begA17","1828512","",""
"185793","begA90","species","Tomato yellow leaf curl China virus","1","10239","29258","10811","10814","begA90","185793","",""
"186637","begA93","species","Eupatorium yellow vein mosaic virus","1","10239","29258","10811","10814","begA93","186637","",""
"1874886","begA83","species","Ramie mosaic Yunnan virus","1","10239","29258","10811","10814","begA83","1874886","",""
"1881630","begA23","species","Velvet bean golden mosaic virus","1","10239","29258","10811","10814","begA23","1881630","",""
"188333","begA12","species","Ageratum enation virus","1","10239","29258","10811","10814","begA12","188333","",""
"1884991","begA4","species","Senna leaf curl virus","1","10239","29258","10811","10814","begA4","1884991","",""
"1904880","begA42","species","Macroptilium bright mosaic virus","1","10239","29258","10811","10814","begA42","1904880","",""
"1904881","begA42","species","Macroptilium common mosaic virus","1","10239","29258","10811","10814","begA42","1904881","",""
"1904882","begA48","species","Sida angular mosaic virus","1","10239","29258","10811","10814","begA48","1904882","",""
"1904883","begA48","species","Sida chlorotic vein virus","1","10239","29258","10811","10814","begA48","1904883","",""
"1904884","begA58","species","Wissadula yellow mosaic virus","1","10239","29258","10811","10814","begA58","1904884","",""
"1906668","begA31","species","Malvastrum bright yellow mosaic virus","1","10239","29258","10811","10814","begA31","1906668","",""
"191460","begA47","species","Sida mottle virus","1","10239","29258","10811","10814","begA47","191460","",""
"191463","begA47","species","Sida yellow mosaic virus","1","10239","29258","10811","10814","begA47","191463","",""
"1914900","begA11","species","Synedrella yellow vein clearing virus","1","10239","29258","10811","10814","begA11","1914900","",""
"1915202","begA26","species","Common bean mottle virus","1","10239","29258","10811","10814","begA26","1915202","",""
"1915203","begA26","species","Common bean severe mosaic virus","1","10239","29258","10811","10814","begA26","1915203","",""
"1925153","begA93","species","Vernonia crinkle virus","1","10239","29258","10811","10814","begA93","1925153","",""
"1926117","begA57","species","Abutilon golden mosaic virus","1","10239","29258","10811","10814","begA57","1926117","",""
"1931111","begA5","species","Pea leaf distortion virus","1","10239","29258","10811","10814","begA5","1931111","",""
"1949196","begA47","species","Sida bright yellow mosaic virus","1","10239","29258","10811","10814","begA47","1949196","",""
"1949197","begA53","species","Sida chlorotic mottle virus","1","10239","29258","10811","10814","begA53","1949197","",""
"1949198","begA50","species","Sida golden yellow spot virus","1","10239","29258","10811","10814","begA50","1949198","",""
"1955054","begA68","species","Tomato leaf curl Burkina Faso virus","1","10239","29258","10811","10814","begA68","1955054","",""
"1960710","begA24","species","Desmodium mottle virus","1","10239","29258","10811","10814","begA24","1960710","",""
"196093","begA91","species","Tomato leaf curl Taiwan virus","1","10239","29258","10811","10814","begA91","196093","",""
"196691","begA32","species","Tobacco leaf rugose virus","1","10239","29258","10811","10814","begA32","196691","",""
"199587","begA74","species","Hollyhock leaf crumple virus","1","10239","29258","10811","10814","begA74","199587","",""
"202568","begA81","species","Stachytarpheta leaf curl virus","1","10239","29258","10811","10814","begA81","202568","",""
"2026195","begA20","species","Sweet potato leaf curl Sichuan virus 2","1","10239","29258","10811","10814","begA20","2026195","",""
"2026196","begA20","species","Sweet potato leaf curl Sichuan virus 1","1","10239","29258","10811","10814","begA20","2026196","",""
"2049944","begA10","species","Tomato leaf curl New Delhi virus 4","1","10239","29258","10811","10814","begA10","2049944","",""
"2049955","begA63","species","Capraria yellow spot virus","1","10239","29258","10811","10814","begA63","2049955","",""
"2050583","begA5","species","Tomato leaf curl New Delhi virus 2","1","10239","29258","10811","10814","begA5","2050583","",""
"2050584","begA4","species","French bean leaf curl virus","1","10239","29258","10811","10814","begA4","2050584","",""
"2050929","begA10","species","Chilli leaf curl Vellanad virus","1","10239","29258","10811","10814","begA10","2050929","",""
"2050930","begA9","species","Chilli leaf curl Kanpur virus","1","10239","29258","10811","10814","begA9","2050930","",""
"207240","begA10","species","Luffa yellow mosaic virus","1","10239","29258","10811","10814","begA10","207240","",""
"207697","begA9","species","Croton yellow vein mosaic virus","1","10239","29258","10811","10814","begA9","207697","",""
"2080107","begA93","species","Eupatorium yellow vein virus","1","10239","29258","10811","10814","begA93","2080107","",""
"2080282","begA47","species","Sida golden mosaic Brazil virus","1","10239","29258","10811","10814","begA47","2080282","",""
"208177","begA91","species","Tomato leaf curl Vietnam virus","1","10239","29258","10811","10814","begA91","208177","",""
"211866","begA81","species","Tobacco leaf curl Yunnan virus","1","10239","29258","10811","10814","begA81","211866","",""
"2169732","begA36","species","Bean white chlorosis mosaic virus","1","10239","29258","10811","10814","begA36","2169732","",""
"2169733","begA63","species","Euphorbia mosaic Peru virus","1","10239","29258","10811","10814","begA63","2169733","",""
"2169734","begA13","species","Jatropha leaf curl Gujarat virus","1","10239","29258","10811","10814","begA13","2169734","",""
"2169735","begA13","species","Jatropha leaf yellow mosaic virus","1","10239","29258","10811","10814","begA13","2169735","",""
"2169736","begA20","species","Sweet potato golden vein Korea virus","1","10239","29258","10811","10814","begA20","2169736","",""
"2169737","begA72","species","Telfairia golden mosaic virus","1","10239","29258","10811","10814","begA72","2169737","",""
"2169738","begA81","species","Tomato yellow leaf curl Shuangbai virus","1","10239","29258","10811","10814","begA81","2169738","",""
"2169739","begA52","species","Whitefly-associated begomovirus 1","1","10239","29258","10811","10814","begA52","2169739","",""
"2169740","begA37","species","Whitefly-associated begomovirus 2","1","10239","29258","10811","10814","begA37","2169740","",""
"2169741","begA34","species","Whitefly-associated begomovirus 3","1","10239","29258","10811","10814","begA34","2169741","",""
"2169742","begA32","species","Whitefly-associated begomovirus 4","1","10239","29258","10811","10814","begA32","2169742","",""
"2169743","begA32","species","Whitefly-associated begomovirus 6","1","10239","29258","10811","10814","begA32","2169743","",""
"2169744","begA67","species","Whitefly-associated begomovirus 7","1","10239","29258","10811","10814","begA67","2169744","",""
"219299","begA11","species","Tomato leaf curl Gujarat virus","1","10239","29258","10811","10814","begA11","219299","",""
"219744","begA67","species","Tomato yellow leaf curl Malaga virus","1","10239","29258","10811","10814","begA67","219744","",""
"220340","begA30","species","Bean golden yellow mosaic virus","1","10239","29258","10811","10814","begA30","220340","",""
"220608","begA11","species","Tomato leaf curl Bangalore virus","1","10239","29258","10811","10814","begA11","220608","",""
"220932","begA11","species","Tomato leaf curl Karnataka virus","1","10239","29258","10811","10814","begA11","220932","",""
"222079","begA11","species","Ageratum yellow vein Sri Lanka virus","1","10239","29258","10811","10814","begA11","222079","",""
"222450","begA72","species","Chayote yellow mosaic virus","1","10239","29258","10811","10814","begA72","222450","",""
"222456","begA5","species","Cotton leaf curl Alabad virus","1","10239","29258","10811","10814","begA5","222456","",""
"222459","begA74","species","Cotton leaf curl Gezira virus","1","10239","29258","10811","10814","begA74","222459","",""
"222464","begA5","species","Cotton leaf curl Kokhran virus","1","10239","29258","10811","10814","begA5","222464","",""
"222474","begA89","species","Squash leaf curl Yunnan virus","1","10239","29258","10811","10814","begA89","222474","",""
"222475","begA5","species","Malvastrum yellow vein virus","1","10239","29258","10811","10814","begA5","222475","",""
"223252","begA5","species","Cotton leaf curl Multan virus","1","10239","29258","10811","10814","begA5","223252","",""
"223262","begA66","species","East African cassava mosaic Cameroon virus","1","10239","29258","10811","10814","begA66","223262","",""
"223264","begA66","species","East African cassava mosaic Malawi virus","1","10239","29258","10811","10814","begA66","223264","",""
"223275","begA66","species","East African cassava mosaic Zanzibar virus","1","10239","29258","10811","10814","begA66","223275","",""
"223282","begA26","species","Macroptilium mosaic Puerto Rico virus","1","10239","29258","10811","10814","begA26","223282","",""
"223284","begA30","species","Macroptilium yellow mosaic Florida virus","1","10239","29258","10811","10814","begA30","223284","",""
"223287","begA23","species","Mungbean yellow mosaic India virus","1","10239","29258","10811","10814","begA23","223287","",""
"223301","begA63","species","Pepper golden mosaic virus","1","10239","29258","10811","10814","begA63","223301","",""
"223303","begA26","species","Pepper huasteco yellow vein virus","1","10239","29258","10811","10814","begA26","223303","",""
"223305","begA9","species","Pepper leaf curl Bangladesh virus","1","10239","29258","10811","10814","begA9","223305","",""
"223307","begA38","species","Potato yellow mosaic Pananama virus","1","10239","29258","10811","10814","begA38","223307","",""
"223313","begA36","species","Sida golden mosaic Costa Rica virus","1","10239","29258","10811","10814","begA36","223313","",""
"223314","begA32","species","Sida golden mosaic Florida virus","1","10239","29258","10811","10814","begA32","223314","",""
"223316","begA31","species","Sida golden mosaic Honduras virus","1","10239","29258","10811","10814","begA31","223316","",""
"223317","begA32","species","Sida golden yellow vein virus","1","10239","29258","10811","10814","begA32","223317","",""
"223321","begA31","species","Sida yellow vein virus","1","10239","29258","10811","10814","begA31","223321","",""
"223323","begA10","species","Squash leaf curl China virus","1","10239","29258","10811","10814","begA10","223323","",""
"223324","begA63","species","Squash mild leaf curl virus","1","10239","29258","10811","10814","begA63","223324","",""
"223332","begA93","species","Tobacco leaf curl Japan virus","1","10239","29258","10811","10814","begA93","223332","",""
"223337","begA73","species","Tobacco leaf curl Zimbabwe virus","1","10239","29258","10811","10814","begA73","223337","",""
"223342","begA54","species","Tomato golden mottle virus","1","10239","29258","10811","10814","begA54","223342","",""
"223344","begA12","species","Tomato leaf curl Bangladesh virus","1","10239","29258","10811","10814","begA12","223344","",""
"223345","begA81","species","Tomato leaf curl Laos virus","1","10239","29258","10811","10814","begA81","223345","",""
"223346","begA81","species","Tomato leaf curl Malaysia virus","1","10239","29258","10811","10814","begA81","223346","",""
"223347","begA10","species","Tomato leaf curl New Delhi virus","1","10239","29258","10811","10814","begA10","223347","",""
"223352","begA11","species","Tomato leaf curl Sri Lanka virus","1","10239","29258","10811","10814","begA11","223352","",""
"223356","begA32","species","Tomato mosaic Havana virus","1","10239","29258","10811","10814","begA32","223356","",""
"223358","begA32","species","Tomato mottle Taino virus","1","10239","29258","10811","10814","begA32","223358","",""
"225752","begA21","species","Sweet potato leaf curl Georgia virus","1","10239","29258","10811","10814","begA21","225752","",""
"227137","begA5","species","Okra yellow vein mosaic virus","1","10239","29258","10811","10814","begA5","227137","",""
"228897","begA47","species","Sida micrantha mosaic virus","1","10239","29258","10811","10814","begA47","228897","",""
"229634","begA91","species","Papaya leaf curl China virus","1","10239","29258","10811","10814","begA91","229634","",""
"229636","begA91","species","Tomato leaf curl China virus","1","10239","29258","10811","10814","begA91","229636","",""
"232380","begA67","species","Tomato yellow leaf curl Axarquia virus","1","10239","29258","10811","10814","begA67","232380","",""
"240492","begA52","species","Tomato chino La Paz virus","1","10239","29258","10811","10814","begA52","240492","",""
"240865","begA93","species","Honeysuckle yellow vein virus","1","10239","29258","10811","10814","begA93","240865","",""
"260377","begA67","species","Tomato yellow leaf curl Mali virus","1","10239","29258","10811","10814","begA67","260377","",""
"260378","begA68","species","Pepper yellow vein Mali virus","1","10239","29258","10811","10814","begA68","260378","",""
"260379","begA68","species","Tomato leaf curl Mali virus","1","10239","29258","10811","10814","begA68","260379","",""
"260909","begA28","species","Tomato yellow margin leaf curl virus","1","10239","29258","10811","10814","begA28","260909","",""
"263001","begA81","species","Tomato leaf curl Java virus","1","10239","29258","10811","10814","begA81","263001","",""
"263793","begA23","species","Horsegram yellow mosaic virus","1","10239","29258","10811","10814","begA23","263793","",""
"266799","begA16","species","Tomato yellow leaf curl Kanchanaburi virus","1","10239","29258","10811","10814","begA16","266799","",""
"269277","begA10","species","Squash leaf curl Philippines virus","1","10239","29258","10811","10814","begA10","269277","",""
"270117","begA12","species","Euphorbia leaf curl virus","1","10239","29258","10811","10814","begA12","270117","",""
"270140","begA11","species","Tomato leaf curl Iran virus","1","10239","29258","10811","10814","begA11","270140","",""
"270146","begA67","species","Tomato leaf curl Sudan virus","1","10239","29258","10811","10814","begA67","270146","",""
"271479","begA80","species","Papaya leaf curl Guandong virus","1","10239","29258","10811","10814","begA80","271479","",""
"28350","begA79","species","Tomato leaf curl virus","1","10239","29258","10811","10814","begA79","28350","",""
"290030","begA5","species","Malvastrum yellow vein Yunnan virus","1","10239","29258","10811","10814","begA5","290030","",""
"292477","begA17","species","Pepper yellow leaf curl Indonesia virus","1","10239","29258","10811","10814","begA17","292477","",""
"296190","begA45","species","Tomato golden vein virus","1","10239","29258","10811","10814","begA45","296190","",""
"297249","begA91","species","Tomato yellow leaf curl Guangdong virus","1","10239","29258","10811","10814","begA91","297249","",""
"300411","begA2","species","Lindernia anagallis yellow vein virus","1","10239","29258","10811","10814","begA2","300411","",""
"302099","begA66","species","Tomato leaf curl Madagascar virus","1","10239","29258","10811","10814","begA66","302099","",""
"307110","begA5","species","Cotton leaf curl Bangalore virus","1","10239","29258","10811","10814","begA5","307110","",""
"309390","begA11","species","Tomato leaf curl Joydebpur virus","1","10239","29258","10811","10814","begA11","309390","",""
"310103","begA79","species","Senecio yellow mosaic virus","1","10239","29258","10811","10814","begA79","310103","",""
"31600","begA13","species","Indian cassava mosaic virus","1","10239","29258","10811","10814","begA13","31600","",""
"31602","begA62","species","Bean calico mosaic virus","1","10239","29258","10811","10814","begA62","31602","",""
"325111","begA3","species","Ludwigia yellow vein virus","1","10239","29258","10811","10814","begA3","325111","",""
"326811","begA10","species","Clerodendron yellow mosaic virus","1","10239","29258","10811","10814","begA10","326811","",""
"327280","begA31","species","Okra yellow mosaic Mexico virus","1","10239","29258","10811","10814","begA31","327280","",""
"329290","begA87","species","Malvastrum leaf curl virus","1","10239","29258","10811","10814","begA87","329290","",""
"333293","begA81","species","Ageratum leaf curl virus","1","10239","29258","10811","10814","begA81","333293","",""
"333361","begA25","species","Corchorus yellow vein virus","1","10239","29258","10811","10814","begA25","333361","",""
"333968","begA24","species","Dolichos yellow mosaic virus","1","10239","29258","10811","10814","begA24","333968","",""
"336987","begA32","species","Tobacco leaf curl Cuba virus","1","10239","29258","10811","10814","begA32","336987","",""
"33726","begA23","species","Mungbean yellow mosaic virus","1","10239","29258","10811","10814","begA23","33726","",""
"337823","begA87","species","Sida leaf curl virus","1","10239","29258","10811","10814","begA87","337823","",""
"337826","begA3","species","Alternanthera yellow vein virus","1","10239","29258","10811","10814","begA3","337826","",""
"341034","begA66","species","Tomato leaf curl Uganda virus","1","10239","29258","10811","10814","begA66","341034","",""
"345184","begA63","species","Cabbage leaf curl Jamaica virus","1","10239","29258","10811","10814","begA63","345184","",""
"35341","begA76","species","Watermelon chlorotic stunt virus","1","10239","29258","10811","10814","begA76","35341","",""
"360579","begA5","species","Mesta yellow vein mosaic virus","1","10239","29258","10811","10814","begA5","360579","",""
"361697","begA54","species","Boerhavia yellow spot virus","1","10239","29258","10811","10814","begA54","361697","",""
"361731","begA57","species","Desmodium leaf distortion virus","1","10239","29258","10811","10814","begA57","361731","",""
"365523","begA47","species","Tomato yellow spot virus","1","10239","29258","10811","10814","begA47","365523","",""
"367061","begA92","species","Vernonia yellow vein virus","1","10239","29258","10811","10814","begA92","367061","",""
"367850","begA31","species","Sida mosaic Sinaloa virus","1","10239","29258","10811","10814","begA31","367850","",""
"371401","begA93","species","Siegesbeckia yellow vein virus","1","10239","29258","10811","10814","begA93","371401","",""
"376612","begA32","species","Malvastrum yellow mosaic Jamaica virus","1","10239","29258","10811","10814","begA32","376612","",""
"377462","begA5","species","Malvastrum yellow mosaic virus","1","10239","29258","10811","10814","begA5","377462","",""
"377609","begA81","species","Tomato leaf curl Guangxi virus","1","10239","29258","10811","10814","begA81","377609","",""
"377610","begA80","species","Malvastrum leaf curl Guangdong virus","1","10239","29258","10811","10814","begA80","377610","",""
"379728","begA93","species","Siegesbeckia yellow vein Guangxi virus","1","10239","29258","10811","10814","begA93","379728","",""
"390436","begA25","species","Corchorus golden mosaic virus","1","10239","29258","10811","10814","begA25","390436","",""
"390437","begA22","species","Kudzu mosaic virus","1","10239","29258","10811","10814","begA22","390437","",""
"390438","begA78","species","Clerodendron golden mosaic virus","1","10239","29258","10811","10814","begA78","390438","",""
"390439","begA1","species","Spilanthes yellow vein virus","1","10239","29258","10811","10814","begA1","390439","",""
"390440","begA81","species","Mimosa yellow leaf curl virus","1","10239","29258","10811","10814","begA81","390440","",""
"390441","begA85","species","Sida yellow vein Vietnam virus","1","10239","29258","10811","10814","begA85","390441","",""
"390442","begA91","species","Tomato yellow leaf curl Vietnam virus","1","10239","29258","10811","10814","begA91","390442","",""
"390443","begA91","species","Erectites yellow mosaic virus","1","10239","29258","10811","10814","begA91","390443","",""
"390444","begA3","species","Ludwigia yellow vein Vietnam virus","1","10239","29258","10811","10814","begA3","390444","",""
"392761","begA75","species","Tomato leaf curl Arusha virus","1","10239","29258","10811","10814","begA75","392761","",""
"393599","begA66","species","East African cassava mosaic Kenya virus","1","10239","29258","10811","10814","begA66","393599","",""
"399387","begA83","species","Tomato leaf curl Hsinchu virus","1","10239","29258","10811","10814","begA83","399387","",""
"400835","begA91","species","Tomato leaf curl Guangdong virus","1","10239","29258","10811","10814","begA91","400835","",""
"401040","begA71","species","Okra yellow crinkle virus","1","10239","29258","10811","10814","begA71","401040","",""
"403897","begA34","species","Corchorus yellow spot virus","1","10239","29258","10811","10814","begA34","403897","",""
"407837","begA11","species","Tomato leaf curl Pune virus","1","10239","29258","10811","10814","begA11","407837","",""
"408136","begA45","species","Soybean blistering mosaic virus","1","10239","29258","10811","10814","begA45","408136","",""
"408719","begA33","species","Sida yellow mosaic Yucatan virus","1","10239","29258","10811","10814","begA33","408719","",""
"409287","begA89","species","Tobacco leaf curl Thailand virus","1","10239","29258","10811","10814","begA89","409287","",""
"412688","begA88","species","Euphorbia leaf curl Guangxi virus","1","10239","29258","10811","10814","begA88","412688","",""
"417287","begA89","species","Crassocephalum yellow vein virus","1","10239","29258","10811","10814","begA89","417287","",""
"420253","begA10","species","Tomato leaf curl Rajasthan virus","1","10239","29258","10811","10814","begA10","420253","",""
"420255","begA87","species","Sida yellow vein Madurai virus","1","10239","29258","10811","10814","begA87","420255","",""
"425303","begA66","species","Tomato leaf curl Seychelles virus","1","10239","29258","10811","10814","begA66","425303","",""
"435646","begA12","species","Radish leaf curl virus","1","10239","29258","10811","10814","begA12","435646","",""
"437063","begA81","species","Ageratum yellow vein Hualian virus","1","10239","29258","10811","10814","begA81","437063","",""
"439421","begA66","species","Tomato leaf curl Namakely virus","1","10239","29258","10811","10814","begA66","439421","",""
"439422","begA66","species","Tomato leaf curl Anjouan virus","1","10239","29258","10811","10814","begA66","439422","",""
"439423","begA66","species","Tobacco leaf curl Comoros virus","1","10239","29258","10811","10814","begA66","439423","",""
"439425","begA66","species","Tomato leaf curl Moheli virus","1","10239","29258","10811","10814","begA66","439425","",""
"439426","begA74","species","Tomato leaf curl Diana virus","1","10239","29258","10811","10814","begA74","439426","",""
"439427","begA75","species","Tomato leaf curl Toliara virus","1","10239","29258","10811","10814","begA75","439427","",""
"44560","begA81","species","Ageratum yellow vein virus","1","10239","29258","10811","10814","begA81","44560","",""
"449400","begA5","species","Kenaf leaf curl virus","1","10239","29258","10811","10814","begA5","449400","",""
"452758","begA79","species","Allamanda leaf curl virus","1","10239","29258","10811","10814","begA79","452758","",""
"457286","begA63","species","Rhynchosia golden mosaic Yucatan virus","1","10239","29258","10811","10814","begA63","457286","",""
"47838","begA31","species","Chino del tomate virus","1","10239","29258","10811","10814","begA31","47838","",""
"498803","begA92","species","Emilia yellow vein virus","1","10239","29258","10811","10814","begA92","498803","",""
"501328","begA68","species","Tomato leaf curl Ghana virus","1","10239","29258","10811","10814","begA68","501328","",""
"507474","begA82","species","Tomato leaf curl Cebu virus","1","10239","29258","10811","10814","begA82","507474","",""
"507476","begA81","species","Tomato leaf curl Mindanao virus","1","10239","29258","10811","10814","begA81","507476","",""
"508748","begA5","species","Mesta yellow vein mosaic Bahraich virus","1","10239","29258","10811","10814","begA5","508748","",""
"51034","begA32","species","Sida golden mosaic virus","1","10239","29258","10811","10814","begA32","51034","",""
"51336","begA63","species","Cabbage leaf curl virus","1","10239","29258","10811","10814","begA63","51336","",""
"51673","begA32","species","Wissadula golden mosaic virus","1","10239","29258","10811","10814","begA32","51673","",""
"51676","begA34","species","Macroptilium golden mosaic virus","1","10239","29258","10811","10814","begA34","51676","",""
"526476","begA10","species","Tomato leaf curl Palampur virus","1","10239","29258","10811","10814","begA10","526476","",""
"529680","begA23","species","Rhynchosia yellow mosaic virus","1","10239","29258","10811","10814","begA23","529680","",""
"530536","begA32","species","Tobacco mottle leaf curl virus","1","10239","29258","10811","10814","begA32","530536","",""
"53260","begA80","species","Papaya leaf curl virus","1","10239","29258","10811","10814","begA80","53260","",""
"536081","begA43","species","Blainvillea yellow spot virus","1","10239","29258","10811","10814","begA43","536081","",""
"536082","begA48","species","Sida common mosaic virus","1","10239","29258","10811","10814","begA48","536082","",""
"536083","begA61","species","Sida yellow leaf curl virus","1","10239","29258","10811","10814","begA61","536083","",""
"536084","begA61","species","Tomato common mosaic virus","1","10239","29258","10811","10814","begA61","536084","",""
"536085","begA48","species","Tomato leaf distortion virus","1","10239","29258","10811","10814","begA48","536085","",""
"536086","begA47","species","Tomato mild mosaic virus","1","10239","29258","10811","10814","begA47","536086","",""
"543876","begA7","species","Jatropha leaf curl virus","1","10239","29258","10811","10814","begA7","543876","",""
"548915","begA68","species","Tomato leaf curl Kumasi virus","1","10239","29258","10811","10814","begA68","548915","",""
"551531","begA12","species","Tomato leaf curl Kerala virus","1","10239","29258","10811","10814","begA12","551531","",""
"55216","begA45","species","Tomato yellow vein streak virus","1","10239","29258","10811","10814","begA45","55216","",""
"559878","begA78","species","Clerodendrum golden mosaic China virus","1","10239","29258","10811","10814","begA78","559878","",""
"565052","begA30","species","Tobacco yellow crinkle virus","1","10239","29258","10811","10814","begA30","565052","",""
"575917","begA81","species","Tomato leaf curl Patna virus","1","10239","29258","10811","10814","begA81","575917","",""
"577124","begA11","species","Chilli leaf curl India virus","1","10239","29258","10811","10814","begA11","577124","",""
"579113","begA12","species","Sunn hemp leaf distortion virus","1","10239","29258","10811","10814","begA12","579113","",""
"58177","begA47","species","Leonurus mosaic virus","1","10239","29258","10811","10814","begA47","58177","",""
"591160","begA12","species","Bhendi yellow vein Bhubhaneswar virus","1","10239","29258","10811","10814","begA12","591160","",""
"598494","begA63","species","Euphorbia yellow mosaic virus","1","10239","29258","10811","10814","begA63","598494","",""
"619599","begA47","species","Okra mottle virus","1","10239","29258","10811","10814","begA47","619599","",""
"619631","begA12","species","Pedilanthus leaf curl virus","1","10239","29258","10811","10814","begA12","619631","",""
"62079","begA66","species","East African cassava mosaic virus","1","10239","29258","10811","10814","begA66","62079","",""
"634441","begA17","species","Tomato leaf curl Sulawesi virus","1","10239","29258","10811","10814","begA17","634441","",""
"63723","begA66","species","South African cassava mosaic virus","1","10239","29258","10811","10814","begA66","63723","",""
"643133","begA35","species","Malvastrum yellow mosaic Helshire virus","1","10239","29258","10811","10814","begA35","643133","",""
"648801","begA40","species","Passionfruit severe leaf distortion virus","1","10239","29258","10811","10814","begA40","648801","",""
"649509","begA79","species","Clerodendrum golden mosaic Jiangsu virus","1","10239","29258","10811","10814","begA79","649509","",""
"649996","begA32","species","Tomato yellow leaf distortion virus","1","10239","29258","10811","10814","begA32","649996","",""
"652718","begA20","species","Sweet potato leaf curl Canary virus","1","10239","29258","10811","10814","begA20","652718","",""
"664980","begA91","species","Tomato leaf curl Hainan virus","1","10239","29258","10811","10814","begA91","664980","",""
"665102","begA61","species","Abutilon Brazil virus","1","10239","29258","10811","10814","begA61","665102","",""
"666144","begA51","species","Cleome leaf crumple virus","1","10239","29258","10811","10814","begA51","666144","",""
"667119","begA23","species","Velvet bean severe mosaic virus","1","10239","29258","10811","10814","begA23","667119","",""
"676044","begA5","species","Malvastrum yellow vein Honghe virus","1","10239","29258","10811","10814","begA5","676044","",""
"681518","begA53","species","Tomato leaf deformation virus","1","10239","29258","10811","10814","begA53","681518","",""
"69263","begA65","species","Cowpea golden mosaic virus","1","10239","29258","10811","10814","begA65","69263","",""
"71186","begA31","species","Tomato leaf curl Sinaloa virus","1","10239","29258","10811","10814","begA31","71186","",""
"713949","begA9","species","Tomato leaf curl Oman virus","1","10239","29258","10811","10814","begA9","713949","",""
"714308","begA26","species","Rhynchosia mild mosaic virus","1","10239","29258","10811","10814","begA26","714308","",""
"714309","begA26","species","Merremia mosaic Puerto Rico virus","1","10239","29258","10811","10814","begA26","714309","",""
"714310","begA31","species","Bean yellow mosaic Mexico virus","1","10239","29258","10811","10814","begA31","714310","",""
"742163","begA8","species","Duranta leaf curl virus","1","10239","29258","10811","10814","begA8","742163","",""
"75574","begA32","species","Jatropha mosaic virus","1","10239","29258","10811","10814","begA32","75574","",""
"759390","begA34","species","Sida golden mottle virus","1","10239","29258","10811","10814","begA34","759390","",""
"761701","begA24","species","Soybean mild mottle virus","1","10239","29258","10811","10814","begA24","761701","",""
"761702","begA65","species","Soybean chlorotic blotch virus","1","10239","29258","10811","10814","begA65","761702","",""
"77647","begA58","species","Cotton leaf crumple virus","1","10239","29258","10811","10814","begA58","77647","",""
"77811","begA63","species","Euphorbia mosaic virus","1","10239","29258","10811","10814","begA63","77811","",""
"77813","begA28","species","Merremia mosaic virus","1","10239","29258","10811","10814","begA28","77813","",""
"79236","begA72","species","Cotton yellow mosaic virus","1","10239","29258","10811","10814","begA72","79236","",""
"83839","begA91","species","Pepper leaf curl virus","1","10239","29258","10811","10814","begA91","83839","",""
"85752","begA89","species","Tomato yellow leaf curl Thailand virus","1","10239","29258","10811","10814","begA89","85752","",""
"858511","begA44","species","Tomato golden leaf distortion virus","1","10239","29258","10811","10814","begA44","858511","",""
"858512","begA59","species","Tomato bright yellow mottle virus","1","10239","29258","10811","10814","begA59","858512","",""
"858513","begA47","species","Sidastrum golden leaf spot virus","1","10239","29258","10811","10814","begA47","858513","",""
"858516","begA31","species","Chino del tomate Amazonas virus","1","10239","29258","10811","10814","begA31","858516","",""
"858517","begA51","species","Cleome golden mosaic virus","1","10239","29258","10811","10814","begA51","858517","",""
"86502","begA29","species","Tomato yellow mottle virus","1","10239","29258","10811","10814","begA29","86502","",""
"875323","begA12","species","Rose leaf curl virus","1","10239","29258","10811","10814","begA12","875323","",""
"875324","begA5","species","Eclipta yellow vein virus","1","10239","29258","10811","10814","begA5","875324","",""
"881944","begA5","species","Pepper yellow leaf curl virus","1","10239","29258","10811","10814","begA5","881944","",""
"884610","begA9","species","Pepper leaf curl Lahore virus","1","10239","29258","10811","10814","begA9","884610","",""
"905054","begA81","species","Tobacco leaf curl Pusa virus","1","10239","29258","10811","10814","begA81","905054","",""
"908023","begA5","species","Bhendi yellow vein India virus","1","10239","29258","10811","10814","begA5","908023","",""
"908125","begA5","species","Okra enation leaf curl virus","1","10239","29258","10811","10814","begA5","908125","",""
"912033","begA68","species","Ageratum leaf curl Cameroon virus","1","10239","29258","10811","10814","begA68","912033","",""
"912034","begA74","species","Okra leaf curl Cameroon virus","1","10239","29258","10811","10814","begA74","912034","",""
"928315","begA12","species","Papaya leaf crumple virus","1","10239","29258","10811","10814","begA12","928315","",""
"92963","begA64","species","Tomato severe leaf curl virus","1","10239","29258","10811","10814","begA64","92963","",""
"932069","begA49","species","Sida mosaic Bolivia virus 1","1","10239","29258","10811","10814","begA49","932069","",""
"932070","begA50","species","Sida mosaic Bolivia virus 2","1","10239","29258","10811","10814","begA50","932070","",""
"932071","begA46","species","Abutilon mosaic Bolivia virus","1","10239","29258","10811","10814","begA46","932071","",""
"932073","begA45","species","Solanum mosaic Bolivia virus","1","10239","29258","10811","10814","begA45","932073","",""
"935473","begA23","species","Rhynchosia yellow mosaic India virus","1","10239","29258","10811","10814","begA23","935473","",""
"944994","begA12","species","Hollyhock yellow vein mosaic virus","1","10239","29258","10811","10814","begA12","944994","",""
"94700","begA30","species","Dicliptera yellow mottle virus","1","10239","29258","10811","10814","begA30","94700","",""
"96054","begA82","species","Tomato leaf curl Philippines virus","1","10239","29258","10811","10814","begA82","96054","",""
"971271","begA91","species","Tomato leaf curl Hanoi virus","1","10239","29258","10811","10814","begA91","971271","",""
"994388","begA19","species","Sweet potato leaf curl Sao Paulo virus","1","10239","29258","10811","10814","begA19","994388","",""
"997078","begA66","species","Tomato leaf curl Comoros virus","1","10239","29258","10811","10814","begA66","997078","",""
"999288","begA21","species","Sweet potato leaf curl South Carolina virus","1","10239","29258","10811","10814","begA21","999288","",""
"1000663","begA10","species","Chilli leaf curl Salem virus-India [India/Salem/2008]","1","10239","29258","10811","10814","begA10","1000663","",""
"1000666","begA11","species","Chilli leaf curl Multan virus-India [India/Guntur/2009]","1","10239","29258","10811","10814","begA11","1000666","",""
"1000670","begA9","species","Pepper leaf curl Bangladesh virus-India","1","10239","29258","10811","10814","begA9","1000670","",""
"1000675","begA11","species","Tomato leaf curl Joydebpur virus-India","1","10239","29258","10811","10814","begA11","1000675","",""
"1000681","begA11","species","Tomato leaf curl Karnataka virus-India [India/Banglore/Chilli/2008]","1","10239","29258","10811","10814","begA11","1000681","",""
"1001341","begA92","species","Vernonia yellow vein Fujian virus","1","10239","29258","10811","10814","begA92","1001341","",""
"1032479","begA57","species","Chenopodium leaf curl virus [VEM]","1","10239","29258","10811","10814","begA57","1032479","",""
"1032481","begA32","species","Whitefly VEM 1 begomovirus","1","10239","29258","10811","10814","begA32","1032481","",""
"1038082","begA9","species","Datura leaf curl virus","1","10239","29258","10811","10814","begA9","1038082","",""
"1046297","begA5","species","Bhendi yellow vein mosaic Maharashtra virus","1","10239","29258","10811","10814","begA5","1046297","",""
"1088661","begA5","species","Bhendi yellow vein Delhi virus","1","10239","29258","10811","10814","begA5","1088661","",""
"1141722","begA68","species","Tomato leaf curl Togo virus","1","10239","29258","10811","10814","begA68","1141722","",""
"1219877","begA9","species","Croton yellow vein mosaic virus-India","1","10239","29258","10811","10814","begA9","1219877","",""
"1219878","begA11","species","Pepper leaf curl Varanasi virus","1","10239","29258","10811","10814","begA11","1219878","",""
"1256868","begA11","species","Sunflower leaf curl virus","1","10239","29258","10811","10814","begA11","1256868","",""
"1264782","begA61","species","Corchorus mottle virus","1","10239","29258","10811","10814","begA61","1264782","",""
"1290341","begA90","species","Tomato leaf curl Yunnan virus","1","10239","29258","10811","10814","begA90","1290341","",""
"1329380","begA81","species","Ageratum Yellow vein China virus - OX1","1","10239","29258","10811","10814","begA81","1329380","",""
"1329381","begA91","species","Tomato leaf curl China virus - OX2","1","10239","29258","10811","10814","begA91","1329381","",""
"1384631","begA12","species","Tomato leaf curl Gandhinagar virus","1","10239","29258","10811","10814","begA12","1384631","",""
"1387160","begA45","species","Pepper leafroll virus","1","10239","29258","10811","10814","begA45","1387160","",""
"1391746","begA67","species","Tomato yellow leaf curl Saudi virus","1","10239","29258","10811","10814","begA67","1391746","",""
"1392388","begA20","species","Sweet potato leaf curl Shanghai virus","1","10239","29258","10811","10814","begA20","1392388","",""
"1401449","begA83","species","Ramie yellow mosaic virus","1","10239","29258","10811","10814","begA83","1401449","",""
"1498504","begA9","species","Tomato leaf curl Barka virus","1","10239","29258","10811","10814","begA9","1498504","",""
"1538465","begA7","species","Jatropha mosaic Lucknow virus","1","10239","29258","10811","10814","begA7","1538465","",""
"1544382","begA89","species","Synedrella leaf curl virus-[Portblair:Andaman]","1","10239","29258","10811","10814","begA89","1544382","",""
"1547577","begA13","species","Jatropha leaf crumple virus","1","10239","29258","10811","10814","begA13","1547577","",""
"1589243","begA12","species","Cestrum leaf curl Islamabad virus","1","10239","29258","10811","10814","begA12","1589243","",""
"163654","begA74","species","Okra leaf curl virus","1","10239","29258","10811","10814","begA74","163654","",""
"1678003","begA11","species","Chilli leaf curl Ahmedabad virus-India [India/Ahmedabad/2014]","1","10239","29258","10811","10814","begA11","1678003","",""
"1701401","begA10","species","Chilli leaf curl Bijnour virus-India","1","10239","29258","10811","10814","begA10","1701401","",""
"1740343","begA32","species","VEM begomovirus 5","1","10239","29258","10811","10814","begA32","1740343","",""
"1881631","begA91","species","Eggplant golden mosaic virus","1","10239","29258","10811","10814","begA91","1881631","",""
"1884873","begA39","species","Croton golden mosaic virus","1","10239","29258","10811","10814","begA39","1884873","",""
"1899219","begA89","species","Synedrella leaf curl virus","1","10239","29258","10811","10814","begA89","1899219","",""
"1914953","begA10","species","Chayote enation yellow mosaic virus","1","10239","29258","10811","10814","begA10","1914953","",""
"1982675","begA56","species","Jacquemontia yellow vein virus","1","10239","29258","10811","10814","begA56","1982675","",""
"2004460","begA63","species","Bean leaf crumple virus","1","10239","29258","10811","10814","begA63","2004460","",""
"2015440","begA34","species","Tomato mosaic Trujillo virus","1","10239","29258","10811","10814","begA34","2015440","",""
"2015441","begA34","species","Tomato chlorotic leaf curl virus","1","10239","29258","10811","10814","begA34","2015441","",""
"2020881","begA91","species","Emilia sonchifolia yellow vein Thailand virus","1","10239","29258","10811","10814","begA91","2020881","",""
"2021666","begA30","species","Macroptilium golden yellow mosaic virus","1","10239","29258","10811","10814","begA30","2021666","",""
"2021667","begA40","species","Tomato leaf curl purple vein virus","1","10239","29258","10811","10814","begA40","2021667","",""
"202567","begA81","species","Ageratum yellow vein China virus","1","10239","29258","10811","10814","begA81","202567","",""
"2030909","begA5","species","Malvastrum yellow vein Lahore virus","1","10239","29258","10811","10814","begA5","2030909","",""
"2048880","begA10","species","Coccinia mosaic Virudhunagar virus","1","10239","29258","10811","10814","begA10","2048880","",""
"2126804","begA27","species","Boerhavia golden mosaic virus","1","10239","29258","10811","10814","begA27","2126804","",""
"2164174","begA5","species","Hibiscus vein enation virus","1","10239","29258","10811","10814","begA5","2164174","",""
"2174902","begA48","species","Sida yellow golden mosaic virus","1","10239","29258","10811","10814","begA48","2174902","",""
"2202146","begA5","species","Malachra yellow mosaic virus","1","10239","29258","10811","10814","begA5","2202146","",""
"222441","begA81","species","Ageratum yellow vein Taiwan virus","1","10239","29258","10811","10814","begA81","222441","",""
"223259","begA5","species","Cotton leaf curl Rajasthan virus","1","10239","29258","10811","10814","begA5","223259","",""
"2282485","begA18","species","Sweet potato leaf curl Hubei virus","1","10239","29258","10811","10814","begA18","2282485","",""
"2303390","begA6","species","Hollyhock yellow vein virus","1","10239","29258","10811","10814","begA6","2303390","",""
"2419504","begA10","species","Squash leaf curl Thailand virus","1","10239","29258","10811","10814","begA10","2419504","",""
"2486070","begA10","species","Bitter gourd yellow mosaic virus","1","10239","29258","10811","10814","begA10","2486070","",""
"2496575","begA81","species","Emilia yellow vein Fujian virus","1","10239","29258","10811","10814","begA81","2496575","",""
"302100","begA66","species","Tomato leaf curl Mayotte virus","1","10239","29258","10811","10814","begA66","302100","",""
"341711","begA12","species","Tomato leaf curl Pakistan virus","1","10239","29258","10811","10814","begA12","341711","",""
"341712","begA9","species","Chili leaf curl Pakistan virus","1","10239","29258","10811","10814","begA9","341712","",""
"420853","begA10","species","Squash leaf curl Philippines virus -[Taiwan]","1","10239","29258","10811","10814","begA10","420853","",""
"429321","begA10","species","Melon leaf curl virus","1","10239","29258","10811","10814","begA10","429321","",""
"439420","begA74","species","Bean leaf curl Madagascar virus","1","10239","29258","10811","10814","begA74","439420","",""
"439424","begA66","species","Tomato leaf curl Antsiranana virus","1","10239","29258","10811","10814","begA66","439424","",""
"450633","begA20","species","Sweet potato begomovirus","1","10239","29258","10811","10814","begA20","450633","",""
"507475","begA81","species","Tomato leaf curl Cotabato virus","1","10239","29258","10811","10814","begA81","507475","",""
"509532","begA5","species","Gossypium punctatum mild leaf curl virus","1","10239","29258","10811","10814","begA5","509532","",""
"53010","begA5","species","Cotton leaf curl virus","1","10239","29258","10811","10814","begA5","53010","",""
"564944","begA32","species","Tomato yellow distortion leaf virus","1","10239","29258","10811","10814","begA32","564944","",""
"574890","begA20","species","Sweet potato leaf curl Lanzarote virus","1","10239","29258","10811","10814","begA20","574890","",""
"604277","begA67","species","TYLCAxV-Sic2-[IT:Sic2/5:04]","1","10239","29258","10811","10814","begA67","604277","",""
"620894","begA5","species","Cotton leaf curl Burewala virus","1","10239","29258","10811","10814","begA5","620894","",""
"652717","begA20","species","Sweet potato leaf curl Spain virus","1","10239","29258","10811","10814","begA20","652717","",""
"653358","begA20","species","Ipomoea yellow vein virus","1","10239","29258","10811","10814","begA20","653358","",""
"666145","begA47","species","Sida Brazil virus","1","10239","29258","10811","10814","begA47","666145","",""
"671095","begA9","species","Croton yellow vein virus","1","10239","29258","10811","10814","begA9","671095","",""
"674996","begA5","species","Cotton leaf curl Shadadpur virus","1","10239","29258","10811","10814","begA5","674996","",""
"67762","begA93","species","Tobacco leaf curl virus","1","10239","29258","10811","10814","begA93","67762","",""
"688540","begA20","species","Sweet potato golden vein associated virus","1","10239","29258","10811","10814","begA20","688540","",""
"693892","begA20","species","Sweet potato leaf curl Bengal virus","1","10239","29258","10811","10814","begA20","693892","",""
"693894","begA68","species","Tomato leaf curl Cameroon virus","1","10239","29258","10811","10814","begA68","693894","",""
"727987","begA81","species","Cotton leaf curl virus LKO-2","1","10239","29258","10811","10814","begA81","727987","",""
"908123","begA5","species","Okra leaf curl India virus","1","10239","29258","10811","10814","begA5","908123","",""
"938276","begA12","species","Tomato leaf curl Ranchi virus","1","10239","29258","10811","10814","begA12","938276","",""
"begA1","10814","below_genus","begA1","1","10239","29258","10811","10814","begA20","","",""
"begA2","10814","below_genus","begA2","1","10239","29258","10811","10814","begA20","","",""
"begA3","10814","below_genus","begA3","1","10239","29258","10811","10814","begA20","","",""
"begA4","10814","below_genus","begA4","1","10239","29258","10811","10814","begA20","","",""
"begA5","10814","below_genus","begA5","1","10239","29258","10811","10814","begA20","","",""
"begA6","10814","below_genus","begA6","1","10239","29258","10811","10814","begA20","","",""
"begA7","10814","below_genus","begA7","1","10239","29258","10811","10814","begA20","","",""
"begA8","10814","below_genus","begA8","1","10239","29258","10811","10814","begA20","","",""
"begA9","10814","below_genus","begA9","1","10239","29258","10811","10814","begA20","","",""
"begA10","10814","below_genus","begA10","1","10239","29258","10811","10814","begA20","","",""
"begA11","10814","below_genus","begA11","1","10239","29258","10811","10814","begA20","","",""
"begA12","10814","below_genus","begA12","1","10239","29258","10811","10814","begA20","","",""
"begA13","10814","below_genus","begA13","1","10239","29258","10811","10814","begA20","","",""
"begA14","10814","below_genus","begA14","1","10239","29258","10811","10814","begA20","","",""
"begA15","10814","below_genus","begA15","1","10239","29258","10811","10814","begA20","","",""
"begA16","10814","below_genus","begA16","1","10239","29258","10811","10814","begA20","","",""
"begA17","10814","below_genus","begA17","1","10239","29258","10811","10814","begA20","","",""
"begA18","10814","below_genus","begA18","1","10239","29258","10811","10814","begA20","","",""
"begA19","10814","below_genus","begA19","1","10239","29258","10811","10814","begA20","","",""
"begA20","10814","below_genus","begA20","1","10239","29258","10811","10814","begA20","","",""
"begA21","10814","below_genus","begA21","1","10239","29258","10811","10814","begA21","","",""
"begA22","10814","below_genus","begA22","1","10239","29258","10811","10814","begA22","","",""
"begA23","10814","below_genus","begA23","1","10239","29258","10811","10814","begA23","","",""
"begA24","10814","below_genus","begA24","1","10239","29258","10811","10814","begA24","","",""
"begA25","10814","below_genus","begA25","1","10239","29258","10811","10814","begA25","","",""
"begA26","10814","below_genus","begA26","1","10239","29258","10811","10814","begA26","","",""
"begA27","10814","below_genus","begA27","1","10239","29258","10811","10814","begA27","","",""
"begA28","10814","below_genus","begA28","1","10239","29258","10811","10814","begA28","","",""
"begA29","10814","below_genus","begA29","1","10239","29258","10811","10814","begA29","","",""
"begA30","10814","below_genus","begA30","1","10239","29258","10811","10814","begA30","","",""
"begA31","10814","below_genus","begA31","1","10239","29258","10811","10814","begA31","","",""
"begA32","10814","below_genus","begA32","1","10239","29258","10811","10814","begA32","","",""
"begA33","10814","below_genus","begA33","1","10239","29258","10811","10814","begA33","","",""
"begA34","10814","below_genus","begA34","1","10239","29258","10811","10814","begA34","","",""
"begA35","10814","below_genus","begA35","1","10239","29258","10811","10814","begA35","","",""
"begA36","10814","below_genus","begA36","1","10239","29258","10811","10814","begA36","","",""
"begA37","10814","below_genus","begA37","1","10239","29258","10811","10814","begA37","","",""
"begA38","10814","below_genus","begA38","1","10239","29258","10811","10814","begA38","","",""
"begA39","10814","below_genus","begA39","1","10239","29258","10811","10814","begA39","","",""
"begA40","10814","below_genus","begA40","1","10239","29258","10811","10814","begA40","","",""
"begA41","10814","below_genus","begA41","1","10239","29258","10811","10814","begA41","","",""
"begA42","10814","below_genus","begA42","1","10239","29258","10811","10814","begA42","","",""
"begA43","10814","below_genus","begA43","1","10239","29258","10811","10814","begA43","","",""
"begA44","10814","below_genus","begA44","1","10239","29258","10811","10814","begA44","","",""
"begA45","10814","below_genus","begA45","1","10239","29258","10811","10814","begA45","","",""
"begA46","10814","below_genus","begA46","1","10239","29258","10811","10814","begA46","","",""
"begA47","10814","below_genus","begA47","1","10239","29258","10811","10814","begA47","","",""
"begA48","10814","below_genus","begA48","1","10239","29258","10811","10814","begA48","","",""
"begA49","10814","below_genus","begA49","1","10239","29258","10811","10814","begA49","","",""
"begA50","10814","below_genus","begA50","1","10239","29258","10811","10814","begA50","","",""
"begA51","10814","below_genus","begA51","1","10239","29258","10811","10814","begA51","","",""
"begA52","10814","below_genus","begA52","1","10239","29258","10811","10814","begA52","","",""
"begA53","10814","below_genus","begA53","1","10239","29258","10811","10814","begA53","","",""
"begA54","10814","below_genus","begA54","1","10239","29258","10811","10814","begA54","","",""
"begA55","10814","below_genus","begA55","1","10239","29258","10811","10814","begA55","","",""
"begA56","10814","below_genus","begA56","1","10239","29258","10811","10814","begA56","","",""
"begA57","10814","below_genus","begA57","1","10239","29258","10811","10814","begA57","","",""
"begA58","10814","below_genus","begA58","1","10239","29258","10811","10814","begA58","","",""
"begA59","10814","below_genus","begA59","1","10239","29258","10811","10814","begA59","","",""
"begA60","10814","below_genus","begA60","1","10239","29258","10811","10814","begA60","","",""
"begA61","10814","below_genus","begA61","1","10239","29258","10811","10814","begA61","","",""
"begA62","10814","below_genus","begA62","1","10239","29258","10811","10814","begA62","","",""
"begA63","10814","below_genus","begA63","1","10239","29258","10811","10814","begA63","","",""
"begA64","10814","below_genus","begA64","1","10239","29258","10811","10814","begA64","","",""
"begA65","10814","below_genus","begA65","1","10239","29258","10811","10814","begA65","","",""
"begA66","10814","below_genus","begA66","1","10239","29258","10811","10814","begA66","","",""
"begA67","10814","below_genus","begA67","1","10239","29258","10811","10814","begA67","","",""
"begA68","10814","below_genus","begA68","1","10239","29258","10811","10814","begA68","","",""
"begA69","10814","below_genus","begA69","1","10239","29258","10811","10814","begA69","","",""
"begA70","10814","below_genus","begA70","1","10239","29258","10811","10814","begA70","","",""
"begA71","10814","below_genus","begA71","1","10239","29258","10811","10814","begA71","","",""
"begA72","10814","below_genus","begA72","1","10239","29258","10811","10814","begA72","","",""
"begA73","10814","below_genus","begA73","1","10239","29258","10811","10814","begA73","","",""
"begA74","10814","below_genus","begA74","1","10239","29258","10811","10814","begA74","","",""
"begA75","10814","below_genus","begA75","1","10239","29258","10811","10814","begA75","","",""
"begA76","10814","below_genus","begA76","1","10239","29258","10811","10814","begA76","","",""
"begA77","10814","below_genus","begA77","1","10239","29258","10811","10814","begA77","","",""
"begA78","10814","below_genus","begA78","1","10239","29258","10811","10814","begA78","","",""
"begA79","10814","below_genus","begA79","1","10239","29258","10811","10814","begA79","","",""
"begA80","10814","below_genus","begA80","1","10239","29258","10811","10814","begA80","","",""
"begA81","10814","below_genus","begA81","1","10239","29258","10811","10814","begA81","","",""
"begA82","10814","below_genus","begA82","1","10239","29258","10811","10814","begA82","","",""
"begA83","10814","below_genus","begA83","1","10239","29258","10811","10814","begA83","","",""
"begA84","10814","below_genus","begA84","1","10239","29258","10811","10814","begA84","","",""
"begA85","10814","below_genus","begA85","1","10239","29258","10811","10814","begA85","","",""
"begA86","10814","below_genus","begA86","1","10239","29258","10811","10814","begA86","","",""
"begA87","10814","below_genus","begA87","1","10239","29258","10811","10814","begA87","","",""
"begA88","10814","below_genus","begA88","1","10239","29258","10811","10814","begA88","","",""
"begA89","10814","below_genus","begA89","1","10239","29258","10811","10814","begA89","","",""
"begA90","10814","below_genus","begA90","1","10239","29258","10811","10814","begA90","","",""
"begA91","10814","below_genus","begA91","1","10239","29258","10811","10814","begA91","","",""
"begA92","10814","below_genus","begA92","1","10239","29258","10811","10814","begA92","","",""
"begA93","10814","below_genus","begA93","1","10239","29258","10811","10814","begA93","","",""
