{
    "files": {
        "phylo_model": "phylo_modelENHoaE.json", 
        "taxonomy": "begomovirusA_taxonomy.csv", 
        "tree": "begomoA_ROOTED.tre", 
        "aln_fasta": "begomoA_DOUBLE.fas", 
        "seq_info": "begomovirusA_info.csv", 
        "tree_stats": "begomoA.log"
    }, 
    "rollback": null, 
    "log": [
        "Stripped refpkg (removed 0 files)", 
        "Loaded initial files into empty refpkg"
    ], 
    "metadata": {
        "create_date": "2019-02-07 15:57:31", 
        "format_version": "1.1", 
        "locus": "begomovirusA"
    }, 
    "rollforward": null, 
    "md5": {
        "phylo_model": "9ced0395b4f0216f940dec49c389bf8d", 
        "taxonomy": "67179ebb69813831005fd61af8c5a419", 
        "tree": "64e3348e7f9598a893fa2f40d0ccfebb", 
        "aln_fasta": "0fd77a94132f71f57fba71f3b04ead35", 
        "seq_info": "4e12a4d5b6cffe18e188534321b008fe", 
        "tree_stats": "9b996d836d82053f433bc6369a9226ae"
    }
}
