"seqname","accession","tax_id","species","is_type"
"MN127777","MN127777",1174530,"Feline bocavirus","no"
"MN127776","MN127776",1174530,"Feline bocavirus","no"
"MN091929","MN091929",2654204,"Primate bocaparvovirus 3","no"
"MK671305","MK671305",2169769,"Carnivore bocaparvovirus 6","no"
"MK671304","MK671304",2169769,"Carnivore bocaparvovirus 6","no"
"MK014742","MK014742",2597326,"Vicugna pacos bocaparvovirus","no"
"MK467456","MK467456",1084715,"Porcine bocavirus 3","no"
"MK989729","MK989729",329641,"Human bocavirus","no"
"MK989728","MK989728",329641,"Human bocavirus","no"
"MK989727","MK989727",329641,"Human bocavirus","no"
"MK378152","MK378152",1084715,"Porcine bocavirus 3","no"
"MK378129","MK378129",1084715,"Porcine bocavirus 3","no"
"MK378128","MK378128",1084715,"Porcine bocavirus 3","no"
"MK378126","MK378126",1084715,"Porcine bocavirus 3","no"
"MK378125","MK378125",1084715,"Porcine bocavirus 3","no"
"MK378124","MK378124",1084715,"Porcine bocavirus 3","no"
"MK378123","MK378123",1084715,"Porcine bocavirus 3","no"
"MK378122","MK378122",1084715,"Porcine bocavirus 3","no"
"MK378121","MK378121",1084715,"Porcine bocavirus 3","no"
"MK378120","MK378120",1084715,"Porcine bocavirus 3","no"
"MK378104","MK378104",1048219,"Porcine bocavirus 1","no"
"MK378103","MK378103",1048219,"Porcine bocavirus 1","no"
"MK378102","MK378102",1048219,"Porcine bocavirus 1","no"
"MK378101","MK378101",1048219,"Porcine bocavirus 1","no"
"MK378098","MK378098",1048219,"Porcine bocavirus 1","no"
"MK378097","MK378097",1048219,"Porcine bocavirus 1","no"
"MK378092","MK378092",1048219,"Porcine bocavirus 1","no"
"MK378081","MK378081",1048219,"Porcine bocavirus 1","no"
"MK378078","MK378078",1048219,"Porcine bocavirus 1","no"
"MK378075","MK378075",1048219,"Porcine bocavirus 1","no"
"MK378073","MK378073",1048219,"Porcine bocavirus 1","no"
"MK378062","MK378062",1048219,"Porcine bocavirus 1","no"
"MK378057","MK378057",1048219,"Porcine bocavirus 1","no"
"KT592508","KT592508",1329649,"Bat bocavirus","no"
"MK034749","MK034749",329641,"Human bocavirus","no"
"HQ291309","HQ291309",1511884,"Porcine bocavirus A6","no"
"MK513526","MK513526",2529488,"Tasmanian devil-associated bocavirus 1","no"
"MK513525","MK513525",2529488,"Tasmanian devil-associated bocavirus 1","no"
"MH626633","MH626633",1108949,"Canine bocavirus","no"
"KJ649742","KJ649742",329641,"Human bocavirus","no"
"KJ649741","KJ649741",329641,"Human bocavirus","no"
"KJ710645","KJ710645",329641,"Human bocavirus","no"
"JQ964116","JQ964116",329641,"Human bocavirus","no"
"JQ964115","JQ964115",329641,"Human bocavirus","no"
"JQ964114","JQ964114",329641,"Human bocavirus","no"
"MH121120","MH121120",329641,"Human bocavirus","no"
"MG986723","MG986723",2488327,"Rhinolophus affinis bocaparvovirus 1","no"
"MH003836","MH003836",2137546,"Rodent bocavirus","no"
"MH558677","MH558677",1048219,"Porcine bocavirus 1","no"
"MH713703","MH713703",329639,"Canine minute virus","no"
"MG383450","MG383450",329641,"Human bocavirus","no"
"MG383449","MG383449",329641,"Human bocavirus","no"
"MG383448","MG383448",329641,"Human bocavirus","no"
"MG383447","MG383447",329641,"Human bocavirus","no"
"MG383446","MG383446",329641,"Human bocavirus","no"
"MG383445","MG383445",638313,"Human bocavirus 3","no"
"MG905225","MG905225",1788315,"Rat bocavirus","no"
"MG905224","MG905224",1788315,"Rat bocavirus","no"
"MG905223","MG905223",1788315,"Rat bocavirus","no"
"MG905222","MG905222",1788315,"Rat bocavirus","no"
"MG905221","MG905221",1788315,"Rat bocavirus","no"
"MG905220","MG905220",1788315,"Rat bocavirus","no"
"MG905219","MG905219",1788315,"Rat bocavirus","no"
"MG905218","MG905218",1788315,"Rat bocavirus","no"
"MG905217","MG905217",1788315,"Rat bocavirus","no"
"MG905216","MG905216",1788315,"Rat bocavirus","no"
"MG905215","MG905215",1788315,"Rat bocavirus","no"
"MG905214","MG905214",1788315,"Rat bocavirus","no"
"MG365887","MG365887",1165907,"Porcine bocavirus","no"
"MG365886","MG365886",1165907,"Porcine bocavirus","no"
"MG365885","MG365885",1165907,"Porcine bocavirus","no"
"MG365884","MG365884",1165907,"Porcine bocavirus","no"
"MG365883","MG365883",1165907,"Porcine bocavirus","no"
"MH155951","MH155951",1174530,"Feline bocavirus","no"
"MH155950","MH155950",1174530,"Feline bocavirus","no"
"MH155949","MH155949",1174530,"Feline bocavirus","no"
"MH155948","MH155948",1174530,"Feline bocavirus","no"
"MH155947","MH155947",1174530,"Feline bocavirus","no"
"MH155946","MH155946",1174530,"Feline bocavirus","no"
"MH051157","MH051157",329639,"Canine minute virus","no"
"MH051156","MH051156",329639,"Canine minute virus","no"
"MH454686","MH454686",1165907,"Porcine bocavirus","no"
"MG745673","MG745673",2137546,"Rodent bocavirus","no"
"KU950356","KU950356",2259808,"Mink bocavirus 1","no"
"KP729195","KP729195",2169774,"Lagomorph bocaparvovirus 1","no"
"KM017744","KM017744",2259807,"Feline bocaparvovirus 3","no"
"KC339251","KC339251",2259810,"Bat bocavirus WM40","no"
"KC339250","KC339250",2259811,"Bat bocavirus XM30","no"
"MH341441","MH341441",1511875,"Ungulate bocaparvovirus 3","no"
"MF590244","MF590244",1165907,"Porcine bocavirus","no"
"MF590243","MF590243",1165907,"Porcine bocavirus","no"
"MG693108","MG693108",1329649,"Bat bocavirus","no"
"MG953834","MG953834",638313,"Human bocavirus 3","no"
"MG953833","MG953833",638313,"Human bocavirus 3","no"
"MG953832","MG953832",638313,"Human bocavirus 3","no"
"MG953831","MG953831",573977,"Human bocavirus 2","no"
"MG953830","MG953830",689403,"Human bocavirus 1","no"
"MG953829","MG953829",689403,"Human bocavirus 1","no"
"MF175080","MF175080",2171381,"Murine bocavirus","no"
"MF175076","MF175076",2171393,"Murine-associated porcine bocavirus","no"
"JQ923422","JQ923422",1511871,"Primate bocaparvovirus 1","no"
"KY927875","KY927875",2137546,"Rodent bocavirus","no"
"KY927874","KY927874",2137546,"Rodent bocavirus","no"
"KY927873","KY927873",2137546,"Rodent bocavirus","no"
"KY927872","KY927872",2137546,"Rodent bocavirus","no"
"KY927871","KY927871",2137546,"Rodent bocavirus","no"
"KY927870","KY927870",2137546,"Rodent bocavirus","no"
"KY927869","KY927869",2137546,"Rodent bocavirus","no"
"KY927868","KY927868",2137546,"Rodent bocavirus","no"
"KY927867","KY927867",2137546,"Rodent bocavirus","no"
"MG195156","MG195156",329641,"Human bocavirus","no"
"MF314144","MF314144",329641,"Human bocavirus","no"
"MG893897","MG893897",1165907,"Porcine bocavirus","no"
"DQ000496","DQ000496",1511871,"Primate bocaparvovirus 1","no"
"MG025952","MG025952",2093270,"Canine bocavirus 2","no"
"MF376170","MF376170",329641,"Human bocavirus","no"
"MF376169","MF376169",329641,"Human bocavirus","no"
"MF376168","MF376168",329641,"Human bocavirus","no"
"MF376167","MF376167",329641,"Human bocavirus","no"
"MF464269","MF464269",2059415,"Himalayan marmot bocaparvovirus 2","no"
"MF464268","MF464268",2059413,"Himalayan marmot bocaparvovirus 1","no"
"MF682925","MF682925",2053082,"Rousettus leschenaultii bocaparvovirus 1","no"
"MF682924","MF682924",2053081,"Rhinolophus sinicus bocaparvovirus 2","no"
"MF682923","MF682923",2053080,"Rhinolophus pusillus bocaparvovirus 2","no"
"MF682922","MF682922",2053079,"Rhinolophus pusillus bocaparvovirus 1","no"
"MF374982","MF374982",329641,"Human bocavirus","no"
"MF374981","MF374981",329641,"Human bocavirus","no"
"MF085373","MF085373",1165907,"Porcine bocavirus","no"
"KX826938","KX826938",329641,"Human bocavirus","no"
"MF680549","MF680549",329641,"Human bocavirus","no"
"KY629421","KY629421",1511871,"Primate bocaparvovirus 1","no"
"KY214448","KY214448",2017714,"Lupine bocavirus","no"
"KY214446","KY214446",329639,"Canine minute virus","no"
"KY426738","KY426738",1165907,"Porcine bocavirus","no"
"KY640455","KY640455",2014604,"Dromedary camel bocaparvovirus 2","no"
"KY640454","KY640454",2014604,"Dromedary camel bocaparvovirus 2","no"
"KY640453","KY640453",2014604,"Dromedary camel bocaparvovirus 2","no"
"KY640452","KY640452",2014604,"Dromedary camel bocaparvovirus 2","no"
"KY640451","KY640451",2014604,"Dromedary camel bocaparvovirus 2","no"
"KY640450","KY640450",2014604,"Dromedary camel bocaparvovirus 2","no"
"KY640449","KY640449",2014604,"Dromedary camel bocaparvovirus 2","no"
"KY640448","KY640448",2014604,"Dromedary camel bocaparvovirus 2","no"
"KY640447","KY640447",2014604,"Dromedary camel bocaparvovirus 2","no"
"KY640446","KY640446",2014604,"Dromedary camel bocaparvovirus 2","no"
"KY640445","KY640445",2014604,"Dromedary camel bocaparvovirus 2","no"
"KY640444","KY640444",2014604,"Dromedary camel bocaparvovirus 2","no"
"KY640443","KY640443",2014604,"Dromedary camel bocaparvovirus 2","no"
"KY640442","KY640442",2014604,"Dromedary camel bocaparvovirus 2","no"
"KY640441","KY640441",2014604,"Dromedary camel bocaparvovirus 2","no"
"KY640440","KY640440",2014604,"Dromedary camel bocaparvovirus 2","no"
"KY640439","KY640439",2014604,"Dromedary camel bocaparvovirus 2","no"
"KY640438","KY640438",2014604,"Dromedary camel bocaparvovirus 2","no"
"KY640437","KY640437",2014603,"Dromedary camel bocaparvovirus 1","no"
"KY640436","KY640436",2014603,"Dromedary camel bocaparvovirus 1","no"
"KY640435","KY640435",2014603,"Dromedary camel bocaparvovirus 1","no"
"KY640434","KY640434",2014603,"Dromedary camel bocaparvovirus 1","no"
"KY640433","KY640433",2014603,"Dromedary camel bocaparvovirus 1","no"
"KY640432","KY640432",2014603,"Dromedary camel bocaparvovirus 1","no"
"KY640431","KY640431",2014603,"Dromedary camel bocaparvovirus 1","no"
"KY640430","KY640430",2014603,"Dromedary camel bocaparvovirus 1","no"
"KY640429","KY640429",2014603,"Dromedary camel bocaparvovirus 1","no"
"KY640428","KY640428",2014603,"Dromedary camel bocaparvovirus 1","no"
"KY640427","KY640427",2014603,"Dromedary camel bocaparvovirus 1","no"
"KY640426","KY640426",2014603,"Dromedary camel bocaparvovirus 1","no"
"KY640425","KY640425",2014603,"Dromedary camel bocaparvovirus 1","no"
"KY640424","KY640424",2014603,"Dromedary camel bocaparvovirus 1","no"
"KY640423","KY640423",2014603,"Dromedary camel bocaparvovirus 1","no"
"KY640422","KY640422",2014603,"Dromedary camel bocaparvovirus 1","no"
"KY640421","KY640421",2014603,"Dromedary camel bocaparvovirus 1","no"
"KY640420","KY640420",2014603,"Dromedary camel bocaparvovirus 1","no"
"KY640419","KY640419",2014603,"Dromedary camel bocaparvovirus 1","no"
"KY640418","KY640418",2014603,"Dromedary camel bocaparvovirus 1","no"
"KY640417","KY640417",2014603,"Dromedary camel bocaparvovirus 1","no"
"KY038922","KY038922",1108949,"Canine bocavirus","no"
"KY489986","KY489986",1048219,"Porcine bocavirus 1","no"
"KY489985","KY489985",1048219,"Porcine bocavirus 1","no"
"KY050744","KY050744",573977,"Human bocavirus 2","no"
"KY050743","KY050743",329641,"Human bocavirus","no"
"KY581737","KY581737",1986196,"Gorilla bocaparvovirus 2","no"
"KY581736","KY581736",1986196,"Gorilla bocaparvovirus 2","no"
"KU321655","KU321655",1911555,"Rhinolophus sinicus bocaparvovirus","no"
"KU321654","KU321654",1911554,"Miniopterus schreibersii bat bocavirus","no"
"KU321653","KU321653",1911555,"Rhinolophus sinicus bocaparvovirus","no"
"KU321652","KU321652",1911553,"Hipposideros pomona bat bocaparvovirus","no"
"KU321651","KU321651",1911555,"Rhinolophus sinicus bocaparvovirus","no"
"KU321650","KU321650",1911555,"Rhinolophus sinicus bocaparvovirus","no"
"KU321649","KU321649",1911555,"Rhinolophus sinicus bocaparvovirus","no"
"KU321648","KU321648",1911555,"Rhinolophus sinicus bocaparvovirus","no"
"KU321647","KU321647",1911555,"Rhinolophus sinicus bocaparvovirus","no"
"KU321646","KU321646",1911555,"Rhinolophus sinicus bocaparvovirus","no"
"KX343069","KX343069",1329649,"Bat bocavirus","no"
"KX228695","KX228695",1174530,"Feline bocavirus","no"
"KU557406","KU557406",329641,"Human bocavirus","no"
"KU557405","KU557405",329641,"Human bocavirus","no"
"KU557404","KU557404",329641,"Human bocavirus","no"
"LF643012","LF643012",1108949,"Canine bocavirus","no"
"LF643011","LF643011",1174530,"Feline bocavirus","no"
"LF643009","LF643009",329641,"Human bocavirus","no"
"LF643008","LF643008",329641,"Human bocavirus","no"
"LF643007","LF643007",329641,"Human bocavirus","no"
"AB481085","AB481085",329641,"Human bocavirus","no"
"AB481084","AB481084",329641,"Human bocavirus","no"
"AB481083","AB481083",329641,"Human bocavirus","no"
"AB481082","AB481082",329641,"Human bocavirus","no"
"AB481081","AB481081",329641,"Human bocavirus","no"
"AB481080","AB481080",329641,"Human bocavirus","no"
"AB481079","AB481079",329641,"Human bocavirus","no"
"AB481078","AB481078",329641,"Human bocavirus","no"
"AB481077","AB481077",329641,"Human bocavirus","no"
"AB481076","AB481076",329641,"Human bocavirus","no"
"AB481075","AB481075",329641,"Human bocavirus","no"
"AB481074","AB481074",329641,"Human bocavirus","no"
"AB481073","AB481073",329641,"Human bocavirus","no"
"AB481072","AB481072",329641,"Human bocavirus","no"
"AB481071","AB481071",329641,"Human bocavirus","no"
"LQ231941","LQ231941",1108949,"Canine bocavirus","no"
"LQ231940","LQ231940",1174530,"Feline bocavirus","no"
"LQ231916","LQ231916",329641,"Human bocavirus","no"
"LQ231915","LQ231915",329641,"Human bocavirus","no"
"LQ231907","LQ231907",329641,"Human bocavirus","no"
"KX373885","KX373885",329641,"Human bocavirus","no"
"KX373884","KX373884",329641,"Human bocavirus","no"
"JN420362","JN420362",1073959,"California sea lion bocavirus 1","no"
"JF512473","JF512473",1033267,"Porcine bocavirus 4/F41/N.Ireland/2004","no"
"JF512472","JF512472",1033266,"Porcine bocavirus 3/64-1/N.Ireland/2004","no"
"FJ973563","FJ973563",638313,"Human bocavirus 3","no"
"KU172422","KU172422",1864484,"Ungulate bocaparvovirus 6","no"
"KU172421","KU172421",1864484,"Ungulate bocaparvovirus 6","no"
"KT241026","KT241026",329639,"Canine minute virus","no"
"KX017193","KX017193",1165907,"Porcine bocavirus","no"
"KC580640","KC580640",1295080,"Canine bocavirus 3","no"
"DQ988933","DQ988933",329641,"Human bocavirus","no"
"HM053694","HM053694",795695,"Porcine bocavirus 2 pig/ZJD/China/2006","no"
"HM053693","HM053693",795694,"Porcine bocavirus 1 pig/ZJD/China/2006","no"
"KP769860","KP769860",1174530,"Feline bocavirus","no"
"KT716512","KT716512",1165907,"Porcine bocavirus","no"
"KT454517","KT454517",1788315,"Rat bocavirus","no"
"KT454516","KT454516",1788315,"Rat bocavirus","no"
"KT454515","KT454515",1788315,"Rat bocavirus","no"
"KT454514","KT454514",1788315,"Rat bocavirus","no"
"KT454513","KT454513",1788315,"Rat bocavirus","no"
"KT454512","KT454512",1788315,"Rat bocavirus","no"
"KT223502","KT223502",1511871,"Primate bocaparvovirus 1","no"
"KP281720","KP281720",1108949,"Canine bocavirus","no"
"KP281719","KP281719",1108949,"Canine bocavirus","no"
"KP281718","KP281718",1108949,"Canine bocavirus","no"
"KP281717","KP281717",1108949,"Canine bocavirus","no"
"KP281716","KP281716",1108949,"Canine bocavirus","no"
"KP281715","KP281715",1108949,"Canine bocavirus","no"
"KP281714","KP281714",1108949,"Canine bocavirus","no"
"KP281713","KP281713",1108949,"Canine bocavirus","no"
"KP242037","KP242037",329641,"Human bocavirus","no"
"KJ622366","KJ622366",1165907,"Porcine bocavirus","no"
"KR014255","KR014255",1165907,"Porcine bocavirus","no"
"KP710213","KP710213",329641,"Human bocavirus","no"
"KP710212","KP710212",329641,"Human bocavirus","no"
"KP710211","KP710211",329641,"Human bocavirus","no"
"KP710210","KP710210",329641,"Human bocavirus","no"
"KP710209","KP710209",329641,"Human bocavirus","no"
"KP710208","KP710208",329641,"Human bocavirus","no"
"KP710207","KP710207",329641,"Human bocavirus","no"
"KP710206","KP710206",329641,"Human bocavirus","no"
"KP710205","KP710205",329641,"Human bocavirus","no"
"KP710204","KP710204",329641,"Human bocavirus","no"
"KP710203","KP710203",329641,"Human bocavirus","no"
"KP710202","KP710202",329641,"Human bocavirus","no"
"KP710201","KP710201",329641,"Human bocavirus","no"
"KP710200","KP710200",329641,"Human bocavirus","no"
"KP710199","KP710199",329641,"Human bocavirus","no"
"KM624027","KM624027",329641,"Human bocavirus","no"
"KM624026","KM624026",329641,"Human bocavirus","no"
"KM624025","KM624025",329641,"Human bocavirus","no"
"KM624024","KM624024",329641,"Human bocavirus","no"
"KM464731","KM464731",329641,"Human bocavirus","no"
"KM464730","KM464730",329641,"Human bocavirus","no"
"KM464729","KM464729",329641,"Human bocavirus","no"
"KM464728","KM464728",329641,"Human bocavirus","no"
"KM402139","KM402139",1165907,"Porcine bocavirus","no"
"KM402138","KM402138",1165907,"Porcine bocavirus","no"
"KM402137","KM402137",1165907,"Porcine bocavirus","no"
"KF771828","KF771828",1108949,"Canine bocavirus","no"
"KM017745","KM017745",1174530,"Feline bocavirus","no"
"KM361522","KM361522",329641,"Human bocavirus","no"
"KM361521","KM361521",329641,"Human bocavirus","no"
"KJ755666","KJ755666",1165907,"Porcine bocavirus","no"
"KJ755665","KJ755665",1165907,"Porcine bocavirus","no"
"KJ684078","KJ684078",329641,"Human bocavirus","no"
"KJ684077","KJ684077",329641,"Human bocavirus","no"
"KJ684076","KJ684076",329641,"Human bocavirus","no"
"KJ684075","KJ684075",329641,"Human bocavirus","no"
"KJ684074","KJ684074",329641,"Human bocavirus","no"
"KJ684073","KJ684073",329641,"Human bocavirus","no"
"KJ684072","KJ684072",329641,"Human bocavirus","no"
"KJ684071","KJ684071",329641,"Human bocavirus","no"
"KJ684070","KJ684070",329641,"Human bocavirus","no"
"KJ684069","KJ684069",329641,"Human bocavirus","no"
"KJ684068","KJ684068",329641,"Human bocavirus","no"
"KJ684067","KJ684067",329641,"Human bocavirus","no"
"KJ684066","KJ684066",329641,"Human bocavirus","no"
"KJ684065","KJ684065",329641,"Human bocavirus","no"
"HM132056","HM132056",638313,"Human bocavirus 3","no"
"FJ695472","FJ695472",329641,"Human bocavirus","no"
"JN648103","JN648103",1511885,"Canine bocavirus 1","no"
"HQ291308","HQ291308",1511887,"Porcine bocavirus H18","no"
"FJ973561","FJ973561",1511883,"Human bocavirus 4 NI","no"
"FJ973560","FJ973560",1511881,"Human bocavirus 2b NI","no"
"FJ973558","FJ973558",1511880,"Human bocavirus 2a TU","no"
"FJ170278","FJ170278",1511882,"Human bocavirus 2c PK","no"
"KJ634207","KJ634207",689403,"Human bocavirus 1","no"
"KF360033","KF360033",1165907,"Porcine bocavirus","no"
"KF025395","KF025395",1084715,"Porcine bocavirus 3","no"
"KF025394","KF025394",1084715,"Porcine bocavirus 3","no"
"KF025393","KF025393",1048220,"Porcine bocavirus 2","no"
"KF025392","KF025392",1048220,"Porcine bocavirus 2","no"
"KF025391","KF025391",1048219,"Porcine bocavirus 1","no"
"KF025390","KF025390",1084715,"Porcine bocavirus 3","no"
"KF025389","KF025389",1084715,"Porcine bocavirus 3","no"
"KF025388","KF025388",1084715,"Porcine bocavirus 3","no"
"KF025387","KF025387",1084715,"Porcine bocavirus 3","no"
"KF025386","KF025386",1084715,"Porcine bocavirus 3","no"
"KF025385","KF025385",1084715,"Porcine bocavirus 3","no"
"KF025384","KF025384",1084715,"Porcine bocavirus 3","no"
"KF025383","KF025383",1084715,"Porcine bocavirus 3","no"
"KF025382","KF025382",1084715,"Porcine bocavirus 3","no"
"KF025381","KF025381",1084715,"Porcine bocavirus 3","no"
"KF025380","KF025380",1084715,"Porcine bocavirus 3","no"
"KF025379","KF025379",1084715,"Porcine bocavirus 3","no"
"KF792837","KF792837",1417756,"Feline bocaparvovirus 2","no"
"JX854557","JX854557",1165907,"Porcine bocavirus","no"
"KC823115","KC823115",329641,"Human bocavirus","no"
"KF206168","KF206168",1165907,"Porcine bocavirus","no"
"KF206167","KF206167",1165907,"Porcine bocavirus","no"
"KF206166","KF206166",1165907,"Porcine bocavirus","no"
"KF206165","KF206165",1165907,"Porcine bocavirus","no"
"KF206164","KF206164",1165907,"Porcine bocavirus","no"
"KF206163","KF206163",1165907,"Porcine bocavirus","no"
"KF206162","KF206162",1165907,"Porcine bocavirus","no"
"KF206161","KF206161",1165907,"Porcine bocavirus","no"
"KF206160","KF206160",1165907,"Porcine bocavirus","no"
"KF206159","KF206159",1165907,"Porcine bocavirus","no"
"KF206158","KF206158",1165907,"Porcine bocavirus","no"
"KF206157","KF206157",1165907,"Porcine bocavirus","no"
"KF206156","KF206156",1165907,"Porcine bocavirus","no"
"KF206155","KF206155",1165907,"Porcine bocavirus","no"
"KF206154","KF206154",1165907,"Porcine bocavirus","no"
"KC461233","KC461233",329641,"Human bocavirus","no"
"JN632519","JN632519",329641,"Human bocavirus","no"
"JN632518","JN632518",329641,"Human bocavirus","no"
"JN632517","JN632517",329641,"Human bocavirus","no"
"JN632516","JN632516",329641,"Human bocavirus","no"
"JN632515","JN632515",329641,"Human bocavirus","no"
"JN632514","JN632514",329641,"Human bocavirus","no"
"JN632513","JN632513",329641,"Human bocavirus","no"
"JN632512","JN632512",329641,"Human bocavirus","no"
"JN632511","JN632511",329641,"Human bocavirus","no"
"JX434085","JX434085",329641,"Human bocavirus","no"
"JX434084","JX434084",329641,"Human bocavirus","no"
"JX434083","JX434083",329641,"Human bocavirus","no"
"JX434082","JX434082",329641,"Human bocavirus","no"
"JX434081","JX434081",329641,"Human bocavirus","no"
"JX434080","JX434080",329641,"Human bocavirus","no"
"JX434079","JX434079",329641,"Human bocavirus","no"
"JX434078","JX434078",329641,"Human bocavirus","no"
"JX434077","JX434077",329641,"Human bocavirus","no"
"JX434076","JX434076",329641,"Human bocavirus","no"
"JX434075","JX434075",329641,"Human bocavirus","no"
"JX434074","JX434074",329641,"Human bocavirus","no"
"JX434073","JX434073",329641,"Human bocavirus","no"
"JX434072","JX434072",329641,"Human bocavirus","no"
"JX434071","JX434071",329641,"Human bocavirus","no"
"JX434070","JX434070",329641,"Human bocavirus","no"
"JX434069","JX434069",329641,"Human bocavirus","no"
"JX434068","JX434068",329641,"Human bocavirus","no"
"JX434067","JX434067",329641,"Human bocavirus","no"
"JX434066","JX434066",329641,"Human bocavirus","no"
"JX434065","JX434065",329641,"Human bocavirus","no"
"JX434064","JX434064",329641,"Human bocavirus","no"
"JX434063","JX434063",329641,"Human bocavirus","no"
"JX434062","JX434062",329641,"Human bocavirus","no"
"JX434061","JX434061",329641,"Human bocavirus","no"
"JX434060","JX434060",329641,"Human bocavirus","no"
"JX434059","JX434059",329641,"Human bocavirus","no"
"KC473563","KC473563",1084715,"Porcine bocavirus 3","no"
"JA838513","JA838513",1507401,"Bocaparvovirus","no"
"JA838507","JA838507",1507401,"Bocaparvovirus","no"
"JA838501","JA838501",1507401,"Bocaparvovirus","no"
"JA838483","JA838483",1507401,"Bocaparvovirus","no"
"JA838479","JA838479",1507401,"Bocaparvovirus","no"
"JA838475","JA838475",1507401,"Bocaparvovirus","no"
"JA838471","JA838471",1507401,"Bocaparvovirus","no"
"JA838467","JA838467",1507401,"Bocaparvovirus","no"
"JA838463","JA838463",1507401,"Bocaparvovirus","no"
"JA838459","JA838459",1507401,"Bocaparvovirus","no"
"JX887482","JX887482",329641,"Human bocavirus","no"
"JX887481","JX887481",329641,"Human bocavirus","no"
"JX887480","JX887480",329641,"Human bocavirus","no"
"JX257046","JX257046",573977,"Human bocavirus 2","no"
"JQ814850","JQ814850",1195367,"Myotis myotis bocavirus 1","no"
"JN794566","JN794566",329641,"Human bocavirus","no"
"JN794565","JN794565",329641,"Human bocavirus","no"
"JQ411251","JQ411251",329641,"Human bocavirus","no"
"JN681175","JN681175",1138844,"Porcine bocavirus 3C","no"
"JQ692591","JQ692591",1108949,"Canine bocavirus","no"
"JQ692590","JQ692590",1108949,"Canine bocavirus","no"
"JQ692589","JQ692589",1108949,"Canine bocavirus","no"
"JQ692588","JQ692588",1108949,"Canine bocavirus","no"
"JQ692587","JQ692587",1174530,"Feline bocavirus","no"
"JQ692586","JQ692586",1174530,"Feline bocavirus","no"
"JQ692585","JQ692585",1174530,"Feline bocavirus","no"
"JN621325","JN621325",1133653,"Porcine bocavirus 5","no"
"JN831651","JN831651",1131622,"Porcine bocavirus 5/JS677","no"
"JN387085","JN387085",329641,"Human bocavirus","no"
"JN387084","JN387084",329641,"Human bocavirus","no"
"JN387083","JN387083",329641,"Human bocavirus","no"
"JN387082","JN387082",329641,"Human bocavirus","no"
"JN387081","JN387081",329641,"Human bocavirus","no"
"JN387080","JN387080",329641,"Human bocavirus","no"
"JN387079","JN387079",329641,"Human bocavirus","no"
"AB551032","AB551032",329641,"Human bocavirus","no"
"JF713715","JF713715",1084715,"Porcine bocavirus 3","no"
"JF713714","JF713714",1084715,"Porcine bocavirus 3","no"
"FJ375129","FJ375129",1108927,"Human bocavirus isolate SH3","no"
"FJ375128","FJ375128",1108926,"Human bocavirus isolate SH2","no"
"FJ375127","FJ375127",1108925,"Human bocavirus isolate SH1","no"
"JN128956","JN128956",329641,"Human bocavirus","no"
"JN128955","JN128955",329641,"Human bocavirus","no"
"JN128954","JN128954",329641,"Human bocavirus","no"
"JN128953","JN128953",329641,"Human bocavirus","no"
"JF429836","JF429836",1084718,"Porcine bocavirus 4-2","no"
"JF429835","JF429835",1084717,"Porcine bocavirus 4-1","no"
"JF429834","JF429834",1084715,"Porcine bocavirus 3","no"
"JN420366","JN420366",1073960,"California sea lion bocavirus 2","no"
"JN420365","JN420365",1073961,"California sea lion bocavirus 3","no"
"JN420364","JN420364",1073959,"California sea lion bocavirus 1","no"
"JN420361","JN420361",1073959,"California sea lion bocavirus 1","no"
"JN420360","JN420360",1073959,"California sea lion bocavirus 1","no"
"JF699044","JF699044",329641,"Human bocavirus","no"
"JN086998","JN086998",329641,"Human bocavirus","no"
"GU301645","GU301645",573977,"Human bocavirus 2","no"
"GU301644","GU301644",573977,"Human bocavirus 2","no"
"GQ455988","GQ455988",329641,"Human bocavirus","no"
"GQ455987","GQ455987",329641,"Human bocavirus","no"
"JF327789","JF327789",329641,"Human bocavirus","no"
"JF327788","JF327788",329641,"Human bocavirus","no"
"JF327787","JF327787",329641,"Human bocavirus","no"
"JF327786","JF327786",329641,"Human bocavirus","no"
"HQ223038","HQ223038",912967,"Bocavirus pig/SX/China/2010","no"
"HQ585888","HQ585888",329641,"Human bocavirus","no"
"GU048665","GU048665",638313,"Human bocavirus 3","no"
"GU048664","GU048664",573977,"Human bocavirus 2","no"
"GU048663","GU048663",573977,"Human bocavirus 2","no"
"GU048662","GU048662",573977,"Human bocavirus 2","no"
"FJ858259","FJ858259",329641,"Human bocavirus","no"
"AB518884","AB518884",329639,"Canine minute virus","no"
"AB518883","AB518883",329639,"Canine minute virus","no"
"AB518882","AB518882",329639,"Canine minute virus","no"
"FJ973562","FJ973562",638313,"Human bocavirus 3","no"
"FJ973559","FJ973559",573977,"Human bocavirus 2","no"
"HM145750","HM145750",864686,"Bocavirus gorilla/GBoV1/2009","no"
"GQ925675","GQ925675",329641,"Human bocavirus","no"
"GQ200737","GQ200737",573977,"Human bocavirus 2","no"
"FJ899734","FJ899734",329639,"Canine minute virus","no"
"GQ867667","GQ867667",638313,"Human bocavirus 3","no"
"GQ867666","GQ867666",638313,"Human bocavirus 3","no"
"FJ496754","FJ496754",329641,"Human bocavirus","no"
"AF495467","AF495467",329639,"Canine minute virus","no"
"EF203922","EF203922",329641,"Human bocavirus","no"
"EF203921","EF203921",329641,"Human bocavirus","no"
"EF203920","EF203920",329641,"Human bocavirus","no"
"GU338055","GU338055",329641,"Human bocavirus","no"
"GU139423","GU139423",329641,"Human bocavirus","no"
"EF450740","EF450740",329641,"Human bocavirus","no"
"EF450739","EF450739",329641,"Human bocavirus","no"
"EF450738","EF450738",329641,"Human bocavirus","no"
"EF450737","EF450737",329641,"Human bocavirus","no"
"EF450736","EF450736",329641,"Human bocavirus","no"
"EF450735","EF450735",329641,"Human bocavirus","no"
"EF450734","EF450734",329641,"Human bocavirus","no"
"EF450733","EF450733",329641,"Human bocavirus","no"
"EF450732","EF450732",329641,"Human bocavirus","no"
"EF450731","EF450731",329641,"Human bocavirus","no"
"EF450730","EF450730",329641,"Human bocavirus","no"
"EF450729","EF450729",329641,"Human bocavirus","no"
"EF450728","EF450728",329641,"Human bocavirus","no"
"EF450727","EF450727",329641,"Human bocavirus","no"
"EF450726","EF450726",329641,"Human bocavirus","no"
"EF450725","EF450725",329641,"Human bocavirus","no"
"EF450724","EF450724",329641,"Human bocavirus","no"
"EF450723","EF450723",329641,"Human bocavirus","no"
"EF450722","EF450722",329641,"Human bocavirus","no"
"EF450721","EF450721",329641,"Human bocavirus","no"
"EF450720","EF450720",329641,"Human bocavirus","no"
"EF450719","EF450719",329641,"Human bocavirus","no"
"EF450718","EF450718",329641,"Human bocavirus","no"
"EF450717","EF450717",329641,"Human bocavirus","no"
"GQ926983","GQ926983",329641,"Human bocavirus","no"
"GQ926982","GQ926982",329641,"Human bocavirus","no"
"GQ926981","GQ926981",329641,"Human bocavirus","no"
"DQ000495","DQ000495",329641,"Human bocavirus","no"
"PVDCG","PVDCG",10784,"Bovine parvovirus","no"
"DQ988934","DQ988934",329641,"Human bocavirus","no"
"FJ948861","FJ948861",638313,"Human bocavirus 3","no"
"FJ948860","FJ948860",573977,"Human bocavirus 2","no"
"EU984245","EU984245",329641,"Human bocavirus","no"
"EU984244","EU984244",329641,"Human bocavirus","no"
"EU984243","EU984243",329641,"Human bocavirus","no"
"EU984242","EU984242",329641,"Human bocavirus","no"
"EU984241","EU984241",329641,"Human bocavirus","no"
"EU984240","EU984240",329641,"Human bocavirus","no"
"EU984239","EU984239",329641,"Human bocavirus","no"
"EU984238","EU984238",329641,"Human bocavirus","no"
"EU984237","EU984237",329641,"Human bocavirus","no"
"EU984236","EU984236",329641,"Human bocavirus","no"
"EU984235","EU984235",329641,"Human bocavirus","no"
"EU984234","EU984234",329641,"Human bocavirus","no"
"EU984233","EU984233",329641,"Human bocavirus","no"
"EU984232","EU984232",329641,"Human bocavirus","no"
"EU984231","EU984231",329641,"Human bocavirus","no"
"EU918736","EU918736",638313,"Human bocavirus 3","no"
"EU082213","EU082213",573977,"Human bocavirus 2","no"
"EU082214","EU082214",573977,"Human bocavirus 2","no"
"AB480170","AB480170",329641,"Human bocavirus","no"
"AB480171","AB480171",329641,"Human bocavirus","no"
"AB480172","AB480172",329641,"Human bocavirus","no"
"AB480173","AB480173",329641,"Human bocavirus","no"
"AB480174","AB480174",329641,"Human bocavirus","no"
"AB480175","AB480175",329641,"Human bocavirus","no"
"AB480176","AB480176",329641,"Human bocavirus","no"
"FJ214110","FJ214110",329639,"Canine minute virus","no"
"FJ560720","FJ560720",329641,"Human bocavirus","no"
"FJ170280","FJ170280",573977,"Human bocavirus 2","no"
"FJ170279","FJ170279",573977,"Human bocavirus 2","no"
"EU262979","EU262979",329641,"Human bocavirus","no"
"EU262978","EU262978",329641,"Human bocavirus","no"
"DQ335247","DQ335247",365609,"Bovine parvovirus-1","no"
"EF584447","EF584447",444473,"Human bocavirus WLL-3","no"
"EF441262","EF441262",430048,"Human bocavirus WLL-2","no"
"DQ457413","DQ457413",329641,"Human bocavirus","no"
"DQ778300","DQ778300",394504,"Human bocavirus WLL-1","no"
"DQ340570","DQ340570",329641,"Human bocavirus","no"
"AB158475","AB158475",329639,"Canine minute virus","no"
