{
    "files": {
        "phylo_model": "phylo_modelUABmNP.json", 
        "taxonomy": "bocaparvovirus_taxonomy.csv", 
        "tree": "treebCTgio.tre", 
        "aln_fasta": "bocaparvovirus_MAFFT.fasta", 
        "seq_info": "bocaparvovirus_info.csv", 
        "tree_stats": "bocaparvovirus.log"
    }, 
    "rollback": {
        "files": {
            "phylo_model": "phylo_modelUABmNP.json", 
            "taxonomy": "bocaparvovirus_taxonomy.csv", 
            "tree": "bocaparvovirus.tre", 
            "aln_fasta": "bocaparvovirus_MAFFT.fasta", 
            "seq_info": "bocaparvovirus_info.csv", 
            "tree_stats": "bocaparvovirus.log"
        }, 
        "rollback": null, 
        "metadata": {
            "create_date": "2019-11-29 06:21:42", 
            "format_version": "1.1", 
            "locus": "bocaparvovirus"
        }, 
        "md5": {
            "phylo_model": "ad87206444129934482746e534e200c8", 
            "taxonomy": "9fcb639b8fd3ba8cebe825d5ce502efd", 
            "tree": "7d5e1b097cce91ab21301d57823407a9", 
            "aln_fasta": "24a1f4eceb73a491d4d7f5f617bb2b61", 
            "seq_info": "87bbcbdc2c8c9314065e096558db3bdb", 
            "tree_stats": "db67303f997789d6a3c5eebcc7025faf"
        }
    }, 
    "log": [
        "Rerooted", 
        "Stripped refpkg (removed 0 files)", 
        "Loaded initial files into empty refpkg"
    ], 
    "metadata": {
        "create_date": "2019-11-29 06:21:42", 
        "format_version": "1.1", 
        "locus": "bocaparvovirus"
    }, 
    "rollforward": null, 
    "md5": {
        "phylo_model": "ad87206444129934482746e534e200c8", 
        "taxonomy": "9fcb639b8fd3ba8cebe825d5ce502efd", 
        "tree": "b72c6d78485367ae2a0b8877228621e6", 
        "aln_fasta": "24a1f4eceb73a491d4d7f5f617bb2b61", 
        "seq_info": "87bbcbdc2c8c9314065e096558db3bdb", 
        "tree_stats": "db67303f997789d6a3c5eebcc7025faf"
    }
}
