{
    "files": {
        "phylo_model": "phylo_modelGZlZZM.json", 
        "taxonomy": "flavivirus_taxonomy.csv", 
        "tree": "treeaZVtmP.tre", 
        "aln_fasta": "flavivirus_MAFFT.fasta", 
        "seq_info": "flavivirus_info.csv", 
        "tree_stats": "flavivirus.log"
    }, 
    "rollback": {
        "files": {
            "phylo_model": "phylo_modelGZlZZM.json", 
            "taxonomy": "flavivirus_taxonomy.csv", 
            "tree": "flavivirus.tre", 
            "aln_fasta": "flavivirus_MAFFT.fasta", 
            "seq_info": "flavivirus_info.csv", 
            "tree_stats": "flavivirus.log"
        }, 
        "rollback": null, 
        "metadata": {
            "create_date": "2019-11-29 09:29:05", 
            "format_version": "1.1", 
            "locus": "flavivirus"
        }, 
        "md5": {
            "phylo_model": "9eb00fd07311e4b9b0b30dd22f2d82cd", 
            "taxonomy": "50d517a0e60c34f4231b519b42f0f8b0", 
            "tree": "8802be5489ddc346a23c3653b47717a2", 
            "aln_fasta": "7091fee70342182c2d878c9221bcc132", 
            "seq_info": "94bf96cf5cef4681a05a5c882f9c8710", 
            "tree_stats": "138b21f7c2c15637eb16b17223beac73"
        }
    }, 
    "log": [
        "Rerooted", 
        "Stripped refpkg (removed 0 files)", 
        "Loaded initial files into empty refpkg"
    ], 
    "metadata": {
        "create_date": "2019-11-29 09:29:05", 
        "format_version": "1.1", 
        "locus": "flavivirus"
    }, 
    "rollforward": null, 
    "md5": {
        "phylo_model": "9eb00fd07311e4b9b0b30dd22f2d82cd", 
        "taxonomy": "50d517a0e60c34f4231b519b42f0f8b0", 
        "tree": "569d1ab34cd9a74ef54e74423e7d6286", 
        "aln_fasta": "7091fee70342182c2d878c9221bcc132", 
        "seq_info": "94bf96cf5cef4681a05a5c882f9c8710", 
        "tree_stats": "138b21f7c2c15637eb16b17223beac73"
    }
}
