"seqname","accession","tax_id","species","is_type"
"MG373555","MG373555.1","2169843","Sida leaf curl alphasatellite","no"
"KX922692","KX922692.1","2030125","Alternanthera yellow vein alphasatellite","no"
"MG571523","MG571523.1","2419986","Spine gourd mosaic alphasatellite","no"
"KX759649","KX759649.1","2169846","Tomato yellow leaf curl Yunnan alphasatellite","no"
"KT099172","KT099172.1","2169906","Whitefly associated Guetamala alphasatellite 1","no"
"HQ616080","HQ616080.1","2169723","Banana bunchy top alphasatellite 3","no"
"AF416471","AF416471.1","2169722","Banana bunchy top alphasatellite 2","no"
"L32167","L32167.1","2169721","Banana bunchy top alphasatellite 1","no"
"LT600756","LT600756.1","1407058","Ageratum yellow vein India alphasatellite","no"
"LT600755","LT600755.1","1407058","Ageratum yellow vein India alphasatellite","no"
"LT600753","LT600753.1","1407058","Ageratum yellow vein India alphasatellite","no"
"LT600746","LT600746.1","748170","Guar leaf curl alphasatellite","no"
"LT600727","LT600727.1","187850","Ageratum yellow vein alphasatellite","no"
"LT600725","LT600725.1","187850","Ageratum yellow vein alphasatellite","no"
"LT600724","LT600724.1","748170","Guar leaf curl alphasatellite","no"
"LT600721","LT600721.1","748170","Guar leaf curl alphasatellite","no"
"KX348228","KX348228.1","2169827","Tomato yellow spot alphasatellite","no"
"KT099173","KT099173.1","2169829","Whitefly associated Puerto Rico alphasatellite 1","no"
"KT099170","KT099170.1","2169828","Whitefly associated Guatemala alphasatellite 2","no"
"MF409175","MF409175.1","2231665","Hollyhock leaf curl alphasatellite","no"
"MF344549","MF344549.1","1407057","Tomato leaf curl alphasatellite","no"
"MF344546","MF344546.1","1048668","Cotton leaf curl Multan alphasatellite","no"
"KC978991","KC978991.1","1441799","Faba bean necrotic stunt alphasatellite 1","no"
"MF683834","MF683834.1","1755198","Parthenium leaf curl alphasatellite","no"
"MF683829","MF683829.1","2030910","Hollyhock yellow vein alphasatellite","no"
"MF141736","MF141736.1","713091","Cotton leaf curl Burewala alphasatellite","no"
"MF926444","MF926444.1","2161877","Coconut foliar decay alphasatellite 4","no"
"MF926435","MF926435.1","2161882","Coconut foliar decay alphasatellite R","no"
"MF926434","MF926434.1","2161882","Coconut foliar decay alphasatellite R","no"
"MF926433","MF926433.1","2161881","Coconut foliar decay alphasatellite 8","no"
"MF926432","MF926432.1","2161880","Coconut foliar decay alphasatellite 7","no"
"MF926431","MF926431.1","2161879","Coconut foliar decay alphasatellite 6","no"
"MF926430","MF926430.1","2161878","Coconut foliar decay alphasatellite 5","no"
"MF926429","MF926429.1","2161877","Coconut foliar decay alphasatellite 4","no"
"MF926427","MF926427.1","2161876","Coconut foliar decay alphasatellite 3","no"
"MF926426","MF926426.1","2161875","Coconut foliar decay alphasatellite 2","no"
"MF926425","MF926425.1","2161874","Coconut foliar decay alphasatellite 1","no"
"MF926424","MF926424.1","2161874","Coconut foliar decay alphasatellite 1","no"
"MF926423","MF926423.1","2161874","Coconut foliar decay alphasatellite 1","no"
"LT674466","LT674466.1","518829","Okra leaf curl alphasatellite","no"
"LT674462","LT674462.1","518829","Okra leaf curl alphasatellite","no"
"LT674459","LT674459.1","518829","Okra leaf curl alphasatellite","no"
"LT674454","LT674454.1","1468597","Hibiscus leaf curl alphasatellite","no"
"LT674452","LT674452.1","915293","Ageratum yellow vein Singapore alphasatellite","no"
"KY420168","KY420168.1","656028","Gossypium davidsonii symptomless alphasatellite","no"
"MF929034","MF929034.1","1407057","Tomato leaf curl alphasatellite","no"
"MF929033","MF929033.1","1407057","Tomato leaf curl alphasatellite","no"
"LN901462","LN901462.1","1705092","Ageratum conyzoides symptomless alphasatellite","no"
"MF535456","MF535456.1","2056781","Cow vetch latent virus alphasatellite","no"
"MF535455","MF535455.1","2056781","Cow vetch latent virus alphasatellite","no"
"LN886538","LN886538.1","1468596","Ageratum yellow vein Pakistan alphasatellite","no"
"MF510475","MF510475.1","2052607","Faba bean necrotic yellows virus associated alphasatellite 2","no"
"MF510474","MF510474.1","2052607","Faba bean necrotic yellows virus associated alphasatellite 2","no"
"MF510473","MF510473.1","2052606","Faba bean necrotic yellows virus associated alphasatellite 1","no"
"MF510472","MF510472.1","2052606","Faba bean necrotic yellows virus associated alphasatellite 1","no"
"MF510471","MF510471.1","2052606","Faba bean necrotic yellows virus associated alphasatellite 1","no"
"KY848691","KY848691.1","2048879","Tomato leaf curl Virudhunagar alphasatellite","no"
"KU923760","KU923760.1","1911908","Begomovirus-associated alphasatellite sp.","no"
"KU923759","KU923759.1","1911908","Begomovirus-associated alphasatellite sp.","no"
"KY933714","KY933714.1","1705092","Ageratum conyzoides symptomless alphasatellite","no"
"KY933713","KY933713.1","1705092","Ageratum conyzoides symptomless alphasatellite","no"
"LN878116","LN878116.1","538004","Tomato leaf curl Pakistan alphasatellite","no"
"LN878115","LN878115.1","538004","Tomato leaf curl Pakistan alphasatellite","no"
"LN878113","LN878113.1","538004","Tomato leaf curl Pakistan alphasatellite","no"
"LN878101","LN878101.1","538004","Tomato leaf curl Pakistan alphasatellite","no"
"KX938426","KX938426.1","926844","Tobacco curly shoot alphasatellite","no"
"LN870393","LN870393.1","1048668","Cotton leaf curl Multan alphasatellite","no"
"KX513858","KX513858.1","2169843","Sida leaf curl alphasatellite","no"
"KY559646","KY559646.1","1949199","Euphorbia yellow mosaic alphasatellite","no"
"KY559645","KY559645.1","1949199","Euphorbia yellow mosaic alphasatellite","no"
"KY559640","KY559640.1","1949199","Euphorbia yellow mosaic alphasatellite","no"
"KY559639","KY559639.1","1949199","Euphorbia yellow mosaic alphasatellite","no"
"KY559637","KY559637.1","1949199","Euphorbia yellow mosaic alphasatellite","no"
"LT716987","LT716987.1","748170","Guar leaf curl alphasatellite","no"
"LT716983","LT716983.1","1407058","Ageratum yellow vein India alphasatellite","no"
"KX656848","KX656848.1","656028","Gossypium davidsonii symptomless alphasatellite","no"
"KX656847","KX656847.1","656028","Gossypium davidsonii symptomless alphasatellite","no"
"KX656845","KX656845.1","1048668","Cotton leaf curl Multan alphasatellite","no"
"LN829157","LN829157.1","1468596","Ageratum yellow vein Pakistan alphasatellite","no"
"LN829156","LN829156.1","1468596","Ageratum yellow vein Pakistan alphasatellite","no"
"LN829151","LN829151.1","1631261","Ageratum yellow leaf curl Pakistan alphasatellite","no"
"LN829150","LN829150.1","1631261","Ageratum yellow leaf curl Pakistan alphasatellite","no"
"LN829149","LN829149.1","1631261","Ageratum yellow leaf curl Pakistan alphasatellite","no"
"KX534410","KX534410.1","1980167","Sophora alopecuroides yellow stunt alphasatellite 6","no"
"KX534409","KX534409.1","2169836","Sophora yellow stunt alphasatellite 4","no"
"KX534408","KX534408.1","1980165","Sophora alopecuroides yellow stunt alphasatellite 4","no"
"KX534406","KX534406.1","1980164","Sophora alopecuroides yellow stunt alphasatellite 3","no"
"KX534405","KX534405.1","1980169","Sophora alopecuroides yellow stunt alphasatellite 7b","no"
"KX534404","KX534404.1","1980172","Sophora alopecuroides yellow stunt alphasatellite 7e","no"
"KX534403","KX534403.1","1980170","Sophora alopecuroides yellow stunt alphasatellite 7c","no"
"KX534402","KX534402.1","2170029","Sophora yellow stunt alphasatellite 2","no"
"KX534401","KX534401.1","1980171","Sophora alopecuroides yellow stunt alphasatellite 7d","no"
"KX534400","KX534400.1","1980168","Sophora alopecuroides yellow stunt alphasatellite 7a","no"
"KX534398","KX534398.1","2169837","Sophora yellow stunt alphasatellite 5","no"
"KX534397","KX534397.1","1980166","Sophora alopecuroides yellow stunt alphasatellite 5","no"
"KY070239","KY070239.1","2169834","Milk vetch dwarf alphasatellite 2","no"
"KY070238","KY070238.1","2170028","Milk vetch dwarf alphasatellite 1","no"
"KY070229","KY070229.1","2170027","Milk vetch dwarf alphasatellite 3","no"
"KY070228","KY070228.1","2169834","Milk vetch dwarf alphasatellite 2","no"
"KY070227","KY070227.1","2170028","Milk vetch dwarf alphasatellite 1","no"
"LT716982","LT716982.1","944995","Ageratum conyzoides associated symptomless alphasatellite","no"
"KX363561","KX363561.1","1945850","Ash gourd yellow vein mosaic alphasatellite","no"
"KX348232","KX348232.1","1949200","Leonurus yellow spot alphasatellite","no"
"KX348231","KX348231.1","1949200","Leonurus yellow spot alphasatellite","no"
"KX348230","KX348230.1","1949200","Leonurus yellow spot alphasatellite","no"
"KX348229","KX348229.1","1949200","Leonurus yellow spot alphasatellite","no"
"KY001653","KY001653.1","1293961","Sida yellow vein China alphasatellite","no"
"KY001651","KY001651.1","187850","Ageratum yellow vein alphasatellite","no"
"KY001650","KY001650.1","187850","Ageratum yellow vein alphasatellite","no"
"KX168428","KX168428.1","2169842","Pedilanthus leaf curl alphasatellite","no"
"LN874307","LN874307.1","1048668","Cotton leaf curl Multan alphasatellite","no"
"HG934829","HG934829.1","1468597","Hibiscus leaf curl alphasatellite","no"
"HG934828","HG934828.1","1468597","Hibiscus leaf curl alphasatellite","no"
"HG934827","HG934827.1","1468597","Hibiscus leaf curl alphasatellite","no"
"HG934822","HG934822.1","1468596","Ageratum yellow vein Pakistan alphasatellite","no"
"LT615044","LT615044.1","1112202","Papaya leaf curl alphasatellite","no"
"LT615043","LT615043.1","1112202","Papaya leaf curl alphasatellite","no"
"LT615042","LT615042.1","1112202","Papaya leaf curl alphasatellite","no"
"LT615041","LT615041.1","1112202","Papaya leaf curl alphasatellite","no"
"KX236091","KX236091.1","1250303","Sunflower leaf curl Karnataka alphasatellite","no"
"LC094158","LC094158.1","2170027","Milk vetch dwarf alphasatellite 3","no"
"LC094156","LC094156.1","1455653","Milk vetch dwarf C2 alphasatellite","no"
"LC094155","LC094155.1","2170027","Milk vetch dwarf alphasatellite 3","no"
"LC094146","LC094146.1","1455653","Milk vetch dwarf C2 alphasatellite","no"
"KT228319","KT228319.1","1837133","Cotton leaf curl Rajasthan alphasatellite","no"
"KT716082","KT716082.1","1468596","Ageratum yellow vein Pakistan alphasatellite","no"
"KT716081","KT716081.1","1841147","Bhindi yellow vein alphasatellite","no"
"LN906596","LN906596.1","1755198","Parthenium leaf curl alphasatellite","no"
"KT948075","KT948075.1","1819678","Cucurbit yellow mosaic alphasatellite","no"
"KT099175","KT099175.1","1740348","Alphasatellite 3","no"
"KT099174","KT099174.1","1740348","Alphasatellite 3","no"
"KT099171","KT099171.1","1740346","Alphasatellite 1","no"
"LC010785","LC010785.1","2170027","Milk vetch dwarf alphasatellite 3","no"
"LC010783","LC010783.1","1455653","Milk vetch dwarf C2 alphasatellite","no"
"HG515078","HG515078.1","713091","Cotton leaf curl Burewala alphasatellite","no"
"HG515071","HG515071.1","1407058","Ageratum yellow vein India alphasatellite","no"
"HG515061","HG515061.1","1407057","Tomato leaf curl alphasatellite","no"
"HG515060","HG515060.1","1407057","Tomato leaf curl alphasatellite","no"
"HG417072","HG417072.1","748170","Guar leaf curl alphasatellite","no"
"LN880828","LN880828.1","2169907","Gossypium mustelinum symptomless alphasatellite","no"
"LN880826","LN880826.1","1225644","Bhendi yellow vein mosaic virus-associated alphasatellite","no"
"KT192029","KT192029.1","1468597","Hibiscus leaf curl alphasatellite","no"
"KT390508","KT390508.1","1705092","Ageratum conyzoides symptomless alphasatellite","no"
"KT390507","KT390507.1","96892","Nanovirus-like particle","no"
"KT390506","KT390506.1","1542665","Mesta yellow vein mosaic virus alphasatellite","no"
"KT390492","KT390492.1","96892","Nanovirus-like particle","no"
"KT390448","KT390448.1","1542665","Mesta yellow vein mosaic virus alphasatellite","no"
"KT390437","KT390437.1","1705093","Mesta yellow vein mosaic alphasatellite","no"
"KT390432","KT390432.1","1260769","Ageratum enation alphasatellite","no"
"KT390431","KT390431.1","1705093","Mesta yellow vein mosaic alphasatellite","no"
"KT390430","KT390430.1","1705093","Mesta yellow vein mosaic alphasatellite","no"
"KT390429","KT390429.1","1705093","Mesta yellow vein mosaic alphasatellite","no"
"KT390426","KT390426.1","656025","Gossypium darwinii symptomless alphasatellite","no"
"KT390420","KT390420.1","1225644","Bhendi yellow vein mosaic virus-associated alphasatellite","no"
"KT390419","KT390419.1","1705092","Ageratum conyzoides symptomless alphasatellite","no"
"KT390405","KT390405.1","96892","Nanovirus-like particle","no"
"KJ843306","KJ843306.2","1690816","Gossypium mustelinium symptomless alphasatellite","no"
"KJ843305","KJ843305.2","1506184","Sida yellow vein alphasatellite","no"
"KJ843304","KJ843304.2","1542665","Mesta yellow vein mosaic virus alphasatellite","no"
"KM108329","KM108329.1","1506184","Sida yellow vein alphasatellite","no"
"KJ614231","KJ614231.1","1506184","Sida yellow vein alphasatellite","no"
"KF471059","KF471059.1","759124","Bhendi yellow vein mosaic alphasatellite","no"
"KF471058","KF471058.1","1507724","Chilli leaf curl Dhanbad alphasatellite","no"
"KF471057","KF471057.1","1507726","Radish leaf curl alphasatellite","no"
"KF471051","KF471051.1","1428342","Chilli leaf curl alphasatellite","no"
"KF471050","KF471050.1","1428342","Chilli leaf curl alphasatellite","no"
"KF471049","KF471049.1","1428342","Chilli leaf curl alphasatellite","no"
"KF471044","KF471044.1","1428342","Chilli leaf curl alphasatellite","no"
"KF471041","KF471041.1","2169907","Gossypium mustelinum symptomless alphasatellite","no"
"KF471040","KF471040.1","1507725","Chilli leaf curl India alphasatellite","no"
"KF471039","KF471039.1","1507725","Chilli leaf curl India alphasatellite","no"
"KF471038","KF471038.1","1507725","Chilli leaf curl India alphasatellite","no"
"KF471037","KF471037.1","1507725","Chilli leaf curl India alphasatellite","no"
"KR068484","KR068484.1","759124","Bhendi yellow vein mosaic alphasatellite","no"
"HE979545","HE979545.1","713091","Cotton leaf curl Burewala alphasatellite","no"
"HE979544","HE979544.1","518829","Okra leaf curl alphasatellite","no"
"HE966424","HE966424.1","1048668","Cotton leaf curl Multan alphasatellite","no"
"HE966421","HE966421.1","538004","Tomato leaf curl Pakistan alphasatellite","no"
"HE965689","HE965689.1","713091","Cotton leaf curl Burewala alphasatellite","no"
"HE965674","HE965674.1","713091","Cotton leaf curl Burewala alphasatellite","no"
"KJ466049","KJ466049.1","1293961","Sida yellow vein China alphasatellite","no"
"KF670682","KF670682.1","2169825","Melon chlorotic mosaic alphasatellite","no"
"KF670672","KF670672.1","2169825","Melon chlorotic mosaic alphasatellite","no"
"KF670661","KF670661.1","2169825","Melon chlorotic mosaic alphasatellite","no"
"KF670660","KF670660.1","2169825","Melon chlorotic mosaic alphasatellite","no"
"KF670657","KF670657.1","2169825","Melon chlorotic mosaic alphasatellite","no"
"LN558518","LN558518.1","1260769","Ageratum enation alphasatellite","no"
"KJ939346","KJ939346.1","1544378","Synedrella leaf curl alphasatellite","no"
"HE806451","HE806451.1","1188819","Cuban alphasatellite 1","no"
"HG518790","HG518790.1","944995","Ageratum conyzoides associated symptomless alphasatellite","no"
"HG518789","HG518789.1","944995","Ageratum conyzoides associated symptomless alphasatellite","no"
"HG518788","HG518788.1","944995","Ageratum conyzoides associated symptomless alphasatellite","no"
"KM103525","KM103525.1","656025","Gossypium darwinii symptomless alphasatellite","no"
"KM103524","KM103524.1","713089","Croton yellow vein mosaic alphasatellite","no"
"KM103523","KM103523.1","713089","Croton yellow vein mosaic alphasatellite","no"
"KC979008","KC979008.1","1453080","Faba bean necrotic yellows C1 alphasatellite","no"
"KC979051","KC979051.1","1441797","Pea necrotic yellow dwarf alphasatellite 1","no"
"KC978957","KC978957.1","1441796","Black medic leafroll alphasatellite 1","no"
"KC978948","KC978948.1","1441796","Black medic leafroll alphasatellite 1","no"
"AJ005966","AJ005966.1","2169893","Faba bean necrotic yellows alphasatellite 2","no"
"AJ005964","AJ005964.1","1453082","Faba bean necrotic yellows C7 alphasatellite","no"
"HG530543","HG530543.1","679536","Cotton leaf curl Gezira alphasatellite","no"
"AJ132187","AJ132187.1","2169893","Faba bean necrotic yellows alphasatellite 2","no"
"AJ132185","AJ132185.1","1453082","Faba bean necrotic yellows C7 alphasatellite","no"
"AJ005968","AJ005968.1","1453081","Faba bean necrotic yellows C11 alphasatellite","no"
"X80879","X80879.1","1453080","Faba bean necrotic yellows C1 alphasatellite","no"
"U16735","U16735.1","2169838","Subterranean clover stunt alphasatellite 2","no"
"U16731","U16731.1","1458458","Subterranean clover stunt C2 alphasatellite","no"
"KC677736","KC677736.1","1293961","Sida yellow vein China alphasatellite","no"
"AB000921","AB000921.1","1455653","Milk vetch dwarf C2 alphasatellite","no"
"AB000920","AB000920.1","2170028","Milk vetch dwarf alphasatellite 1","no"
"AB009047","AB009047.1","2170027","Milk vetch dwarf alphasatellite 3","no"
"HF546575","HF546575.1","1249467","Okra enation leaf curl alphasatellite","no"
"KF785752","KF785752.1","1454227","Ageratum yellow vein China alphasatellite","no"
"HQ668024","HQ668024.1","1112202","Papaya leaf curl alphasatellite","no"
"KF435148","KF435148.1","2169724","Cardamom bushy dwarf alphasatellite","no"
"KC763631","KC763631.1","679536","Cotton leaf curl Gezira alphasatellite","no"
"KF584013","KF584013.1","1428342","Chilli leaf curl alphasatellite","no"
"KF584010","KF584010.1","656025","Gossypium darwinii symptomless alphasatellite","no"
"KC577541","KC577541.1","713089","Croton yellow vein mosaic alphasatellite","no"
"KC959932","KC959932.1","2169908","Vernonia yellow vein Fujian alphasatellite","no"
"KC959931","KC959931.1","2169908","Vernonia yellow vein Fujian alphasatellite","no"
"HE984149","HE984149.1","1231298","Cassava mosaic Madagascar alphasatellite","no"
"HE984148","HE984148.1","1231298","Cassava mosaic Madagascar alphasatellite","no"
"JX458742","JX458742.1","2169905","Dragonfly associated alphasatellite","no"
"KC282643","KC282643.1","1293961","Sida yellow vein China alphasatellite","no"
"JX913532","JX913532.1","1260769","Ageratum enation alphasatellite","no"
"JX569789","JX569789.1","1250303","Sunflower leaf curl Karnataka alphasatellite","no"
"HE858193","HE858193.1","743023","Okra yellow crinkle Cameroon alphasatellite","no"
"HE858192","HE858192.1","679536","Cotton leaf curl Gezira alphasatellite","no"
"JX183091","JX183091.1","1225644","Bhendi yellow vein mosaic virus-associated alphasatellite","no"
"JX183090","JX183090.1","1705093","Mesta yellow vein mosaic alphasatellite","no"
"FJ218494","FJ218494.1","632120","Gossypium mustelinum symptomless alphasatellite [Gossypium gossypioides]","no"
"HE861941","HE861941.1","96892","Nanovirus-like particle","no"
"FR877534","FR877534.1","713089","Croton yellow vein mosaic alphasatellite","no"
"JQ041697","JQ041697.1","1161126","Tomato leaf curl New Delhi alphasatellite","no"
"FN658718","FN658718.1","518829","Okra leaf curl alphasatellite","no"
"FN658717","FN658717.1","713090","Bendhi Yellow Vein Mosaic/Mesta Yellow Vein Mosaic alphasatellite","no"
"FN658716","FN658716.1","713090","Bendhi Yellow Vein Mosaic/Mesta Yellow Vein Mosaic alphasatellite","no"
"FN658711","FN658711.1","713089","Croton yellow vein mosaic alphasatellite","no"
"FR717143","FR717143.1","743035","Ageratum leaf curl Cameroon alphasatellite","no"
"FR717142","FR717142.1","743040","Tomato leaf curl Cameroon alphasatellite","no"
"FR772088","FR772088.1","2169843","Sida leaf curl alphasatellite","no"
"FR772086","FR772086.1","944996","Hollyhock yellow vein virus associated symptomless alphasatellite","no"
"FR772085","FR772085.1","944995","Ageratum conyzoides associated symptomless alphasatellite","no"
"HQ180392","HQ180392.1","905055","Tobacco leaf curl PUSA alphasatellite","no"
"JF733780","JF733780.1","2169908","Vernonia yellow vein Fujian alphasatellite","no"
"HQ343234","HQ343234.2","2169841","Cotton leaf curl Lucknow alphasatellite","no"
"HQ631431","HQ631431.1","945250","Verbesina encelioides leaf curl alphasatellite","no"
"FN675303","FN675303.1","741733","Malvastrum yellow mosaic Cameroon alphasatellite","no"
"FN675302","FN675302.1","743040","Tomato leaf curl Cameroon alphasatellite","no"
"FN675300","FN675300.1","743040","Tomato leaf curl Cameroon alphasatellite","no"
"FN675299","FN675299.1","743040","Tomato leaf curl Cameroon alphasatellite","no"
"FN675298","FN675298.1","741733","Malvastrum yellow mosaic Cameroon alphasatellite","no"
"FN675297","FN675297.1","741733","Malvastrum yellow mosaic Cameroon alphasatellite","no"
"FN675296","FN675296.1","743040","Tomato leaf curl Cameroon alphasatellite","no"
"FN675295","FN675295.1","743035","Ageratum leaf curl Cameroon alphasatellite","no"
"FN675294","FN675294.1","743035","Ageratum leaf curl Cameroon alphasatellite","no"
"FN675293","FN675293.1","743035","Ageratum leaf curl Cameroon alphasatellite","no"
"FN675292","FN675292.1","743035","Ageratum leaf curl Cameroon alphasatellite","no"
"FN675291","FN675291.1","743031","Okra leaf curl Mali alphasatellite-Cameroon","no"
"FN675290","FN675290.1","743031","Okra leaf curl Mali alphasatellite-Cameroon","no"
"FN675289","FN675289.1","743031","Okra leaf curl Mali alphasatellite-Cameroon","no"
"FN675288","FN675288.1","743023","Okra yellow crinkle Cameroon alphasatellite","no"
"FN675287","FN675287.1","743023","Okra yellow crinkle Cameroon alphasatellite","no"
"FN675285","FN675285.1","743023","Okra yellow crinkle Cameroon alphasatellite","no"
"FN675284","FN675284.1","743023","Okra yellow crinkle Cameroon alphasatellite","no"
"HQ407396","HQ407396.1","926844","Tobacco curly shoot alphasatellite","no"
"FJ956707","FJ956707.1","915293","Ageratum yellow vein Singapore alphasatellite","no"
"HM446369","HM446369.1","679536","Cotton leaf curl Gezira alphasatellite","no"
"FJ394347","FJ394347.1","497971","Banana bunchy top virus satellite S2","no"
"FJ389724","FJ389724.1","497970","Banana bunchy top virus satellite Y","no"
"EU384653","EU384653.1","656028","Gossypium davidsonii symptomless alphasatellite","no"
"FN436007","FN436007.1","2169824","Cleome leaf crumple alphasatellite","no"
"FN432360","FN432360.1","661505","Chilli leaf curl Multan alphasatellite","no"
"FN806782","FN806782.1","1293961","Sida yellow vein China alphasatellite","no"
"FN554581","FN554581.1","679536","Cotton leaf curl Gezira alphasatellite","no"
"DQ641719","DQ641719.1","447598","Mimosa yellow leaf curl virus-associated DNA 1","no"
"DQ641718","DQ641718.1","447597","Sida yellow vein Vietnam alphasatellite","no"
"DQ641717","DQ641717.1","2169843","Sida leaf curl alphasatellite","no"
"AM749494","AM749494.1","240557","Tomato yellow leaf curl China alphasatellite","no"
"EU384661","EU384661.1","2169907","Gossypium mustelinum symptomless alphasatellite","no"
"EU384660","EU384660.1","2169907","Gossypium mustelinum symptomless alphasatellite","no"
"EU384659","EU384659.1","2169907","Gossypium mustelinum symptomless alphasatellite","no"
"EU384655","EU384655.1","656028","Gossypium davidsonii symptomless alphasatellite","no"
"EU384645","EU384645.1","656025","Gossypium darwinii symptomless alphasatellite","no"
"EU384614","EU384614.1","656025","Gossypium darwinii symptomless alphasatellite","no"
"FN543100","FN543100.1","666636","Ageratum enation virus associated DNA 1","no"
"FJ218496","FJ218496.1","632122","Gossypium mustelinum symptomless alphasatellite [Gossypium lobatum]","no"
"FJ218495","FJ218495.1","632121","Gossypium mustelinum symptomless alphasatellite [Gossypium latifolium]","no"
"FJ218493","FJ218493.1","632119","Gossypium darwinii symptomless alphasatellite [Gossypium tomentosum]","no"
"FM179614","FM179614.1","661505","Chilli leaf curl Multan alphasatellite","no"
"FM202329","FM202329.1","551238","Cotton leaf curl Rajasthan virus satellite DNA 1","no"
"EU366175","EU366175.1","497970","Banana bunchy top virus satellite Y","no"
"EU366174","EU366174.1","497971","Banana bunchy top virus satellite S2","no"
"AM236767","AM236767.1","377461","Malvastrum yellow mosaic alphasatellite","no"
"AM236766","AM236766.1","377461","Malvastrum yellow mosaic alphasatellite","no"
"AM236765","AM236765.1","377461","Malvastrum yellow mosaic alphasatellite","no"
"AM236764","AM236764.1","377461","Malvastrum yellow mosaic alphasatellite","no"
"AM236763","AM236763.1","377461","Malvastrum yellow mosaic alphasatellite","no"
"AM050734","AM050734.1","2169843","Sida leaf curl alphasatellite","no"
"AJ620463","AJ620463.1","260479","Cotton leaf curl Multan virus satellite U36-1","no"
"AJ888453","AJ888453.1","926844","Tobacco curly shoot alphasatellite","no"
"AJ888448","AJ888448.1","240557","Tomato yellow leaf curl China alphasatellite","no"
"AJ888447","AJ888447.1","240557","Tomato yellow leaf curl China alphasatellite","no"
"AJ512959","AJ512959.1","96892","Nanovirus-like particle","no"
"AJ579360","AJ579360.1","2169845","Tomato yellow leaf curl Thailand alphasatellite","no"
"AJ579359","AJ579359.1","2169845","Tomato yellow leaf curl Thailand alphasatellite","no"
"AJ579357","AJ579357.1","240557","Tomato yellow leaf curl China alphasatellite","no"
"AJ579354","AJ579354.1","240557","Tomato yellow leaf curl China alphasatellite","no"
"AJ579348","AJ579348.1","926844","Tobacco curly shoot alphasatellite","no"
"AJ579347","AJ579347.1","926844","Tobacco curly shoot alphasatellite","no"
"AJ416153","AJ416153.1","187850","Ageratum yellow vein alphasatellite","no"
"7f","7f","679536","Cotton leaf curl Gezira alphasatellite","no"
"17f","17f","743023","Okra yellow crinkle Cameroon alphasatellite","no"
"17j","17j","679536","Cotton leaf curl Gezira alphasatellite","no"
"28ba","28ba","743023","Okra yellow crinkle Cameroon alphasatellite","no"
"29ba","29ba","679536","Cotton leaf curl Gezira alphasatellite","no"
