"tax_id","parent_id","rank","tax_name","root","superkingdom","superkingdom_","superkingdom__","superkingdom___","superkingdom____","family","subfamily","subfamily_","genus","species","species_"
"1","1","root","root","1","","","","","","","","","","",""
"10239","1","superkingdom","Viruses","1","10239","","","","","","","","","",""
"12877","10239","superkingdom_","Satellites","1","10239","12877","","","","","","","","",""
"198601","12877","superkingdom__","Satellite Nucleic Acids","1","10239","12877","198601","","","","","","","",""
"361688","198601","superkingdom___","Single stranded DNA satellites","1","10239","12877","198601","361688","","","","","","",""
"2169721","alp27","species","Banana bunchy top alphasatellite 1","1","10239","12877","198601","361688","","","","","alp27","2169721",""
"2169722","alp29","species","Banana bunchy top alphasatellite 2","1","10239","12877","198601","361688","","","","","alp29","2169722",""
"2169723","alp29","species","Banana bunchy top alphasatellite 3","1","10239","12877","198601","361688","","","","","alp29","2169723",""
"2169724","alp28","species","Cardamom bushy dwarf alphasatellite","1","10239","12877","198601","361688","","","","","alp28","2169724",""
"2169834","alp24","species","Milk vetch dwarf alphasatellite 2","1","10239","12877","198601","361688","","","","","alp24","2169834",""
"2169836","alp24","species","Sophora yellow stunt alphasatellite 4","1","10239","12877","198601","361688","","","","","alp24","2169836",""
"2169837","alp23","species","Sophora yellow stunt alphasatellite 5","1","10239","12877","198601","361688","","","","","alp23","2169837",""
"2169838","alp23","species","Subterranean clover stunt alphasatellite 2","1","10239","12877","198601","361688","","","","","alp23","2169838",""
"2169893","alp18","species","Faba bean necrotic yellows alphasatellite 2","1","10239","12877","198601","361688","","","","","alp18","2169893",""
"2170027","alp22","species","Milk vetch dwarf alphasatellite 3","1","10239","12877","198601","361688","","","","","alp22","2170027",""
"1441797","alp17","species","Pea necrotic yellow dwarf alphasatellite 1","1","10239","12877","198601","361688","","","","","alp17","1441797",""
"2170028","alp17","species","Milk vetch dwarf alphasatellite 1","1","10239","12877","198601","361688","","","","","alp17","2170028",""
"2170029","alp19","species","Sophora yellow stunt alphasatellite 2","1","10239","12877","198601","361688","","","","","alp19","2170029",""
"1441796","alp20","species","Black medic leafroll alphasatellite 1","1","10239","12877","198601","361688","","","","","alp20","1441796",""
"1441799","alp20","species","Faba bean necrotic stunt alphasatellite 1","1","10239","12877","198601","361688","","","","","alp20","1441799",""
"1453080","alp20","species","Faba bean necrotic yellows C1 alphasatellite","1","10239","12877","198601","361688","","","","","alp20","1453080",""
"1453081","alp20","species","Faba bean necrotic yellows C11 alphasatellite","1","10239","12877","198601","361688","","","","","alp20","1453081",""
"1453082","alp22","species","Faba bean necrotic yellows C7 alphasatellite","1","10239","12877","198601","361688","","","","","alp22","1453082",""
"1455653","alp20","species","Milk vetch dwarf C2 alphasatellite","1","10239","12877","198601","361688","","","","","alp20","1455653",""
"1458458","alp21","species","Subterranean clover stunt C2 alphasatellite","1","10239","12877","198601","361688","","","","","alp21","1458458",""
"1980164","alp18","species","Sophora alopecuroides yellow stunt alphasatellite 3","1","10239","12877","198601","361688","","","","","alp18","1980164",""
"1980165","alp16","species","Sophora alopecuroides yellow stunt alphasatellite 4","1","10239","12877","198601","361688","","","","","alp16","1980165",""
"1980166","alp22","species","Sophora alopecuroides yellow stunt alphasatellite 5","1","10239","12877","198601","361688","","","","","alp22","1980166",""
"1980167","alp17","species","Sophora alopecuroides yellow stunt alphasatellite 6","1","10239","12877","198601","361688","","","","","alp17","1980167",""
"1980168","alp25","species","Sophora alopecuroides yellow stunt alphasatellite 7a","1","10239","12877","198601","361688","","","","","alp25","1980168",""
"1980169","alp25","species","Sophora alopecuroides yellow stunt alphasatellite 7b","1","10239","12877","198601","361688","","","","","alp25","1980169",""
"1980170","alp25","species","Sophora alopecuroides yellow stunt alphasatellite 7c","1","10239","12877","198601","361688","","","","","alp25","1980170",""
"1980171","alp25","species","Sophora alopecuroides yellow stunt alphasatellite 7d","1","10239","12877","198601","361688","","","","","alp25","1980171",""
"1980172","alp25","species","Sophora alopecuroides yellow stunt alphasatellite 7e","1","10239","12877","198601","361688","","","","","alp25","1980172",""
"2052606","alp20","species","Faba bean necrotic yellows virus associated alphasatellite 1","1","10239","12877","198601","361688","","","","","alp20","2052606",""
"2052607","alp18","species","Faba bean necrotic yellows virus associated alphasatellite 2","1","10239","12877","198601","361688","","","","","alp18","2052607",""
"2056781","alp25","species","Cow vetch latent virus alphasatellite","1","10239","12877","198601","361688","","","","","alp25","2056781",""
"915293","alp12","species","Ageratum yellow vein Singapore alphasatellite","1","10239","12877","198601","361688","","","","","alp12","915293",""
"1949199","alp13","species","Euphorbia yellow mosaic alphasatellite","1","10239","12877","198601","361688","","","","","alp13","1949199",""
"2169824","alp13","species","Cleome leaf crumple alphasatellite","1","10239","12877","198601","361688","","","","","alp13","2169824",""
"2169825","alp13","species","Melon chlorotic mosaic alphasatellite","1","10239","12877","198601","361688","","","","","alp13","2169825",""
"2169827","alp13","species","Tomato yellow spot alphasatellite","1","10239","12877","198601","361688","","","","","alp13","2169827",""
"2169828","alp15","species","Whitefly associated Guatemala alphasatellite 2","1","10239","12877","198601","361688","","","","","alp15","2169828",""
"2169829","alp14","species","Whitefly associated Puerto Rico alphasatellite 1","1","10239","12877","198601","361688","","","","","alp14","2169829",""
"713089","alp15","species","Croton yellow vein mosaic alphasatellite","1","10239","12877","198601","361688","","","","","alp15","713089",""
"1048668","alp3","species","Cotton leaf curl Multan alphasatellite","1","10239","12877","198601","361688","","","","","alp3","1048668",""
"1231298","alp35","species","Cassava mosaic Madagascar alphasatellite","1","10239","12877","198601","361688","","","","","alp35","1231298",""
"1250303","alp1","species","Sunflower leaf curl Karnataka alphasatellite","1","10239","12877","198601","361688","","","","","alp1","1250303",""
"1260769","alp1","species","Ageratum enation alphasatellite","1","10239","12877","198601","361688","","","","","alp1","1260769",""
"1407058","alp3","species","Ageratum yellow vein India alphasatellite","1","10239","12877","198601","361688","","","","","alp3","1407058",""
"1428342","alp1","species","Chilli leaf curl alphasatellite","1","10239","12877","198601","361688","","","","","alp1","1428342",""
"1454227","alp8","species","Ageratum yellow vein China alphasatellite","1","10239","12877","198601","361688","","","","","alp8","1454227",""
"1544378","alp1","species","Synedrella leaf curl alphasatellite","1","10239","12877","198601","361688","","","","","alp1","1544378",""
"187850","alp12","species","Ageratum yellow vein alphasatellite","1","10239","12877","198601","361688","","","","","alp12","187850",""
"2169841","alp1","species","Cotton leaf curl Lucknow alphasatellite","1","10239","12877","198601","361688","","","","","alp1","2169841",""
"2169842","alp6","species","Pedilanthus leaf curl alphasatellite","1","10239","12877","198601","361688","","","","","alp6","2169842",""
"2169843","alp7","species","Sida leaf curl alphasatellite","1","10239","12877","198601","361688","","","","","alp7","2169843",""
"2169845","alp1","species","Tomato yellow leaf curl Thailand alphasatellite","1","10239","12877","198601","361688","","","","","alp1","2169845",""
"2169846","alp1","species","Tomato yellow leaf curl Yunnan alphasatellite","1","10239","12877","198601","361688","","","","","alp1","2169846",""
"240557","alp1","species","Tomato yellow leaf curl China alphasatellite","1","10239","12877","198601","361688","","","","","alp1","240557",""
"377461","alp7","species","Malvastrum yellow mosaic alphasatellite","1","10239","12877","198601","361688","","","","","alp7","377461",""
"447597","alp1","species","Sida yellow vein Vietnam alphasatellite","1","10239","12877","198601","361688","","","","","alp1","447597",""
"656025","alp7","species","Gossypium darwinii symptomless alphasatellite","1","10239","12877","198601","361688","","","","","alp7","656025",""
"679536","alp35","species","Cotton leaf curl Gezira alphasatellite","1","10239","12877","198601","361688","","","","","alp35","679536",""
"741733","alp35","species","Malvastrum yellow mosaic Cameroon alphasatellite","1","10239","12877","198601","361688","","","","","alp35","741733",""
"743040","alp34","species","Tomato leaf curl Cameroon alphasatellite","1","10239","12877","198601","361688","","","","","alp34","743040",""
"926844","alp1","species","Tobacco curly shoot alphasatellite","1","10239","12877","198601","361688","","","","","alp1","926844",""
"1249467","alp10","species","Okra enation leaf curl alphasatellite","1","10239","12877","198601","361688","","","","","alp10","1249467",""
"1705093","alp10","species","Mesta yellow vein mosaic alphasatellite","1","10239","12877","198601","361688","","","","","alp10","1705093",""
"2030910","alp10","species","Hollyhock yellow vein alphasatellite","1","10239","12877","198601","361688","","","","","alp10","2030910",""
"2169907","alp10","species","Gossypium mustelinum symptomless alphasatellite","1","10239","12877","198601","361688","","","","","alp10","2169907",""
"2169908","alp10","species","Vernonia yellow vein Fujian alphasatellite","1","10239","12877","198601","361688","","","","","alp10","2169908",""
"743023","alp10","species","Okra yellow crinkle Cameroon alphasatellite","1","10239","12877","198601","361688","","","","","alp10","743023",""
"1112202","alp15","species","Papaya leaf curl alphasatellite","1","10239","12877","198601","361688","","","","","alp15","1112202",""
"1161126","alp15","species","Tomato leaf curl New Delhi alphasatellite","1","10239","12877","198601","361688","","","","","alp15","1161126",""
"1188819","alp14","species","Cuban alphasatellite 1","1","10239","12877","198601","361688","","","","","alp14","1188819",""
"1225644","alp10","species","Bhendi yellow vein mosaic virus-associated alphasatellite","1","10239","12877","198601","361688","","","","","alp10","1225644",""
"1293961","alp1","species","Sida yellow vein China alphasatellite","1","10239","12877","198601","361688","","","","","alp1","1293961",""
"1407057","alp1","species","Tomato leaf curl alphasatellite","1","10239","12877","198601","361688","","","","","alp1","1407057",""
"1468596","alp2","species","Ageratum yellow vein Pakistan alphasatellite","1","10239","12877","198601","361688","","","","","alp2","1468596",""
"1468597","alp5","species","Hibiscus leaf curl alphasatellite","1","10239","12877","198601","361688","","","","","alp5","1468597",""
"1506184","alp1","species","Sida yellow vein alphasatellite","1","10239","12877","198601","361688","","","","","alp1","1506184",""
"1507724","alp7","species","Chilli leaf curl Dhanbad alphasatellite","1","10239","12877","198601","361688","","","","","alp7","1507724",""
"1507725","alp7","species","Chilli leaf curl India alphasatellite","1","10239","12877","198601","361688","","","","","alp7","1507725",""
"1507726","alp7","species","Radish leaf curl alphasatellite","1","10239","12877","198601","361688","","","","","alp7","1507726",""
"1542665","alp1","species","Mesta yellow vein mosaic virus alphasatellite","1","10239","12877","198601","361688","","","","","alp1","1542665",""
"1631261","alp1","species","Ageratum yellow leaf curl Pakistan alphasatellite","1","10239","12877","198601","361688","","","","","alp1","1631261",""
"1690816","alp10","species","Gossypium mustelinium symptomless alphasatellite","1","10239","12877","198601","361688","","","","","alp10","1690816",""
"1705092","alp1","species","Ageratum conyzoides symptomless alphasatellite","1","10239","12877","198601","361688","","","","","alp1","1705092",""
"1740346","alp15","species","Alphasatellite 1","1","10239","12877","198601","361688","","","","","alp15","1740346",""
"1740348","alp14","species","Alphasatellite 3","1","10239","12877","198601","361688","","","","","alp14","1740348",""
"1755198","alp1","species","Parthenium leaf curl alphasatellite","1","10239","12877","198601","361688","","","","","alp1","1755198",""
"1819678","alp15","species","Cucurbit yellow mosaic alphasatellite","1","10239","12877","198601","361688","","","","","alp15","1819678",""
"1837133","alp7","species","Cotton leaf curl Rajasthan alphasatellite","1","10239","12877","198601","361688","","","","","alp7","1837133",""
"1841147","alp10","species","Bhindi yellow vein alphasatellite","1","10239","12877","198601","361688","","","","","alp10","1841147",""
"1911908","alp15","species","Begomovirus-associated alphasatellite sp.","1","10239","12877","198601","361688","","","","","alp15","1911908",""
"1945850","alp15","species","Ash gourd yellow vein mosaic alphasatellite","1","10239","12877","198601","361688","","","","","alp15","1945850",""
"1949200","alp13","species","Leonurus yellow spot alphasatellite","1","10239","12877","198601","361688","","","","","alp13","1949200",""
"2030125","alp1","species","Alternanthera yellow vein alphasatellite","1","10239","12877","198601","361688","","","","","alp1","2030125",""
"2048879","alp15","species","Tomato leaf curl Virudhunagar alphasatellite","1","10239","12877","198601","361688","","","","","alp15","2048879",""
"2161874","alp32","species","Coconut foliar decay alphasatellite 1","1","10239","12877","198601","361688","","","","","alp32","2161874",""
"2161875","alp33","species","Coconut foliar decay alphasatellite 2","1","10239","12877","198601","361688","","","","","alp33","2161875",""
"2161876","alp26","species","Coconut foliar decay alphasatellite 3","1","10239","12877","198601","361688","","","","","alp26","2161876",""
"2161877","alp32","species","Coconut foliar decay alphasatellite 4","1","10239","12877","198601","361688","","","","","alp32","2161877",""
"2161878","alp31","species","Coconut foliar decay alphasatellite 5","1","10239","12877","198601","361688","","","","","alp31","2161878",""
"2161879","alp26","species","Coconut foliar decay alphasatellite 6","1","10239","12877","198601","361688","","","","","alp26","2161879",""
"2161880","alp30","species","Coconut foliar decay alphasatellite 7","1","10239","12877","198601","361688","","","","","alp30","2161880",""
"2161881","alp32","species","Coconut foliar decay alphasatellite 8","1","10239","12877","198601","361688","","","","","alp32","2161881",""
"2161882","alp33","species","Coconut foliar decay alphasatellite R","1","10239","12877","198601","361688","","","","","alp33","2161882",""
"2231665","alp7","species","Hollyhock leaf curl alphasatellite","1","10239","12877","198601","361688","","","","","alp7","2231665",""
"2419986","alp3","species","Spine gourd mosaic alphasatellite","1","10239","12877","198601","361688","","","","","alp3","2419986",""
"447598","alp1","species","Mimosa yellow leaf curl virus-associated DNA 1","1","10239","12877","198601","361688","","","","","alp1","447598",""
"518829","alp5","species","Okra leaf curl alphasatellite","1","10239","12877","198601","361688","","","","","alp5","518829",""
"538004","alp1","species","Tomato leaf curl Pakistan alphasatellite","1","10239","12877","198601","361688","","","","","alp1","538004",""
"551238","alp1","species","Cotton leaf curl Rajasthan virus satellite DNA 1","1","10239","12877","198601","361688","","","","","alp1","551238",""
"632119","alp7","species","Gossypium darwinii symptomless alphasatellite [Gossypium tomentosum]","1","10239","12877","198601","361688","","","","","alp7","632119",""
"632120","alp10","species","Gossypium mustelinum symptomless alphasatellite [Gossypium gossypioides]","1","10239","12877","198601","361688","","","","","alp10","632120",""
"632121","alp10","species","Gossypium mustelinum symptomless alphasatellite [Gossypium latifolium]","1","10239","12877","198601","361688","","","","","alp10","632121",""
"632122","alp10","species","Gossypium mustelinum symptomless alphasatellite [Gossypium lobatum]","1","10239","12877","198601","361688","","","","","alp10","632122",""
"656028","alp10","species","Gossypium davidsonii symptomless alphasatellite","1","10239","12877","198601","361688","","","","","alp10","656028",""
"661505","alp1","species","Chilli leaf curl Multan alphasatellite","1","10239","12877","198601","361688","","","","","alp1","661505",""
"666636","alp3","species","Ageratum enation virus associated DNA 1","1","10239","12877","198601","361688","","","","","alp3","666636",""
"713090","alp5","species","Bendhi Yellow Vein Mosaic/Mesta Yellow Vein Mosaic alphasatellite","1","10239","12877","198601","361688","","","","","alp5","713090",""
"713091","alp3","species","Cotton leaf curl Burewala alphasatellite","1","10239","12877","198601","361688","","","","","alp3","713091",""
"743031","alp35","species","Okra leaf curl Mali alphasatellite-Cameroon","1","10239","12877","198601","361688","","","","","alp35","743031",""
"743035","alp34","species","Ageratum leaf curl Cameroon alphasatellite","1","10239","12877","198601","361688","","","","","alp34","743035",""
"748170","alp1","species","Guar leaf curl alphasatellite","1","10239","12877","198601","361688","","","","","alp1","748170",""
"759124","alp5","species","Bhendi yellow vein mosaic alphasatellite","1","10239","12877","198601","361688","","","","","alp5","759124",""
"905055","alp1","species","Tobacco leaf curl PUSA alphasatellite","1","10239","12877","198601","361688","","","","","alp1","905055",""
"944995","alp1","species","Ageratum conyzoides associated symptomless alphasatellite","1","10239","12877","198601","361688","","","","","alp1","944995",""
"944996","alp10","species","Hollyhock yellow vein virus associated symptomless alphasatellite","1","10239","12877","198601","361688","","","","","alp10","944996",""
"945250","alp1","species","Verbesina encelioides leaf curl alphasatellite","1","10239","12877","198601","361688","","","","","alp1","945250",""
"96892","alp1","species","Nanovirus-like particle","1","10239","12877","198601","361688","","","","","alp1","96892",""
"2169905","alp11","species","Dragonfly associated alphasatellite","1","10239","12877","198601","361688","","","","","alp11","2169905",""
"2169906","alp9","species","Whitefly associated Guetamala alphasatellite 1","1","10239","12877","198601","361688","","","","","alp9","2169906",""
"260479","alp2","species","Cotton leaf curl Multan virus satellite U36-1","1","10239","12877","198601","361688","","","","","alp2","260479",""
"497970","alp29","species","Banana bunchy top virus satellite Y","1","10239","12877","198601","361688","","","","","alp29","497970",""
"497971","alp27","species","Banana bunchy top virus satellite S2","1","10239","12877","198601","361688","","","","","alp27","497971",""
"alp1","198601","genus","alp1","1","10239","12877","198601","361688","","","","","alp1","",""
"alp2","198601","genus","alp2","1","10239","12877","198601","361688","","","","","alp2","",""
"alp3","198601","genus","alp3","1","10239","12877","198601","361688","","","","","alp3","",""
"alp4","198601","genus","alp4","1","10239","12877","198601","361688","","","","","alp4","",""
"alp5","198601","genus","alp5","1","10239","12877","198601","361688","","","","","alp5","",""
"alp6","198601","genus","alp6","1","10239","12877","198601","361688","","","","","alp6","",""
"alp7","198601","genus","alp7","1","10239","12877","198601","361688","","","","","alp7","",""
"alp8","198601","genus","alp8","1","10239","12877","198601","361688","","","","","alp8","",""
"alp9","198601","genus","alp9","1","10239","12877","198601","361688","","","","","alp9","",""
"alp10","198601","genus","alp10","1","10239","12877","198601","361688","","","","","alp10","",""
"alp11","198601","genus","alp11","1","10239","12877","198601","361688","","","","","alp11","",""
"alp12","198601","genus","alp12","1","10239","12877","198601","361688","","","","","alp12","",""
"alp13","198601","genus","alp13","1","10239","12877","198601","361688","","","","","alp13","",""
"alp14","198601","genus","alp14","1","10239","12877","198601","361688","","","","","alp14","",""
"alp15","198601","genus","alp15","1","10239","12877","198601","361688","","","","","alp15","",""
"alp16","198601","genus","alp16","1","10239","12877","198601","361688","","","","","alp16","",""
"alp17","198601","genus","alp17","1","10239","12877","198601","361688","","","","","alp17","",""
"alp18","198601","genus","alp18","1","10239","12877","198601","361688","","","","","alp18","",""
"alp19","198601","genus","alp19","1","10239","12877","198601","361688","","","","","alp19","",""
"alp20","198601","genus","alp20","1","10239","12877","198601","361688","","","","","alp20","",""
"alp21","198601","genus","alp21","1","10239","12877","198601","361688","","","","","alp21","",""
"alp22","198601","genus","alp22","1","10239","12877","198601","361688","","","","","alp22","",""
"alp23","198601","genus","alp23","1","10239","12877","198601","361688","","","","","alp23","",""
"alp24","198601","genus","alp24","1","10239","12877","198601","361688","","","","","alp24","",""
"alp25","198601","genus","alp25","1","10239","12877","198601","361688","","","","","alp25","",""
"alp26","198601","genus","alp26","1","10239","12877","198601","361688","","","","","alp26","",""
"alp27","198601","genus","alp27","1","10239","12877","198601","361688","","","","","alp27","",""
"alp28","198601","genus","alp28","1","10239","12877","198601","361688","","","","","alp28","",""
"alp29","198601","genus","alp29","1","10239","12877","198601","361688","","","","","alp29","",""
"alp30","198601","genus","alp30","1","10239","12877","198601","361688","","","","","alp30","",""
"alp31","198601","genus","alp31","1","10239","12877","198601","361688","","","","","alp31","",""
"alp32","198601","genus","alp32","1","10239","12877","198601","361688","","","","","alp32","",""
"alp33","198601","genus","alp33","1","10239","12877","198601","361688","","","","","alp33","",""
"alp34","198601","genus","alp34","1","10239","12877","198601","361688","","","","","alp34","",""
"alp35","198601","genus","alp35","1","10239","12877","198601","361688","","","","","alp35","",""
