{
    "files": {
        "phylo_model": "phylo_modelWU63VM.json", 
        "taxonomy": "alpha_taxonomy.csv", 
        "tree": "alpha_ROOTED.tre", 
        "aln_fasta": "alpha_DOUBLE.fas", 
        "seq_info": "alpha_info.csv", 
        "tree_stats": "alpha.log"
    }, 
    "rollback": null, 
    "log": [
        "Stripped refpkg (removed 0 files)", 
        "Loaded initial files into empty refpkg"
    ], 
    "metadata": {
        "create_date": "2019-02-07 16:15:19", 
        "format_version": "1.1", 
        "locus": "alpha"
    }, 
    "rollforward": null, 
    "md5": {
        "phylo_model": "8ba1e5d128e7911025eb692ad69d1a9d", 
        "taxonomy": "08c00e6c40c6527b30d0ab8dc338feb9", 
        "tree": "a80fe2f4578cd66583140d98f0d9da87", 
        "aln_fasta": "a02fefd390903239b4383af9f438df7d", 
        "seq_info": "8c0adde2e50a2661a3b759a0ae2f2cf4", 
        "tree_stats": "8478acfc3c0ea3b35969e808527e85db"
    }
}
