"tax_id","parent_id","rank","tax_name","root","superkingdom","superkingdom_","family","genus","species"
"1","1","root","root","1","","","","",""
"10239","1","superkingdom","Viruses","1","10239","","","",""
"12877","10239","superkingdom_","Satellites","1","10239","12877","","",""
"1993640","12877","family","Tolecusatellitidae","1","10239","12877","1993640","",""
"1176156","bet3","species","Tomato leaf curl Yemen betasatellite","1","10239","12877","1993640","bet3","1176156"
"1198498","bet26","species","Honeysuckle yellow vein mosaic betasatellite","1","10239","12877","1993640","bet26","1198498"
"1233479","bet30","species","Luffa leaf distortion betasatellite","1","10239","12877","1993640","bet30","1233479"
"1255765","bet8","species","Tomato yellow leaf curl China betasatellite","1","10239","12877","1993640","bet8","1255765"
"1273128","bet30","species","Kenaf leaf curl betasatellite","1","10239","12877","1993640","bet30","1273128"
"1297646","bet16","species","Corchorus yellow vein mosaic betasatellite","1","10239","12877","1993640","bet16","1297646"
"134386","bet30","species","Cotton leaf curl betasatellite","1","10239","12877","1993640","bet30","134386"
"1384632","bet14","species","Tomato leaf curl Gandhinagar betasatellite","1","10239","12877","1993640","bet14","1384632"
"1418029","bet27","species","Siegesbeckia yellow vein betasatellite","1","10239","12877","1993640","bet27","1418029"
"1428189","bet21","species","Hedyotis yellow mosaic betasatellite","1","10239","12877","1993640","bet21","1428189"
"1461792","bet22","species","Malvastrum leaf curl Guangdong betasatellite","1","10239","12877","1993640","bet22","1461792"
"1476485","bet15","species","Andrographis yellow vein leaf curl betasatellite","1","10239","12877","1993640","bet15","1476485"
"169687","bet13","species","Ageratum yellow leaf curl betasatellite","1","10239","12877","1993640","bet13","169687"
"185750","bet19","species","Ageratum yellow vein betasatellite","1","10239","12877","1993640","bet19","185750"
"186371","bet29","species","Bhendi yellow vein betasatellite","1","10239","12877","1993640","bet29","186371"
"2010286","bet14","species","Chili leaf curl betasatellite","1","10239","12877","1993640","bet14","2010286"
"2010314","bet12","species","Chili leaf curl Jaunpur betasatellite","1","10239","12877","1993640","bet12","2010314"
"2010315","bet10","species","Chili leaf curl Sri Lanka betasatellite","1","10239","12877","1993640","bet10","2010315"
"2010316","bet5","species","Ageratum yellow vein India betasatellite","1","10239","12877","1993640","bet5","2010316"
"2010317","bet5","species","Ageratum yellow vein Sri Lanka betasatellite","1","10239","12877","1993640","bet5","2010317"
"2010319","bet26","species","Eupatorium yellow vein mosaic betasatellite","1","10239","12877","1993640","bet26","2010319"
"2010320","bet16","species","French bean leaf curl betasatellite","1","10239","12877","1993640","bet16","2010320"
"2010321","bet1","species","Momordica yellow mosaic betasatellite","1","10239","12877","1993640","bet1","2010321"
"2010322","bet16","species","Mungbean yellow mosaic betasatellite","1","10239","12877","1993640","bet16","2010322"
"2010323","bet3","species","Okra leaf curl Oman betasatellite","1","10239","12877","1993640","bet3","2010323"
"2010324","bet16","species","Papaya leaf curl India betasatellite","1","10239","12877","1993640","bet16","2010324"
"2010325","bet16","species","Rhynchosia yellow mosaic betasatellite","1","10239","12877","1993640","bet16","2010325"
"2010326","bet26","species","Tobacco leaf curl Japan betasatellite","1","10239","12877","1993640","bet26","2010326"
"2010327","bet12","species","Tobacco leaf curl Patna betasatellite","1","10239","12877","1993640","bet12","2010327"
"2010331","bet11","species","Tomato leaf curl Bangalore betasatellite","1","10239","12877","1993640","bet11","2010331"
"2010332","bet22","species","Tomato leaf curl Laguna betasatellite","1","10239","12877","1993640","bet22","2010332"
"2010333","bet17","species","Tomato leaf curl Laos betasatellite","1","10239","12877","1993640","bet17","2010333"
"2031200","bet4","species","Tomato leaf curl Nepal betasatellite","1","10239","12877","1993640","bet4","2031200"
"2033721","bet8","species","Tomato yellow leaf curl Yunnan betasatellite","1","10239","12877","1993640","bet8","2033721"
"2040662","bet8","species","Tomato yellow leaf curl Shandong betasatellite","1","10239","12877","1993640","bet8","2040662"
"2049883","bet12","species","Mirabilis leaf curl betasatellite","1","10239","12877","1993640","bet12","2049883"
"2049892","bet15","species","Tomato leaf curl Malaysia betasatellite","1","10239","12877","1993640","bet15","2049892"
"2050589","bet24","species","Vernonia yellow vein Fujian betasatellite","1","10239","12877","1993640","bet24","2050589"
"205323","bet4","species","Tobacco leaf curl betasatellite","1","10239","12877","1993640","bet4","205323"
"2083207","bet14","species","Tomato yellow leaf curl Rajasthan betasatellite","1","10239","12877","1993640","bet14","2083207"
"2173168","bet22","species","Tomato leaf curl Philippine betasatellite","1","10239","12877","1993640","bet22","2173168"
"219596","bet4","species","Tobacco curly shoot betasatellite","1","10239","12877","1993640","bet4","219596"
"220812","bet14","species","Tomato leaf curl betasatellite","1","10239","12877","1993640","bet14","220812"
"221036","bet30","species","Malvastrum yellow vein betasatellite","1","10239","12877","1993640","bet30","221036"
"221037","bet26","species","Honeysuckle yellow vein betasatellite","1","10239","12877","1993640","bet26","221037"
"221054","bet26","species","Eupatorium yellow vein betasatellite","1","10239","12877","1993640","bet26","221054"
"278069","bet8","species","Tomato leaf curl China betasatellite","1","10239","12877","1993640","bet8","278069"
"304222","bet3","species","Cotton leaf curl Gezira betasatellite","1","10239","12877","1993640","bet3","304222"
"306025","bet30","species","Cotton leaf curl Multan betasatellite","1","10239","12877","1993640","bet30","306025"
"339965","bet20","species","Malvastrum leaf curl betasatellite","1","10239","12877","1993640","bet20","339965"
"411248","bet9","species","Croton yellow vein mosaic betasatellite","1","10239","12877","1993640","bet9","411248"
"436243","bet12","species","Tomato leaf curl Joydebpur betasatellite","1","10239","12877","1993640","bet12","436243"
"447599","bet19","species","Papaya leaf curl China betasatellite","1","10239","12877","1993640","bet19","447599"
"447604","bet8","species","Tomato yellow leaf curl Vietnam betasatellite","1","10239","12877","1993640","bet8","447604"
"447606","bet4","species","Alternanthera yellow vein betasatellite","1","10239","12877","1993640","bet4","447606"
"486898","bet11","species","Tomato leaf curl Bangalore virus-[Ban5] satellite DNA beta","1","10239","12877","1993640","bet11","486898"
"497865","bet31","species","Cardiospermum yellow leaf curl betasatellite","1","10239","12877","1993640","bet31","497865"
"53991","bet19","species","Tomato leaf curl Java betasatellite","1","10239","12877","1993640","bet19","53991"
"575918","bet12","species","Tomato leaf curl Patna betasatellite","1","10239","12877","1993640","bet12","575918"
"635076","bet1","species","Ageratum leaf curl Cameroon betasatellite","1","10239","12877","1993640","bet1","635076"
"662596","bet4","species","Radish leaf curl betasatellite","1","10239","12877","1993640","bet4","662596"
"666635","bet24","species","Vernonia yellow vein betasatellite","1","10239","12877","1993640","bet24","666635"
"693897","bet4","species","Tomato yellow leaf curl Thailand betasatellite","1","10239","12877","1993640","bet4","693897"
"714640","bet14","species","Papaya leaf curl betasatellite","1","10239","12877","1993640","bet14","714640"
"875325","bet4","species","Rose leaf curl betasatellite","1","10239","12877","1993640","bet4","875325"
"875326","bet30","species","Eclipta yellow vein betasatellite","1","10239","12877","1993640","bet30","875326"
"885379","bet14","species","Tomato leaf curl Bangladesh betasatellite","1","10239","12877","1993640","bet14","885379"
"908070","bet29","species","Bhendi yellow vein mosaic betasatellite","1","10239","12877","1993640","bet29","908070"
"912035","bet1","species","Ageratum leaf curl Buea betasatellite","1","10239","12877","1993640","bet1","912035"
"1175505","bet13","species","Ageratum leaf curl betasatellite","1","10239","12877","1993640","bet13","1175505"
"1213187","bet13","species","Tobacco leaf chlorosis betasatellite","1","10239","12877","1993640","bet13","1213187"
"1231334","bet14","species","Tomato leaf curl Hajipur betasatellite","1","10239","12877","1993640","bet14","1231334"
"1246849","bet30","species","Malvastrum yellow vein Chitwan betasatellite","1","10239","12877","1993640","bet30","1246849"
"1256866","bet11","species","Sunflower leaf curl virus betasatellite","1","10239","12877","1993640","bet11","1256866"
"1280308","bet18","species","Tomato leaf curl Guangxi betasatellite","1","10239","12877","1993640","bet18","1280308"
"1280309","bet30","species","Malvastrum yellow vein Yunnan betasatellite","1","10239","12877","1993640","bet30","1280309"
"1334928","bet12","species","Tomato leaf curl Bhatinda betasatellite","1","10239","12877","1993640","bet12","1334928"
"1397670","bet14","species","Tomato leaf curl Karnataka betasatellite","1","10239","12877","1993640","bet14","1397670"
"1416738","bet11","species","Spinach yellow vein betasatellite","1","10239","12877","1993640","bet11","1416738"
"1497568","bet14","species","Tomato leaf curl Oman betasatellite","1","10239","12877","1993640","bet14","1497568"
"1506157","bet30","species","Luffa puckering and leaf distortion-associated betasatellite [India:Gurdaspur:Okra:2013]","1","10239","12877","1993640","bet30","1506157"
"1507403","bet12","species","Mirabilis leaf curl India virus associated betasatellite","1","10239","12877","1993640","bet12","1507403"
"1570108","bet11","species","Tomato leaf curl Bangalore1 betasatellite","1","10239","12877","1993640","bet11","1570108"
"1570109","bet11","species","Tomato leaf curl Bangalore4 betasatellite","1","10239","12877","1993640","bet11","1570109"
"1570110","bet12","species","Tomato leaf curl Gujarat betasatellite","1","10239","12877","1993640","bet12","1570110"
"1609290","bet4","species","Tomato leaf curl Pakistan betasatellite","1","10239","12877","1993640","bet4","1609290"
"169693","bet3","species","Okra yellow vein disease associated sequence","1","10239","12877","1993640","bet3","169693"
"1705090","bet30","species","Luffa begomovirus betasatellite","1","10239","12877","1993640","bet30","1705090"
"1705091","bet30","species","Malachra yellow vein mosaic betasatellite","1","10239","12877","1993640","bet30","1705091"
"1837131","bet30","species","Cotton leaf curl Rajasthan betasatellite","1","10239","12877","1993640","bet30","1837131"
"189515","bet30","species","Cotton leaf curl virus betasatellite","1","10239","12877","1993640","bet30","189515"
"1925152","bet23","species","Vernonia crinkle betasatellite","1","10239","12877","1993640","bet23","1925152"
"1931113","bet18","species","Pea leaf distortion betasatellite","1","10239","12877","1993640","bet18","1931113"
"2164175","bet30","species","Hibiscus vein enation betasatellite","1","10239","12877","1993640","bet30","2164175"
"218845","bet7","species","Tobacco leaf curl Yunnan betasatellite","1","10239","12877","1993640","bet7","218845"
"2203894","bet8","species","Tomato leaf curl Yunnan betasatellite","1","10239","12877","1993640","bet8","2203894"
"220813","bet19","species","Zinnia leaf curl virus-associated DNA beta","1","10239","12877","1993640","bet19","220813"
"234829","bet8","species","Tomato begomovirus satellite DNA beta","1","10239","12877","1993640","bet8","234829"
"2496574","bet19","species","Emilia yellow vein Fujian betasatellite","1","10239","12877","1993640","bet19","2496574"
"291270","bet20","species","Sida yellow mosaic virus-[China]-associated DNA beta","1","10239","12877","1993640","bet20","291270"
"292626","bet30","species","Luffa puckering and leaf distortion-associated DNA beta","1","10239","12877","1993640","bet30","292626"
"292627","bet14","species","Cowpea severe leaf curl-associated DNA beta","1","10239","12877","1993640","bet14","292627"
"307111","bet30","species","Cotton leaf curl Bangalore betasatellite","1","10239","12877","1993640","bet30","307111"
"315392","bet11","species","Tomato leaf curl virus-Pune-associated DNA beta","1","10239","12877","1993640","bet11","315392"
"325113","bet15","species","Ludwigia yellow vein virus-associated DNA beta","1","10239","12877","1993640","bet15","325113"
"326489","bet30","species","Sida yellow vein virus satellite DNA beta","1","10239","12877","1993640","bet30","326489"
"329288","bet19","species","Ageratum yellow vein China betasatellite","1","10239","12877","1993640","bet19","329288"
"337824","bet6","species","Sida leaf curl virus-associated DNA beta","1","10239","12877","1993640","bet6","337824"
"360580","bet30","species","Mesta yellow vein mosaic virus-associated DNA beta","1","10239","12877","1993640","bet30","360580"
"366686","bet8","species","TYLCCNV-[Y322] satellite DNA beta","1","10239","12877","1993640","bet8","366686"
"377463","bet20","species","Malvastrum yellow mosaic virus satellite DNA beta","1","10239","12877","1993640","bet20","377463"
"377611","bet30","species","Malvastrum yellow vein Yunnan virus satellite DNA beta","1","10239","12877","1993640","bet30","377611"
"391090","bet14","species","Tomato yellow leaf curl betasatellite","1","10239","12877","1993640","bet14","391090"
"393034","bet28","species","Siegesbeckia yellow vein virus-associated DNA beta","1","10239","12877","1993640","bet28","393034"
"410826","bet11","species","Potato apical leaf curl disease-associated satellite DNA beta","1","10239","12877","1993640","bet11","410826"
"417192","bet26","species","Honeysuckle yellow vein mosaic disease associated satellite DNA beta","1","10239","12877","1993640","bet26","417192"
"427315","bet26","species","Tomato yellow dwarf disease associated satellite DNA beta-[Kochi]","1","10239","12877","1993640","bet26","427315"
"429322","bet13","species","Digera arvensis yellow vein betasatellite","1","10239","12877","1993640","bet13","429322"
"434068","bet26","species","Honeysuckle yellow vein beta","1","10239","12877","1993640","bet26","434068"
"436242","bet14","species","Pepper leaf curl virus satellite DNA beta","1","10239","12877","1993640","bet14","436242"
"447600","bet17","species","Mimosa yellow leaf curl virus satellite DNA beta","1","10239","12877","1993640","bet17","447600"
"447602","bet20","species","Sida yellow vein Vietnam virus satellite DNA beta","1","10239","12877","1993640","bet20","447602"
"447603","bet8","species","Erectites yellow mosaic virus satellite DNA beta","1","10239","12877","1993640","bet8","447603"
"447605","bet25","species","Lindernia anagallis yellow vein virus satellite DNA beta","1","10239","12877","1993640","bet25","447605"
"453451","bet11","species","Tomato leaf curl Maharastra beta - [India:Pune:2004]","1","10239","12877","1993640","bet11","453451"
"453453","bet11","species","Papaya leaf curl beta - [India:Chinthapalli:2005]","1","10239","12877","1993640","bet11","453453"
"454128","bet3","species","Okra leaf curl Mali virus satellite DNA beta","1","10239","12877","1993640","bet3","454128"
"478812","bet30","species","Tomato leaf curl New Delhi betasatellite","1","10239","12877","1993640","bet30","478812"
"488255","bet30","species","Malachra yellow vein mosaic virus-associated satellite DNA beta","1","10239","12877","1993640","bet30","488255"
"519016","bet8","species","Pepper leaf curl Yunnan virus satellite DNA beta","1","10239","12877","1993640","bet8","519016"
"562747","bet30","species","Ludwigia leaf distortion betasatellite","1","10239","12877","1993640","bet30","562747"
"640136","bet27","species","Emilia yellow vein virus-associated DNA beta","1","10239","12877","1993640","bet27","640136"
"670251","bet6","species","Leucas zeylanica yellow vein virus satellite DNA beta","1","10239","12877","1993640","bet6","670251"
"700987","bet29","species","Okra yellow vein mosaic virus satellite DNA beta","1","10239","12877","1993640","bet29","700987"
"713092","bet30","species","Cotton leaf curl Burewala betasatellite","1","10239","12877","1993640","bet30","713092"
"716920","bet15","species","Pepper yellow leaf curl satellite DNA beta","1","10239","12877","1993640","bet15","716920"
"756759","bet29","species","Okra leaf curl betasatellite","1","10239","12877","1993640","bet29","756759"
"908009","bet29","species","Bhendi yellow vein India betasatellite","1","10239","12877","1993640","bet29","908009"
"908276","bet29","species","Okra enation leaf curl betasatellite","1","10239","12877","1993640","bet29","908276"
"929051","bet1","species","Tomato leaf curl Togo betasatellite-[Togo:2006]","1","10239","12877","1993640","bet1","929051"
"938277","bet14","species","Tomato leaf curl Ranchi betasatellite","1","10239","12877","1993640","bet14","938277"
"1993650","bet19","species","Tomato leaf curl deltasatellite","1","10239","12877","1993640","bet19","1993650"
"377462","bet20","species","Malvastrum yellow mosaic virus","1","10239","12877","1993640","bet20","377462"
"bfnewbeta","bet1","species","bfnewbeta","1","10239","12877","1993640","bet1","bfnewbeta"
"bet1","1993640","genus","bet1","1","10239","12877","1993640","bet1",""
"bet2","1993640","genus","bet2","1","10239","12877","1993640","bet2",""
"bet3","1993640","genus","bet3","1","10239","12877","1993640","bet3",""
"bet4","1993640","genus","bet4","1","10239","12877","1993640","bet4",""
"bet5","1993640","genus","bet5","1","10239","12877","1993640","bet5",""
"bet6","1993640","genus","bet6","1","10239","12877","1993640","bet6",""
"bet7","1993640","genus","bet7","1","10239","12877","1993640","bet7",""
"bet8","1993640","genus","bet8","1","10239","12877","1993640","bet8",""
"bet9","1993640","genus","bet9","1","10239","12877","1993640","bet9",""
"bet10","1993640","genus","bet10","1","10239","12877","1993640","bet10",""
"bet11","1993640","genus","bet11","1","10239","12877","1993640","bet11",""
"bet12","1993640","genus","bet12","1","10239","12877","1993640","bet12",""
"bet13","1993640","genus","bet13","1","10239","12877","1993640","bet13",""
"bet14","1993640","genus","bet14","1","10239","12877","1993640","bet14",""
"bet15","1993640","genus","bet15","1","10239","12877","1993640","bet15",""
"bet16","1993640","genus","bet16","1","10239","12877","1993640","bet16",""
"bet17","1993640","genus","bet17","1","10239","12877","1993640","bet17",""
"bet18","1993640","genus","bet18","1","10239","12877","1993640","bet18",""
"bet19","1993640","genus","bet19","1","10239","12877","1993640","bet19",""
"bet20","1993640","genus","bet20","1","10239","12877","1993640","bet20",""
"bet21","1993640","genus","bet21","1","10239","12877","1993640","bet21",""
"bet22","1993640","genus","bet22","1","10239","12877","1993640","bet22",""
"bet23","1993640","genus","bet23","1","10239","12877","1993640","bet23",""
"bet24","1993640","genus","bet24","1","10239","12877","1993640","bet24",""
"bet25","1993640","genus","bet25","1","10239","12877","1993640","bet25",""
"bet26","1993640","genus","bet26","1","10239","12877","1993640","bet26",""
"bet27","1993640","genus","bet27","1","10239","12877","1993640","bet27",""
"bet28","1993640","genus","bet28","1","10239","12877","1993640","bet28",""
"bet29","1993640","genus","bet29","1","10239","12877","1993640","bet29",""
"bet30","1993640","genus","bet30","1","10239","12877","1993640","bet30",""
"bet31","1993640","genus","bet31","1","10239","12877","1993640","bet31",""
