"seqname","accession","tax_id","species","is_type"
"MH550541","MH550541","2010327","Tobacco leaf curl Patna betasatellite","no"
"MG373553","MG373553","562747","Ludwigia leaf distortion betasatellite","no"
"MH035671","MH035671","2496574","Emilia yellow vein Fujian betasatellite","no"
"JQ327844","JQ327844","562747","Ludwigia leaf distortion betasatellite","no"
"JQ327842","JQ327842","1246849","Malvastrum yellow vein Chitwan betasatellite","no"
"AJ542498","AJ542498","2010317","Ageratum yellow vein Sri Lanka betasatellite","no"
"AJ557441","AJ557441","2010316","Ageratum yellow vein India betasatellite","no"
"MG758149","MG758149","307111","Cotton leaf curl Bangalore betasatellite","no"
"MH550646","MH550646","220812","Tomato leaf curl betasatellite","no"
"MH550642","MH550642","756759","Okra leaf curl betasatellite","no"
"MH550628","MH550628","908070","Bhendi yellow vein mosaic betasatellite","no"
"LT623996","LT623996","205323","Tobacco leaf curl betasatellite","no"
"MG571522","MG571522","436243","Tomato leaf curl Joydebpur betasatellite","no"
"LT608338","LT608338","134386","Cotton leaf curl betasatellite","no"
"MG970363","MG970363","220812","Tomato leaf curl betasatellite","no"
"MG544285","MG544285","436243","Tomato leaf curl Joydebpur betasatellite","no"
"LT600728","LT600728","1609290","Tomato leaf curl Pakistan betasatellite","no"
"LT600716","LT600716","714640","Papaya leaf curl betasatellite","no"
"MF409173","MF409173","1273128","Kenaf leaf curl betasatellite","no"
"LC316186","LC316186","307111","Cotton leaf curl Bangalore betasatellite","no"
"MF135487","MF135487","429322","Digera arvensis yellow vein betasatellite","no"
"MF683831","MF683831","1273128","Kenaf leaf curl betasatellite","no"
"MF461727","MF461727","2203894","Tomato leaf curl Yunnan betasatellite","no"
"MF461726","MF461726","2203894","Tomato leaf curl Yunnan betasatellite","no"
"MF461725","MF461725","2203894","Tomato leaf curl Yunnan betasatellite","no"
"MG587937","MG587937","875326","Eclipta yellow vein betasatellite","no"
"MG587936","MG587936","875326","Eclipta yellow vein betasatellite","no"
"MH165182","MH165182","219596","Tobacco curly shoot betasatellite","no"
"AB308071","AB308071","2173168","Tomato leaf curl Philippine betasatellite","no"
"AB307732","AB307732","2010332","Tomato leaf curl Laguna betasatellite","no"
"AB236324","AB236324","2010326","Tobacco leaf curl Japan betasatellite","no"
"MF140456","MF140456","2164175","Hibiscus vein enation betasatellite","no"
"KF640694","KF640694","2033721","Tomato yellow leaf curl Yunnan betasatellite","no"
"KX174323","KX174323","908070","Bhendi yellow vein mosaic betasatellite","no"
"KP752092","KP752092","2010325","Rhynchosia yellow mosaic betasatellite","no"
"KY785329","KY785329","304222","Cotton leaf curl Gezira betasatellite","no"
"KY780620","KY780620","185750","Ageratum yellow vein betasatellite","no"
"MF807950","MF807950","2010286","Chili leaf curl betasatellite","no"
"AY438558","AY438558","2083207","Tomato yellow leaf curl Rajasthan betasatellite","no"
"LT674471","LT674471","411248","Croton yellow vein mosaic betasatellite","no"
"KY612436","KY612436","575918","Tomato leaf curl Patna betasatellite","no"
"LN901457","LN901457","714640","Papaya leaf curl betasatellite","no"
"KF964663","KF964663","1570108","Tomato leaf curl Bangalore1 betasatellite","no"
"KF964662","KF964662","411248","Croton yellow vein mosaic betasatellite","no"
"KF964660","KF964660","436243","Tomato leaf curl Joydebpur betasatellite","no"
"KF964659","KF964659","1397670","Tomato leaf curl Karnataka betasatellite","no"
"KF964658","KF964658","1570109","Tomato leaf curl Bangalore4 betasatellite","no"
"KF964657","KF964657","1570110","Tomato leaf curl Gujarat betasatellite","no"
"KF964656","KF964656","1570109","Tomato leaf curl Bangalore4 betasatellite","no"
"KF964655","KF964655","1570108","Tomato leaf curl Bangalore1 betasatellite","no"
"KF964653","KF964653","186371","Bhendi yellow vein betasatellite","no"
"KF964652","KF964652","1570108","Tomato leaf curl Bangalore1 betasatellite","no"
"KF964650","KF964650","1570108","Tomato leaf curl Bangalore1 betasatellite","no"
"KF964648","KF964648","1397670","Tomato leaf curl Karnataka betasatellite","no"
"KF964647","KF964647","1570110","Tomato leaf curl Gujarat betasatellite","no"
"LN879488","LN879488","189515","Cotton leaf curl virus betasatellite","no"
"LN886518","LN886518","714640","Papaya leaf curl betasatellite","no"
"LK054803","LK054803","2049883","Mirabilis leaf curl betasatellite","no"
"AB300464","AB300464","2010319","Eupatorium yellow vein mosaic betasatellite","no"
"KM051528","KM051528","2049892","Tomato leaf curl Malaysia betasatellite","no"
"KP322555","KP322555","2040662","Tomato yellow leaf curl Shandong betasatellite","no"
"AJ542492","AJ542492","2031200","Tomato leaf curl Nepal betasatellite","no"
"AJ542491","AJ542491","2010333","Tomato leaf curl Laos betasatellite","no"
"KX881361","KX881361","339965","Malvastrum leaf curl betasatellite","no"
"KX881360","KX881360","2033721","Tomato yellow leaf curl Yunnan betasatellite","no"
"AB182263","AB182263","1198498","Honeysuckle yellow vein mosaic betasatellite","no"
"LN870416","LN870416","306025","Cotton leaf curl Multan betasatellite","no"
"KX513863","KX513863","1297646","Corchorus yellow vein mosaic betasatellite","no"
"LT795119","LT795119","1273128","Kenaf leaf curl betasatellite","no"
"KF267444","KF267444","2010323","Okra leaf curl Oman betasatellite","no"
"JN638445","JN638445","2010315","Chili leaf curl Sri Lanka betasatellite","no"
"HQ180394","HQ180394","2010327","Tobacco leaf curl Patna betasatellite","no"
"AY428768","AY428768","2010331","Tomato leaf curl Bangalore betasatellite","no"
"KY661758","KY661758","875325","Rose leaf curl betasatellite","no"
"LN833600","LN833600","713092","Cotton leaf curl Burewala betasatellite","no"
"LN811052","LN811052","1609290","Tomato leaf curl Pakistan betasatellite","no"
"LN811051","LN811051","1609290","Tomato leaf curl Pakistan betasatellite","no"
"LN811050","LN811050","1609290","Tomato leaf curl Pakistan betasatellite","no"
"KY001649","KY001649","1931113","Pea leaf distortion betasatellite","no"
"KY001648","KY001648","1931113","Pea leaf distortion betasatellite","no"
"KY001646","KY001646","1931113","Pea leaf distortion betasatellite","no"
"KY001645","KY001645","1931113","Pea leaf distortion betasatellite","no"
"KY001644","KY001644","1931113","Pea leaf distortion betasatellite","no"
"KU296211","KU296211","908276","Okra enation leaf curl betasatellite","no"
"KX831135","KX831135","1925152","Vernonia crinkle betasatellite","no"
"KX831134","KX831134","1925152","Vernonia crinkle betasatellite","no"
"KU376492","KU376492","1175505","Ageratum leaf curl betasatellite","no"
"HG983282","HG983282","205323","Tobacco leaf curl betasatellite","no"
"HG983281","HG983281","205323","Tobacco leaf curl betasatellite","no"
"HG977520","HG977520","1497568","Tomato leaf curl Oman betasatellite","no"
"HG977519","HG977519","1497568","Tomato leaf curl Oman betasatellite","no"
"HG977518","HG977518","1497568","Tomato leaf curl Oman betasatellite","no"
"KT454830","KT454830","2010321","Momordica yellow mosaic betasatellite","no"
"KT454829","KT454829","2010321","Momordica yellow mosaic betasatellite","no"
"KT454828","KT454828","2010321","Momordica yellow mosaic betasatellite","no"
"KX219745","KX219745","1256866","Sunflower leaf curl virus betasatellite","no"
"KU198365","KU198365","1255765","Tomato yellow leaf curl China betasatellite","no"
"KT228325","KT228325","1837131","Cotton leaf curl Rajasthan betasatellite","no"
"KM880104","KM880104","885379","Tomato leaf curl Bangladesh betasatellite","no"
"HG969213","HG969213","220812","Tomato leaf curl betasatellite","no"
"KT760554","KT760554","391090","Tomato yellow leaf curl betasatellite","no"
"KT716083","KT716083","169687","Ageratum yellow leaf curl betasatellite","no"
"KT728740","KT728740","220812","Tomato leaf curl betasatellite","no"
"KT728739","KT728739","1176156","Tomato leaf curl Yemen betasatellite","no"
"KT728735","KT728735","1176156","Tomato leaf curl Yemen betasatellite","no"
"KT728729","KT728729","1176156","Tomato leaf curl Yemen betasatellite","no"
"KU095847","KU095847","304222","Cotton leaf curl Gezira betasatellite","no"
"KT382329","KT382329","929051","Tomato leaf curl Togo betasatellite-[Togo:2006]","no"
"KT382328","KT382328","929051","Tomato leaf curl Togo betasatellite-[Togo:2006]","no"
"KT944081","KT944081","575918","Tomato leaf curl Patna betasatellite","no"
"KT180307","KT180307","391090","Tomato yellow leaf curl betasatellite","no"
"HG531765","HG531765","205323","Tobacco leaf curl betasatellite","no"
"KR779821","KR779821","1476485","Andrographis yellow vein leaf curl betasatellite","no"
"KR136346","KR136346","447604","Tomato yellow leaf curl Vietnam betasatellite","no"
"KT390488","KT390488","186371","Bhendi yellow vein betasatellite","no"
"KT390486","KT390486","1705090","Luffa begomovirus betasatellite","no"
"KT390484","KT390484","908009","Bhendi yellow vein India betasatellite","no"
"KT390480","KT390480","562747","Ludwigia leaf distortion betasatellite","no"
"KT390468","KT390468","908070","Bhendi yellow vein mosaic betasatellite","no"
"KT390402","KT390402","908276","Okra enation leaf curl betasatellite","no"
"KT390400","KT390400","908009","Bhendi yellow vein India betasatellite","no"
"KT390391","KT390391","1233479","Luffa leaf distortion betasatellite","no"
"KT390389","KT390389","562747","Ludwigia leaf distortion betasatellite","no"
"KT390371","KT390371","908276","Okra enation leaf curl betasatellite","no"
"KT390366","KT390366","908070","Bhendi yellow vein mosaic betasatellite","no"
"KT390361","KT390361","1705091","Malachra yellow vein mosaic betasatellite","no"
"KT390353","KT390353","908276","Okra enation leaf curl betasatellite","no"
"KR092196","KR092196","1570110","Tomato leaf curl Gujarat betasatellite","no"
"KR922823","KR922823","1175505","Ageratum leaf curl betasatellite","no"
"KF471036","KF471036","186371","Bhendi yellow vein betasatellite","no"
"KF471035","KF471035","186371","Bhendi yellow vein betasatellite","no"
"KF471034","KF471034","186371","Bhendi yellow vein betasatellite","no"
"LK028572","LK028572","1273128","Kenaf leaf curl betasatellite","no"
"LN831955","LN831955","714640","Papaya leaf curl betasatellite","no"
"KC967282","KC967282","1476485","Andrographis yellow vein leaf curl betasatellite","no"
"HG969297","HG969297","391090","Tomato yellow leaf curl betasatellite","no"
"HF912232","HF912232","713092","Cotton leaf curl Burewala betasatellite","no"
"HF912231","HF912231","713092","Cotton leaf curl Burewala betasatellite","no"
"KM359407","KM359407","1476485","Andrographis yellow vein leaf curl betasatellite","no"
"HF569267","HF569267","1280309","Malvastrum yellow vein Yunnan betasatellite","no"
"HF569266","HF569266","1280309","Malvastrum yellow vein Yunnan betasatellite","no"
"HF569265","HF569265","1280308","Tomato leaf curl Guangxi betasatellite","no"
"HF569263","HF569263","329288","Ageratum yellow vein China betasatellite","no"
"HF569261","HF569261","329288","Ageratum yellow vein China betasatellite","no"
"HF569260","HF569260","329288","Ageratum yellow vein China betasatellite","no"
"KM229763","KM229763","411248","Croton yellow vein mosaic betasatellite","no"
"KF515615","KF515615","756759","Okra leaf curl betasatellite","no"
"KF515611","KF515611","1397670","Tomato leaf curl Karnataka betasatellite","no"
"KF515610","KF515610","1397670","Tomato leaf curl Karnataka betasatellite","no"
"KM359409","KM359409","1476485","Andrographis yellow vein leaf curl betasatellite","no"
"GQ478345","GQ478345","875326","Eclipta yellow vein betasatellite","no"
"GQ478344","GQ478344","875325","Rose leaf curl betasatellite","no"
"KJ739691","KJ739691","875325","Rose leaf curl betasatellite","no"
"LK054804","LK054804","1507403","Mirabilis leaf curl India virus associated betasatellite","no"
"KJ642219","KJ642219","447599","Papaya leaf curl China betasatellite","no"
"KJ614230","KJ614230","1506157","Luffa puckering and leaf distortion-associated betasatellite [India:Gurdaspur:Okra:2013]","no"
"KJ614228","KJ614228","2010286","Chili leaf curl betasatellite","no"
"KF641186","KF641186","1428189","Hedyotis yellow mosaic betasatellite","no"
"KC305086","KC305086","169687","Ageratum yellow leaf curl betasatellite","no"
"KC305084","KC305084","169687","Ageratum yellow leaf curl betasatellite","no"
"KF584009","KF584009","875325","Rose leaf curl betasatellite","no"
"KF912951","KF912951","1461792","Malvastrum leaf curl Guangdong betasatellite","no"
"KF990602","KF990602","447602","Sida yellow vein Vietnam virus satellite DNA beta","no"
"KF906543","KF906543","1255765","Tomato yellow leaf curl China betasatellite","no"
"KC677734","KC677734","53991","Tomato leaf curl Java betasatellite","no"
"JQ710745","JQ710745","1175505","Ageratum leaf curl betasatellite","no"
"JF728868","JF728868","169687","Ageratum yellow leaf curl betasatellite","no"
"KC952006","KC952006","1384632","Tomato leaf curl Gandhinagar betasatellite","no"
"KF499590","KF499590","1418029","Siegesbeckia yellow vein betasatellite","no"
"KF425298","KF425298","1416738","Spinach yellow vein betasatellite","no"
"HE800546","HE800546","391090","Tomato yellow leaf curl betasatellite","no"
"JX512904","JX512904","1175505","Ageratum leaf curl betasatellite","no"
"KC589700","KC589700","1175505","Ageratum leaf curl betasatellite","no"
"JX416175","JX416175","221037","Honeysuckle yellow vein betasatellite","no"
"KC788280","KC788280","1198498","Honeysuckle yellow vein mosaic betasatellite","no"
"KC699043","KC699043","218845","Tobacco leaf curl Yunnan betasatellite","no"
"KC699042","KC699042","218845","Tobacco leaf curl Yunnan betasatellite","no"
"JX262390","JX262390","1231334","Tomato leaf curl Hajipur betasatellite","no"
"KC623949","KC623949","1334928","Tomato leaf curl Bhatinda betasatellite","no"
"KC608158","KC608158","307111","Cotton leaf curl Bangalore betasatellite","no"
"KC196078","KC196078","1297646","Corchorus yellow vein mosaic betasatellite","no"
"KC282642","KC282642","53991","Tomato leaf curl Java betasatellite","no"
"KC019310","KC019310","908276","Okra enation leaf curl betasatellite","no"
"KC149951","KC149951","377611","Malvastrum yellow vein Yunnan virus satellite DNA beta","no"
"KC149949","KC149949","377611","Malvastrum yellow vein Yunnan virus satellite DNA beta","no"
"KC149948","KC149948","377611","Malvastrum yellow vein Yunnan virus satellite DNA beta","no"
"JX025224","JX025224","1213187","Tobacco leaf chlorosis betasatellite","no"
"JX025223","JX025223","1213187","Tobacco leaf chlorosis betasatellite","no"
"JN663872","JN663872","938277","Tomato leaf curl Ranchi betasatellite","no"
"JN663873","JN663873","662596","Radish leaf curl betasatellite","no"
"JN663878","JN663878","411248","Croton yellow vein mosaic betasatellite","no"
"JN663875","JN663875","885379","Tomato leaf curl Bangladesh betasatellite","no"
"FR772083","FR772083","1273128","Kenaf leaf curl betasatellite","no"
"JX678964","JX678964","1256866","Sunflower leaf curl virus betasatellite","no"
"JX679253","JX679253","1255765","Tomato yellow leaf curl China betasatellite","no"
"JX679002","JX679002","478812","Tomato leaf curl New Delhi betasatellite","no"
"DQ298137","DQ298137","360580","Mesta yellow vein mosaic virus-associated DNA beta","no"
"JX443646","JX443646","2010322","Mungbean yellow mosaic betasatellite","no"
"JF919722","JF919722","1176156","Tomato leaf curl Yemen betasatellite","no"
"JF919721","JF919721","1176156","Tomato leaf curl Yemen betasatellite","no"
"JX315326","JX315326","1233479","Luffa leaf distortion betasatellite","no"
"HE985228","HE985228","713092","Cotton leaf curl Burewala betasatellite","no"
"HM143906","HM143906","2010324","Papaya leaf curl India betasatellite","no"
"JQ866298","JQ866298","2010320","French bean leaf curl betasatellite","no"
"JQ728545","JQ728545","1198498","Honeysuckle yellow vein mosaic betasatellite","no"
"GU111992","GU111992","908009","Bhendi yellow vein India betasatellite","no"
"GU111990","GU111990","908009","Bhendi yellow vein India betasatellite","no"
"GU111984","GU111984","908009","Bhendi yellow vein India betasatellite","no"
"GU111981","GU111981","756759","Okra leaf curl betasatellite","no"
"GU111976","GU111976","908070","Bhendi yellow vein mosaic betasatellite","no"
"GU111965","GU111965","756759","Okra leaf curl betasatellite","no"
"EU081883","EU081883","478812","Tomato leaf curl New Delhi betasatellite","no"
"JQ654466","JQ654466","885379","Tomato leaf curl Bangladesh betasatellite","no"
"JQ654464","JQ654464","885379","Tomato leaf curl Bangladesh betasatellite","no"
"JF502376","JF502376","306025","Cotton leaf curl Multan betasatellite","no"
"HQ343201","HQ343201","189515","Cotton leaf curl virus betasatellite","no"
"HQ158008","HQ158008","189515","Cotton leaf curl virus betasatellite","no"
"HM037921","HM037921","189515","Cotton leaf curl virus betasatellite","no"
"HM007107","HM007107","885379","Tomato leaf curl Bangladesh betasatellite","no"
"HM007103","HM007103","2010314","Chili leaf curl Jaunpur betasatellite","no"
"JQ247187","JQ247187","640136","Emilia yellow vein virus-associated DNA beta","no"
"FN658722","FN658722","713092","Cotton leaf curl Burewala betasatellite","no"
"HQ586965","HQ586965","929051","Tomato leaf curl Togo betasatellite-[Togo:2006]","no"
"FR717140","FR717140","912035","Ageratum leaf curl Buea betasatellite","no"
"FR717138","FR717138","635076","Ageratum leaf curl Cameroon betasatellite","no"
"GQ330541","GQ330541","436242","Pepper leaf curl virus satellite DNA beta","no"
"JF682839","JF682839","393034","Siegesbeckia yellow vein virus-associated DNA beta","no"
"GQ994097","GQ994097","693897","Tomato yellow leaf curl Thailand betasatellite","no"
"JF706231","JF706231","2010286","Chili leaf curl betasatellite","no"
"JF733779","JF733779","2050589","Vernonia yellow vein Fujian betasatellite","no"
"JF681133","JF681133","436243","Tomato leaf curl Joydebpur betasatellite","no"
"AM410551","AM410551","411248","Croton yellow vein mosaic betasatellite","no"
"GQ994096","GQ994096","938277","Tomato leaf curl Ranchi betasatellite","no"
"EU847239","EU847239","220812","Tomato leaf curl betasatellite","no"
"GU382667","GU382667","716920","Pepper yellow leaf curl satellite DNA beta","no"
"EU585782","EU585782","519016","Pepper leaf curl Yunnan virus satellite DNA beta","no"
"GQ421324","GQ421324","670251","Leucas zeylanica yellow vein virus satellite DNA beta","no"
"EU862324","EU862324","575918","Tomato leaf curl Patna betasatellite","no"
"HQ180393","HQ180393","575918","Tomato leaf curl Patna betasatellite","no"
"EF175734","EF175734","662596","Radish leaf curl betasatellite","no"
"EF527824","EF527824","185750","Ageratum yellow vein betasatellite","no"
"AB306522","AB306522","185750","Ageratum yellow vein betasatellite","no"
"GU984046","GU984046","486898","Tomato leaf curl Bangalore virus-[Ban5] satellite DNA beta","no"
"AM774313","AM774313","134386","Cotton leaf curl betasatellite","no"
"GQ200445","GQ200445","662596","Radish leaf curl betasatellite","no"
"GQ200444","GQ200444","662596","Radish leaf curl betasatellite","no"
"AM922485","AM922485","1609290","Tomato leaf curl Pakistan betasatellite","no"
"GQ906588","GQ906588","306025","Cotton leaf curl Multan betasatellite","no"
"GQ245761","GQ245761","756759","Okra leaf curl betasatellite","no"
"FN435836","FN435836","666635","Vernonia yellow vein betasatellite","no"
"AY728262","AY728262","292626","Luffa puckering and leaf distortion-associated DNA beta","no"
"AY438562","AY438562","478812","Tomato leaf curl New Delhi betasatellite","no"
"AY438561","AY438561","478812","Tomato leaf curl New Delhi betasatellite","no"
"AB236322","AB236322","434068","Honeysuckle yellow vein beta","no"
"AB236327","AB236327","434068","Honeysuckle yellow vein beta","no"
"AB236326","AB236326","434068","Honeysuckle yellow vein beta","no"
"FN554574","FN554574","304222","Cotton leaf curl Gezira betasatellite","no"
"FN554573","FN554573","304222","Cotton leaf curl Gezira betasatellite","no"
"GU440581","GU440581","189515","Cotton leaf curl virus betasatellite","no"
"AY244706","AY244706","714640","Papaya leaf curl betasatellite","no"
"EF190215","EF190215","436242","Pepper leaf curl virus satellite DNA beta","no"
"DQ641716","DQ641716","447606","Alternanthera yellow vein betasatellite","no"
"DQ641715","DQ641715","447605","Lindernia anagallis yellow vein virus satellite DNA beta","no"
"DQ641714","DQ641714","447604","Tomato yellow leaf curl Vietnam betasatellite","no"
"DQ641713","DQ641713","447603","Erectites yellow mosaic virus satellite DNA beta","no"
"DQ641712","DQ641712","447602","Sida yellow vein Vietnam virus satellite DNA beta","no"
"DQ641711","DQ641711","337824","Sida leaf curl virus-associated DNA beta","no"
"DQ641710","DQ641710","447600","Mimosa yellow leaf curl virus satellite DNA beta","no"
"DQ641709","DQ641709","447599","Papaya leaf curl China betasatellite","no"
"AY754815","AY754815","315392","Tomato leaf curl virus-Pune-associated DNA beta","no"
"AY754813","AY754813","1397670","Tomato leaf curl Karnataka betasatellite","no"
"GU058328","GU058328","519016","Pepper leaf curl Yunnan virus satellite DNA beta","no"
"GU058310","GU058310","519016","Pepper leaf curl Yunnan virus satellite DNA beta","no"
"GU058292","GU058292","278069","Tomato leaf curl China betasatellite","no"
"GU058334","GU058334","221036","Malvastrum yellow vein betasatellite","no"
"GU058330","GU058330","377611","Malvastrum yellow vein Yunnan virus satellite DNA beta","no"
"GU058316","GU058316","377611","Malvastrum yellow vein Yunnan virus satellite DNA beta","no"
"GU058324","GU058324","693897","Tomato yellow leaf curl Thailand betasatellite","no"
"GQ370389","GQ370389","134386","Cotton leaf curl betasatellite","no"
"AM494979","AM494979","429322","Digera arvensis yellow vein betasatellite","no"
"AM494978","AM494978","429322","Digera arvensis yellow vein betasatellite","no"
"AM494977","AM494977","429322","Digera arvensis yellow vein betasatellite","no"
"GQ131809","GQ131809","221037","Honeysuckle yellow vein betasatellite","no"
"AJ542499","AJ542499","220813","Zinnia leaf curl virus-associated DNA beta","no"
"AJ542497","AJ542497","185750","Ageratum yellow vein betasatellite","no"
"AY838894","AY838894","453451","Tomato leaf curl Maharastra beta - [India:Pune:2004]","no"
"GU233520","GU233520","700987","Okra yellow vein mosaic virus satellite DNA beta","no"
"EU431117","EU431117","662596","Radish leaf curl betasatellite","no"
"AY817151","AY817151","292626","Luffa puckering and leaf distortion-associated DNA beta","no"
"AY705381","AY705381","307111","Cotton leaf curl Bangalore betasatellite","no"
"AY728263","AY728263","292627","Cowpea severe leaf curl-associated DNA beta","no"
"EU573713","EU573713","693897","Tomato yellow leaf curl Thailand betasatellite","no"
"AM279667","AM279667","2010286","Chili leaf curl betasatellite","no"
"AM279664","AM279664","2010286","Chili leaf curl betasatellite","no"
"EF620564","EF620564","306025","Cotton leaf curl Multan betasatellite","no"
"FM164738","FM164738","169687","Ageratum yellow leaf curl betasatellite","no"
"FM164731","FM164731","454128","Okra leaf curl Mali virus satellite DNA beta","no"
"FM164730","FM164730","454128","Okra leaf curl Mali virus satellite DNA beta","no"
"FM164729","FM164729","454128","Okra leaf curl Mali virus satellite DNA beta","no"
"DQ644567","DQ644567","391090","Tomato yellow leaf curl betasatellite","no"
"FJ869906","FJ869906","640136","Emilia yellow vein virus-associated DNA beta","no"
"FJ469628","FJ469628","304222","Cotton leaf curl Gezira betasatellite","no"
"AB113651","AB113651","1993650","Tomato leaf curl deltasatellite","no"
"AB100306","AB100306","1993650","Tomato leaf curl deltasatellite","no"
"FN298808","FN298808","635076","Ageratum leaf curl Cameroon betasatellite","no"
"FN298807","FN298807","635076","Ageratum leaf curl Cameroon betasatellite","no"
"FN298806","FN298806","635076","Ageratum leaf curl Cameroon betasatellite","no"
"FN298804","FN298804","635076","Ageratum leaf curl Cameroon betasatellite","no"
"FJ159273","FJ159273","562747","Ludwigia leaf distortion betasatellite","no"
"AM980512","AM980512","278069","Tomato leaf curl China betasatellite","no"
"AM980510","AM980510","278069","Tomato leaf curl China betasatellite","no"
"EU024121","EU024121","454128","Okra leaf curl Mali virus satellite DNA beta","no"
"DQ136001","DQ136001","454128","Okra leaf curl Mali virus satellite DNA beta","no"
"AB294512","AB294512","427315","Tomato yellow dwarf disease associated satellite DNA beta-[Kochi]","no"
"AJ536622","AJ536622","218845","Tobacco leaf curl Yunnan betasatellite","no"
"AB287443","AB287443","417192","Honeysuckle yellow vein mosaic disease associated satellite DNA beta","no"
"AB287442","AB287442","417192","Honeysuckle yellow vein mosaic disease associated satellite DNA beta","no"
"AJ536621","AJ536621","218845","Tobacco leaf curl Yunnan betasatellite","no"
"EU189148","EU189148","447604","Tomato yellow leaf curl Vietnam betasatellite","no"
"EU189147","EU189147","447604","Tomato yellow leaf curl Vietnam betasatellite","no"
"EU189146","EU189146","447604","Tomato yellow leaf curl Vietnam betasatellite","no"
"AJ971706","AJ971706","221036","Malvastrum yellow vein betasatellite","no"
"AJ971702","AJ971702","221036","Malvastrum yellow vein betasatellite","no"
"AJ971697","AJ971697","221036","Malvastrum yellow vein betasatellite","no"
"AJ971460","AJ971460","221036","Malvastrum yellow vein betasatellite","no"
"AM933578","AM933578","497865","Cardiospermum yellow leaf curl betasatellite","no"
"EU285590","EU285590","488255","Malachra yellow vein mosaic virus-associated satellite DNA beta","no"
"EU280314","EU280314","486898","Tomato leaf curl Bangalore virus-[Ban5] satellite DNA beta","no"
"EU188921","EU188921","326489","Sida yellow vein virus satellite DNA beta","no"
"AJ966244","AJ966244","436243","Tomato leaf curl Joydebpur betasatellite","no"
"DQ118862","DQ118862","453453","Papaya leaf curl beta - [India:Chinthapalli:2005]","no"
"AB162142","AB162142","53991","Tomato leaf curl Java betasatellite","no"
"AM181684","AM181684","366686","TYLCCNV-[Y322] satellite DNA beta","no"
"AM238695","AM238695","393034","Siegesbeckia yellow vein virus-associated DNA beta","no"
"AM230645","AM230645","393034","Siegesbeckia yellow vein virus-associated DNA beta","no"
"AM230644","AM230644","393034","Siegesbeckia yellow vein virus-associated DNA beta","no"
"AM230643","AM230643","393034","Siegesbeckia yellow vein virus-associated DNA beta","no"
"AM048836","AM048836","329288","Ageratum yellow vein China betasatellite","no"
"AM236770","AM236770","377462","Malvastrum yellow mosaic virus","no"
"AM236769","AM236769","377462","Malvastrum yellow mosaic virus","no"
"AM236768","AM236768","377462","Malvastrum yellow mosaic virus","no"
"AM236762","AM236762","377463","Malvastrum yellow mosaic virus satellite DNA beta","no"
"AM236761","AM236761","377463","Malvastrum yellow mosaic virus satellite DNA beta","no"
"EF043234","EF043234","410826","Potato apical leaf curl disease-associated satellite DNA beta","no"
"AM072289","AM072289","339965","Malvastrum leaf curl betasatellite","no"
"AM050733","AM050733","337824","Sida leaf curl virus-associated DNA beta","no"
"AM050732","AM050732","337824","Sida leaf curl virus-associated DNA beta","no"
"AM260735","AM260735","219596","Tobacco curly shoot betasatellite","no"
"AM260734","AM260734","219596","Tobacco curly shoot betasatellite","no"
"AM260730","AM260730","278069","Tomato leaf curl China betasatellite","no"
"AM260727","AM260727","278069","Tomato leaf curl China betasatellite","no"
"DQ020491","DQ020491","292626","Luffa puckering and leaf distortion-associated DNA beta","no"
"AJ965541","AJ965541","325113","Ludwigia yellow vein virus-associated DNA beta","no"
"AM048833","AM048833","291270","Sida yellow mosaic virus-[China]-associated DNA beta","no"
"AJ421484","AJ421484","219596","Tobacco curly shoot betasatellite","no"
"AJ457822","AJ457822","219596","Tobacco curly shoot betasatellite","no"
"AJ967003","AJ967003","326489","Sida yellow vein virus satellite DNA beta","no"
"AJ971261","AJ971261","329288","Ageratum yellow vein China betasatellite","no"
"AJ810095","AJ810095","291270","Sida yellow mosaic virus-[China]-associated DNA beta","no"
"AJ810094","AJ810094","291270","Sida yellow mosaic virus-[China]-associated DNA beta","no"
"AJ810093","AJ810093","291270","Sida yellow mosaic virus-[China]-associated DNA beta","no"
"AJ543430","AJ543430","221037","Honeysuckle yellow vein betasatellite","no"
"AJ316040","AJ316040","221037","Honeysuckle yellow vein betasatellite","no"
"AJ566747","AJ566747","693897","Tomato yellow leaf curl Thailand betasatellite","no"
"AJ566746","AJ566746","693897","Tomato yellow leaf curl Thailand betasatellite","no"
"AJ421678","AJ421678","134386","Cotton leaf curl betasatellite","no"
"AJ316039","AJ316039","169693","Okra yellow vein disease associated sequence","no"
"AJ316033","AJ316033","205323","Tobacco leaf curl betasatellite","no"
"AJ566749","AJ566749","234829","Tomato begomovirus satellite DNA beta","no"
"AJ438939","AJ438939","221054","Eupatorium yellow vein betasatellite","no"
"AJ438938","AJ438938","221054","Eupatorium yellow vein betasatellite","no"
"AF534187","AF534187","134386","Cotton leaf curl betasatellite","no"
"AJ252072","AJ252072","185750","Ageratum yellow vein betasatellite","no"
"27ba","27ba","bfnewbeta","bfnewbeta","no"
"31aa","31aa","635076","Ageratum leaf curl Cameroon betasatellite","no"
