{
    "files": {
        "phylo_model": "phylo_modelF6gyRw.json", 
        "taxonomy": "beta_taxonomy.csv", 
        "tree": "beta_ROOTED.tre", 
        "aln_fasta": "beta_DOUBLE.fas", 
        "seq_info": "beta_info.csv", 
        "tree_stats": "beta.log"
    }, 
    "rollback": null, 
    "log": [
        "Stripped refpkg (removed 0 files)", 
        "Loaded initial files into empty refpkg"
    ], 
    "metadata": {
        "create_date": "2019-02-07 16:43:12", 
        "format_version": "1.1", 
        "locus": "beta"
    }, 
    "rollforward": null, 
    "md5": {
        "phylo_model": "b1df48caa13bd43221361c851539193d", 
        "taxonomy": "7e35de15631b3f946ecd6d78d9f2ccd7", 
        "tree": "9f988257b07b4e622b3738aab797a355", 
        "aln_fasta": "063de418a8af7b0664b4694c85ab252a", 
        "seq_info": "0cf5965e2882ef224d02c25cda8f9a2a", 
        "tree_stats": "57ab8694d2662541155a978674de0b16"
    }
}
