{
    "files": {
        "phylo_model": "phylo_modelBIFTV0.json", 
        "taxonomy": "mitovirus_taxonomy.csv", 
        "tree": "tree21PvdR.tre", 
        "aln_fasta": "mitovirus_MAFFT.fasta", 
        "seq_info": "mitovirus_info.csv", 
        "tree_stats": "mitovirus.log"
    }, 
    "rollback": {
        "files": {
            "phylo_model": "phylo_modelBIFTV0.json", 
            "taxonomy": "mitovirus_taxonomy.csv", 
            "tree": "mitovirus.tre", 
            "aln_fasta": "mitovirus_MAFFT.fasta", 
            "seq_info": "mitovirus_info.csv", 
            "tree_stats": "mitovirus.log"
        }, 
        "rollback": null, 
        "metadata": {
            "create_date": "2019-11-29 10:43:25", 
            "format_version": "1.1", 
            "locus": "mitovirus"
        }, 
        "md5": {
            "phylo_model": "34cd7f30e206cb7f5aa014f367db905f", 
            "taxonomy": "8d1bc9b81409ec00f854e5154bdd54f8", 
            "tree": "e60b25c9903a27a5acaaae60a4ffe43e", 
            "aln_fasta": "c3b8ce7f593fa6edb96dba2220b0ccf7", 
            "seq_info": "0c2809dd5ae79df28c6ebb0f2c59981a", 
            "tree_stats": "4858c3eb1e0d284c7796370842313618"
        }
    }, 
    "log": [
        "Rerooted", 
        "Stripped refpkg (removed 0 files)", 
        "Loaded initial files into empty refpkg"
    ], 
    "metadata": {
        "create_date": "2019-11-29 10:43:25", 
        "format_version": "1.1", 
        "locus": "mitovirus"
    }, 
    "rollforward": null, 
    "md5": {
        "phylo_model": "34cd7f30e206cb7f5aa014f367db905f", 
        "taxonomy": "8d1bc9b81409ec00f854e5154bdd54f8", 
        "tree": "d82f4ac25e2a0d5852b43a4b5de138ff", 
        "aln_fasta": "c3b8ce7f593fa6edb96dba2220b0ccf7", 
        "seq_info": "0c2809dd5ae79df28c6ebb0f2c59981a", 
        "tree_stats": "4858c3eb1e0d284c7796370842313618"
    }
}
