"tax_id","parent_id","rank","tax_name","root","superkingdom","superkingdom_","family","genus","genus_","species","species_"
"1","1","root","root","1","","","","","","",""
"10239","1","superkingdom","Viruses","1","10239","","","","","",""
"2559587","10239","superkingdom_","Riboviria","1","10239","2559587","","","","",""
"186766","2559587","family","Narnaviridae","1","10239","2559587","186766","","","",""
"186768","186766","genus","Mitovirus","1","10239","2559587","186766","186768","","",""
"198597","186768","species","Ophiostoma mitovirus 3a","1","10239","2559587","186766","186768","","198597",""
"343866","186768","species","Cryphonectria mitovirus 1","1","10239","2559587","186766","186768","","343866",""
"186769","343866","species_","Cryphonectria parasitica mitovirus 1-NB631","1","10239","2559587","186766","186768","","343866","186769"
"249052","343866","species_","Cryphonectria cubensis mitovirus 1a","1","10239","2559587","186766","186768","","343866","249052"
"249053","343866","species_","Cryphonectria cubensis mitovirus 1b","1","10239","2559587","186766","186768","","343866","249053"
"249054","343866","species_","Cryphonectria cubensis mitovirus 1c","1","10239","2559587","186766","186768","","343866","249054"
"88387","186768","species","Ophiostoma mitovirus 4","1","10239","2559587","186766","186768","","88387",""
"88388","186768","species","Ophiostoma mitovirus 5","1","10239","2559587","186766","186768","","88388",""
"88389","186768","species","Ophiostoma mitovirus 6","1","10239","2559587","186766","186768","","88389",""
"1401640","186768","genus_","environmental samples <viruses,genus Mitovirus>","1","10239","2559587","186766","186768","1401640","",""
"1401641","1401640","species","Chironomid mitovirus","1","10239","2559587","186766","186768","1401640","1401641",""
"343865","186768","genus_","unclassified Mitovirus","1","10239","2559587","186766","186768","343865","",""
"1037523","343865","species","Tuber aestivum mitovirus","1","10239","2559587","186766","186768","343865","1037523",""
"1084723","343865","species","Gremmeniella mitovirus","1","10239","2559587","186766","186768","343865","1084723",""
"1092459","343865","species","Tuber excavatum mitovirus","1","10239","2559587","186766","186768","343865","1092459",""
"1133727","343865","species","Sclerotinia sclerotiorum mitovirus 1","1","10239","2559587","186766","186768","343865","1133727",""
"1494074","1133727","species_","Sclerotinia sclerotiorum mitovirus 1 HC025","1","10239","2559587","186766","186768","343865","1133727","1494074"
"1133728","343865","species","Sclerotinia sclerotiorum mitovirus 2","1","10239","2559587","186766","186768","343865","1133728",""
"1136031","343865","species","Gremmeniella abietina mitochondrial RNA virus S10","1","10239","2559587","186766","186768","343865","1136031",""
"1136032","343865","species","Gremmeniella abietina mitochondrial RNA virus S11","1","10239","2559587","186766","186768","343865","1136032",""
"1136033","343865","species","Gremmeniella abietina mitochondrial RNA virus S12","1","10239","2559587","186766","186768","343865","1136033",""
"1136034","343865","species","Gremmeniella abietina mitochondrial RNA virus S13","1","10239","2559587","186766","186768","343865","1136034",""
"1136035","343865","species","Gremmeniella abietina mitochondrial RNA virus S14","1","10239","2559587","186766","186768","343865","1136035",""
"1136036","343865","species","Gremmeniella abietina mitochondrial RNA virus S15","1","10239","2559587","186766","186768","343865","1136036",""
"1136037","343865","species","Gremmeniella abietina mitochondrial RNA virus S16","1","10239","2559587","186766","186768","343865","1136037",""
"1136038","343865","species","Gremmeniella abietina mitochondrial RNA virus S17","1","10239","2559587","186766","186768","343865","1136038",""
"1136039","343865","species","Gremmeniella abietina mitochondrial RNA virus S18","1","10239","2559587","186766","186768","343865","1136039",""
"1136040","343865","species","Gremmeniella abietina mitochondrial RNA virus S19","1","10239","2559587","186766","186768","343865","1136040",""
"1136041","343865","species","Gremmeniella abietina mitochondrial RNA virus S20","1","10239","2559587","186766","186768","343865","1136041",""
"1136042","343865","species","Gremmeniella abietina mitochondrial RNA virus S21","1","10239","2559587","186766","186768","343865","1136042",""
"1136043","343865","species","Gremmeniella abietina mitochondrial RNA virus S22","1","10239","2559587","186766","186768","343865","1136043",""
"1136044","343865","species","Gremmeniella abietina mitochondrial RNA virus S23","1","10239","2559587","186766","186768","343865","1136044",""
"1136045","343865","species","Gremmeniella abietina mitochondrial RNA virus S24","1","10239","2559587","186766","186768","343865","1136045",""
"1136046","343865","species","Gremmeniella abietina mitochondrial RNA virus S25","1","10239","2559587","186766","186768","343865","1136046",""
"1136047","343865","species","Gremmeniella abietina mitochondrial RNA virus S26","1","10239","2559587","186766","186768","343865","1136047",""
"1136048","343865","species","Gremmeniella abietina mitochondrial RNA virus S27","1","10239","2559587","186766","186768","343865","1136048",""
"1136049","343865","species","Gremmeniella abietina mitochondrial RNA virus S28","1","10239","2559587","186766","186768","343865","1136049",""
"1136050","343865","species","Gremmeniella abietina mitochondrial RNA virus S29","1","10239","2559587","186766","186768","343865","1136050",""
"1136051","343865","species","Gremmeniella abietina mitochondrial RNA virus S3","1","10239","2559587","186766","186768","343865","1136051",""
"1136052","343865","species","Gremmeniella abietina mitochondrial RNA virus S30","1","10239","2559587","186766","186768","343865","1136052",""
"1136053","343865","species","Gremmeniella abietina mitochondrial RNA virus S31","1","10239","2559587","186766","186768","343865","1136053",""
"1136054","343865","species","Gremmeniella abietina mitochondrial RNA virus S32","1","10239","2559587","186766","186768","343865","1136054",""
"1136055","343865","species","Gremmeniella abietina mitochondrial RNA virus S4","1","10239","2559587","186766","186768","343865","1136055",""
"1136056","343865","species","Gremmeniella abietina mitochondrial RNA virus S5","1","10239","2559587","186766","186768","343865","1136056",""
"1136057","343865","species","Gremmeniella abietina mitochondrial RNA virus S6","1","10239","2559587","186766","186768","343865","1136057",""
"1136058","343865","species","Gremmeniella abietina mitochondrial RNA virus S7","1","10239","2559587","186766","186768","343865","1136058",""
"1136059","343865","species","Gremmeniella abietina mitochondrial RNA virus S8","1","10239","2559587","186766","186768","343865","1136059",""
"1136060","343865","species","Gremmeniella abietina mitochondrial RNA virus S9","1","10239","2559587","186766","186768","343865","1136060",""
"1136061","343865","species","Gremmeniella abietina non-host-specific mitochondrial RNA virus S1","1","10239","2559587","186766","186768","343865","1136061",""
"1162083","343865","species","Clitocybe odora virus","1","10239","2559587","186766","186768","343865","1162083",""
"1279099","343865","species","Sclerotinia sclerotiorum mitovirus 3","1","10239","2559587","186766","186768","343865","1279099",""
"1859166","1279099","species_","Sclerotinia nivalis mitovirus 2","1","10239","2559587","186766","186768","343865","1279099","1859166"
"1279100","343865","species","Sclerotinia sclerotiorum mitovirus 4","1","10239","2559587","186766","186768","343865","1279100",""
"1387983","343865","species","Ophiostoma mitovirus 1c","1","10239","2559587","186766","186768","343865","1387983",""
"1387984","343865","species","Ophiostoma mitovirus 7","1","10239","2559587","186766","186768","343865","1387984",""
"1405093","343865","species","Rhizophagus sp. HR1 mitovirus-like ssRNA","1","10239","2559587","186766","186768","343865","1405093",""
"1435438","343865","species","Sclerotinia sclerotiorum mitovirus 10","1","10239","2559587","186766","186768","343865","1435438",""
"1435439","343865","species","Sclerotinia sclerotiorum mitovirus 11","1","10239","2559587","186766","186768","343865","1435439",""
"1435440","343865","species","Sclerotinia sclerotiorum mitovirus 12","1","10239","2559587","186766","186768","343865","1435440",""
"1435441","343865","species","Sclerotinia sclerotiorum mitovirus 13","1","10239","2559587","186766","186768","343865","1435441",""
"1435442","343865","species","Sclerotinia sclerotiorum mitovirus 14","1","10239","2559587","186766","186768","343865","1435442",""
"1435443","343865","species","Sclerotinia sclerotiorum mitovirus 15","1","10239","2559587","186766","186768","343865","1435443",""
"1435444","343865","species","Sclerotinia sclerotiorum mitovirus 16","1","10239","2559587","186766","186768","343865","1435444",""
"1435445","343865","species","Sclerotinia sclerotiorum mitovirus 5","1","10239","2559587","186766","186768","343865","1435445",""
"1435446","343865","species","Sclerotinia sclerotiorum mitovirus 6","1","10239","2559587","186766","186768","343865","1435446",""
"1435447","343865","species","Sclerotinia sclerotiorum mitovirus 7","1","10239","2559587","186766","186768","343865","1435447",""
"1435448","343865","species","Sclerotinia sclerotiorum mitovirus 8","1","10239","2559587","186766","186768","343865","1435448",""
"1435449","343865","species","Sclerotinia sclerotiorum mitovirus 9","1","10239","2559587","186766","186768","343865","1435449",""
"1437189","343865","species","Mitovirus AEF-2013","1","10239","2559587","186766","186768","343865","1437189",""
"1452530","343865","species","Fusarium circinatum mitovirus 1","1","10239","2559587","186766","186768","343865","1452530",""
"1452531","343865","species","Fusarium circinatum mitovirus 2","1","10239","2559587","186766","186768","343865","1452531",""
"1459667","1452531","species_","Fusarium circinatum mitovirus 2-1","1","10239","2559587","186766","186768","343865","1452531","1459667"
"1459668","1452531","species_","Fusarium circinatum mitovirus 2-2","1","10239","2559587","186766","186768","343865","1452531","1459668"
"1461368","343865","species","Rhizoctonia mitovirus 1 RS002","1","10239","2559587","186766","186768","343865","1461368",""
"1461369","343865","species","Rhizoctonia mitovirus 2 RS002","1","10239","2559587","186766","186768","343865","1461369",""
"1461370","343865","species","Rhizoctonia mitovirus 1 RS058-1","1","10239","2559587","186766","186768","343865","1461370",""
"1461371","343865","species","Rhizoctonia mitovirus 1 RS006-2","1","10239","2559587","186766","186768","343865","1461371",""
"1491780","343865","species","Buergenerula spartinae mitovirus 1","1","10239","2559587","186766","186768","343865","1491780",""
"1521172","343865","species","Heterobasidion mitovirus 1","1","10239","2559587","186766","186768","343865","1521172",""
"1551545","343865","species","Leucostoma cinctum mitovirus 1","1","10239","2559587","186766","186768","343865","1551545",""
"1551546","343865","species","Leucostoma persoonii mitovirus 1","1","10239","2559587","186766","186768","343865","1551546",""
"1551547","343865","species","Leucostoma persoonii mitovirus 2","1","10239","2559587","186766","186768","343865","1551547",""
"1551548","343865","species","Cytospora ribis mitovirus 1","1","10239","2559587","186766","186768","343865","1551548",""
"1551549","343865","species","Cytospora ribis mitovirus 2","1","10239","2559587","186766","186768","343865","1551549",""
"1551550","343865","species","Leucostoma cinctum mitovirus 2","1","10239","2559587","186766","186768","343865","1551550",""
"1551551","343865","species","Leucostoma persoonii mitovirus 3","1","10239","2559587","186766","186768","343865","1551551",""
"1551552","343865","species","Leucostoma persoonii mitovirus 4","1","10239","2559587","186766","186768","343865","1551552",""
"1551553","343865","species","Valsa cypri mitovirus","1","10239","2559587","186766","186768","343865","1551553",""
"1551554","343865","species","Valsa malicola mitovirus 1","1","10239","2559587","186766","186768","343865","1551554",""
"1551555","343865","species","Valsa malicola mitovirus 2","1","10239","2559587","186766","186768","343865","1551555",""
"1561961","343865","species","Rhizoctonia cerealis mitovirus","1","10239","2559587","186766","186768","343865","1561961",""
"1562379","343865","species","Fusarium globosum mitovirus 1","1","10239","2559587","186766","186768","343865","1562379",""
"1562380","343865","species","Fusarium coeruleum mitovirus 1","1","10239","2559587","186766","186768","343865","1562380",""
"1564031","343865","species","Hymenoscyphus fraxineus mitovirus 1","1","10239","2559587","186766","186768","343865","1564031",""
"1629665","343865","species","Botrytis cinerea mitovirus 2","1","10239","2559587","186766","186768","343865","1629665",""
"1629666","343865","species","Botrytis cinerea mitovirus 3","1","10239","2559587","186766","186768","343865","1629666",""
"1629667","343865","species","Botrytis cinerea mitovirus 4","1","10239","2559587","186766","186768","343865","1629667",""
"1859165","1629667","species_","Sclerotinia nivalis mitovirus 1","1","10239","2559587","186766","186768","343865","1629667","1859165"
"1676469","343865","species","Alternaria brassicicola mitovirus","1","10239","2559587","186766","186768","343865","1676469",""
"1708326","343865","species","Sclerotinia sclerotiorum mitovirus 17","1","10239","2559587","186766","186768","343865","1708326",""
"1708327","343865","species","Sclerotinia sclerotiorum mitovirus 18","1","10239","2559587","186766","186768","343865","1708327",""
"1708328","343865","species","Sclerotinia sclerotiorum mitovirus 19","1","10239","2559587","186766","186768","343865","1708328",""
"1708329","343865","species","Sclerotinia sclerotiorum mitovirus 20","1","10239","2559587","186766","186768","343865","1708329",""
"1708330","343865","species","Rhizoctonia solani mitovirus 1","1","10239","2559587","186766","186768","343865","1708330",""
"1708331","343865","species","Rhizoctonia solani mitovirus 10","1","10239","2559587","186766","186768","343865","1708331",""
"1708332","343865","species","Rhizoctonia solani mitovirus 11","1","10239","2559587","186766","186768","343865","1708332",""
"1708333","343865","species","Rhizoctonia solani mitovirus 12","1","10239","2559587","186766","186768","343865","1708333",""
"1708334","343865","species","Rhizoctonia solani mitovirus 13","1","10239","2559587","186766","186768","343865","1708334",""
"1708335","343865","species","Rhizoctonia solani mitovirus 14","1","10239","2559587","186766","186768","343865","1708335",""
"1708336","343865","species","Rhizoctonia solani mitovirus 15","1","10239","2559587","186766","186768","343865","1708336",""
"1708337","343865","species","Rhizoctonia solani mitovirus 2","1","10239","2559587","186766","186768","343865","1708337",""
"1708338","343865","species","Rhizoctonia solani mitovirus 3","1","10239","2559587","186766","186768","343865","1708338",""
"1708339","343865","species","Rhizoctonia solani mitovirus 4","1","10239","2559587","186766","186768","343865","1708339",""
"1708340","343865","species","Rhizoctonia solani mitovirus 5","1","10239","2559587","186766","186768","343865","1708340",""
"1708341","343865","species","Rhizoctonia solani mitovirus 6","1","10239","2559587","186766","186768","343865","1708341",""
"1708342","343865","species","Rhizoctonia solani mitovirus 7","1","10239","2559587","186766","186768","343865","1708342",""
"1708343","343865","species","Rhizoctonia solani mitovirus 8","1","10239","2559587","186766","186768","343865","1708343",""
"1708344","343865","species","Rhizoctonia solani mitovirus 9","1","10239","2559587","186766","186768","343865","1708344",""
"1708346","343865","species","Macrophomina phaseolina mitovirus 1","1","10239","2559587","186766","186768","343865","1708346",""
"1708348","343865","species","Macrophomina phaseolina mitovirus 2","1","10239","2559587","186766","186768","343865","1708348",""
"1712387","343865","species","Binucleate Rhizoctonia mitovirus K1","1","10239","2559587","186766","186768","343865","1712387",""
"1719041","343865","species","Soybean leaf-associated mitovirus 1","1","10239","2559587","186766","186768","343865","1719041",""
"1719042","343865","species","Soybean leaf-associated mitovirus 2","1","10239","2559587","186766","186768","343865","1719042",""
"1719043","343865","species","Soybean leaf-associated mitovirus 3","1","10239","2559587","186766","186768","343865","1719043",""
"1719044","343865","species","Soybean leaf-associated mitovirus 4","1","10239","2559587","186766","186768","343865","1719044",""
"1719045","343865","species","Soybean leaf-associated mitovirus 5","1","10239","2559587","186766","186768","343865","1719045",""
"1807788","343865","species","Macrophomina phaseolina mitovirus 3","1","10239","2559587","186766","186768","343865","1807788",""
"1816484","343865","species","Cronartium ribicola mitovirus 1","1","10239","2559587","186766","186768","343865","1816484",""
"1816485","343865","species","Cronartium ribicola mitovirus 2","1","10239","2559587","186766","186768","343865","1816485",""
"1816486","343865","species","Cronartium ribicola mitovirus 3","1","10239","2559587","186766","186768","343865","1816486",""
"1816487","343865","species","Cronartium ribicola mitovirus 4","1","10239","2559587","186766","186768","343865","1816487",""
"1816488","343865","species","Cronartium ribicola mitovirus 5","1","10239","2559587","186766","186768","343865","1816488",""
"1826822","343865","species","Alternaria arborescens mitovirus 1","1","10239","2559587","186766","186768","343865","1826822",""
"1837089","343865","species","Rhizoctonia oryzae-sativae mitovirus 1","1","10239","2559587","186766","186768","343865","1837089",""
"1848150","343865","species","Fusarium poae mitovirus 1","1","10239","2559587","186766","186768","343865","1848150",""
"1848151","343865","species","Fusarium poae mitovirus 2","1","10239","2559587","186766","186768","343865","1848151",""
"1848152","343865","species","Fusarium poae mitovirus 3","1","10239","2559587","186766","186768","343865","1848152",""
"1848153","343865","species","Fusarium poae mitovirus 4","1","10239","2559587","186766","186768","343865","1848153",""
"1871112","343865","species","Rhizoctonia solani mitovirus 20","1","10239","2559587","186766","186768","343865","1871112",""
"1871632","343865","species","Rhizoctonia solani mitovirus 16","1","10239","2559587","186766","186768","343865","1871632",""
"1871633","343865","species","Rhizoctonia solani mitovirus 17","1","10239","2559587","186766","186768","343865","1871633",""
"1871634","343865","species","Rhizoctonia solani mitovirus 18","1","10239","2559587","186766","186768","343865","1871634",""
"1871635","343865","species","Rhizoctonia solani mitovirus 19","1","10239","2559587","186766","186768","343865","1871635",""
"1945739","343865","species","Agaricus bisporus mitovirus 1","1","10239","2559587","186766","186768","343865","1945739",""
"1964428","343865","species","Ceratobasidium mitovirus A","1","10239","2559587","186766","186768","343865","1964428",""
"2020287","343865","species","Ocimum basilicum RNA virus 2","1","10239","2559587","186766","186768","343865","2020287",""
"204819","343865","species","Gremmeniella mitovirus S1","1","10239","2559587","186766","186768","343865","204819",""
"2052561","343865","species","Erysiphe necator mitovirus 1","1","10239","2559587","186766","186768","343865","2052561",""
"2052562","343865","species","Erysiphe necator mitovirus 2","1","10239","2559587","186766","186768","343865","2052562",""
"2052563","343865","species","Erysiphe necator mitovirus 3","1","10239","2559587","186766","186768","343865","2052563",""
"2080450","343865","species","Beta vulgaris mitovirus 1","1","10239","2559587","186766","186768","343865","2080450",""
"2080456","343865","species","Ambrosia artemisiifolia mitovirus 1","1","10239","2559587","186766","186768","343865","2080456",""
"2080457","343865","species","Azolla filiculoides mitovirus 1","1","10239","2559587","186766","186768","343865","2080457",""
"2080458","343865","species","Cannabis sativa mitovirus 1","1","10239","2559587","186766","186768","343865","2080458",""
"2080459","343865","species","Dahlia pinnata mitovirus 1","1","10239","2559587","186766","186768","343865","2080459",""
"2080460","343865","species","Erigeron breviscapus mitovirus 1","1","10239","2559587","186766","186768","343865","2080460",""
"2080461","343865","species","Humulus lupulus mitovirus 1","1","10239","2559587","186766","186768","343865","2080461",""
"2080462","343865","species","Oxybasis rubra mitovirus 1","1","10239","2559587","186766","186768","343865","2080462",""
"2080463","343865","species","Petunia exserta mitovirus 1","1","10239","2559587","186766","186768","343865","2080463",""
"2080464","343865","species","Solanum chacoense mitovirus 1","1","10239","2559587","186766","186768","343865","2080464",""
"2082665","343865","species","Gigaspora margarita mitovirus 1","1","10239","2559587","186766","186768","343865","2082665",""
"2082666","343865","species","Gigaspora margarita mitovirus 2","1","10239","2559587","186766","186768","343865","2082666",""
"2082667","343865","species","Gigaspora margarita mitovirus 3","1","10239","2559587","186766","186768","343865","2082667",""
"2082668","343865","species","Gigaspora margarita mitovirus 4","1","10239","2559587","186766","186768","343865","2082668",""
"2163916","343865","species","Leptosphaeria biglobosa mitovirus 1","1","10239","2559587","186766","186768","343865","2163916",""
"217362","343865","species","Sclerotinia homoeocarpa mitovirus","1","10239","2559587","186766","186768","343865","217362",""
"2185087","343865","species","Chenopodium quinoa mitovirus 1","1","10239","2559587","186766","186768","343865","2185087",""
"2231666","343865","species","Sclerotinia sclerotiorum mitovirus 1 HC025-A","1","10239","2559587","186766","186768","343865","2231666",""
"2231667","343865","species","Sclerotinia sclerotiorum mitovirus 1-A","1","10239","2559587","186766","186768","343865","2231667",""
"2231668","343865","species","Sclerotinia sclerotiorum mitovirus 1-A2","1","10239","2559587","186766","186768","343865","2231668",""
"2231669","343865","species","Sclerotinia sclerotiorum mitovirus 10-A","1","10239","2559587","186766","186768","343865","2231669",""
"2231670","343865","species","Sclerotinia sclerotiorum mitovirus 11-A","1","10239","2559587","186766","186768","343865","2231670",""
"2231671","343865","species","Sclerotinia sclerotiorum mitovirus 12-A","1","10239","2559587","186766","186768","343865","2231671",""
"2231672","343865","species","Sclerotinia sclerotiorum mitovirus 14-A","1","10239","2559587","186766","186768","343865","2231672",""
"2231673","343865","species","Sclerotinia sclerotiorum mitovirus 17-A","1","10239","2559587","186766","186768","343865","2231673",""
"2231674","343865","species","Sclerotinia sclerotiorum mitovirus 19-A","1","10239","2559587","186766","186768","343865","2231674",""
"2231675","343865","species","Sclerotinia sclerotiorum mitovirus 2-A","1","10239","2559587","186766","186768","343865","2231675",""
"2231676","343865","species","Sclerotinia sclerotiorum mitovirus 24","1","10239","2559587","186766","186768","343865","2231676",""
"2231677","343865","species","Sclerotinia sclerotiorum mitovirus 25","1","10239","2559587","186766","186768","343865","2231677",""
"2231678","343865","species","Sclerotinia sclerotiorum mitovirus 26","1","10239","2559587","186766","186768","343865","2231678",""
"2231679","343865","species","Sclerotinia sclerotiorum mitovirus 27","1","10239","2559587","186766","186768","343865","2231679",""
"2231680","343865","species","Sclerotinia sclerotiorum mitovirus 28","1","10239","2559587","186766","186768","343865","2231680",""
"2231681","343865","species","Sclerotinia sclerotiorum mitovirus 29","1","10239","2559587","186766","186768","343865","2231681",""
"2231682","343865","species","Sclerotinia sclerotiorum mitovirus 30","1","10239","2559587","186766","186768","343865","2231682",""
"2231683","343865","species","Sclerotinia sclerotiorum mitovirus 31","1","10239","2559587","186766","186768","343865","2231683",""
"2231684","343865","species","Sclerotinia sclerotiorum mitovirus 32","1","10239","2559587","186766","186768","343865","2231684",""
"2231685","343865","species","Sclerotinia sclerotiorum mitovirus 33","1","10239","2559587","186766","186768","343865","2231685",""
"2231686","343865","species","Sclerotinia sclerotiorum mitovirus 34-A","1","10239","2559587","186766","186768","343865","2231686",""
"2231687","343865","species","Sclerotinia sclerotiorum mitovirus 4-A","1","10239","2559587","186766","186768","343865","2231687",""
"2231688","343865","species","Sclerotinia sclerotiorum mitovirus 5-A","1","10239","2559587","186766","186768","343865","2231688",""
"2231689","343865","species","Sclerotinia sclerotiorum mitovirus 6-A","1","10239","2559587","186766","186768","343865","2231689",""
"2231690","343865","species","Sclerotinia sclerotiorum mitovirus 6-A2","1","10239","2559587","186766","186768","343865","2231690",""
"2231691","343865","species","Sclerotinia sclerotiorum mitovirus 7-A","1","10239","2559587","186766","186768","343865","2231691",""
"2231692","343865","species","Sclerotinia sclerotiorum mitovirus 7-A2","1","10239","2559587","186766","186768","343865","2231692",""
"2231693","343865","species","Sclerotinia sclerotiorum mitovirus 8-A","1","10239","2559587","186766","186768","343865","2231693",""
"2231694","343865","species","Sclerotinia sclerotiorum mitovirus 9-A","1","10239","2559587","186766","186768","343865","2231694",""
"2250451","343865","species","Aspergillus fumigatus mitovirus 1","1","10239","2559587","186766","186768","343865","2250451",""
"2320183","343865","species","Rhizophagus diaphanum mitovirus 1","1","10239","2559587","186766","186768","343865","2320183",""
"2320184","343865","species","Rhizophagus diaphanum mitovirus 2","1","10239","2559587","186766","186768","343865","2320184",""
"2320186","343865","species","Rhizophagus irregularis mitovirus 1","1","10239","2559587","186766","186768","343865","2320186",""
"233046","343865","species","Helicobasidium mompa mitovirus 1-18","1","10239","2559587","186766","186768","343865","233046",""
"2340910","343865","species","Rhizophagus irregularis mitovirus 2","1","10239","2559587","186766","186768","343865","2340910",""
"2364128","343865","species","Fusarium boothii mitovirus 1","1","10239","2559587","186766","186768","343865","2364128",""
"2421278","343865","species","Rhizoctonia mitovirus 1","1","10239","2559587","186766","186768","343865","2421278",""
"2487744","343865","species","Rhizophagus diaphanum mitovirus 3","1","10239","2559587","186766","186768","343865","2487744",""
"2487745","343865","species","Rhizophagus diaphanum mitovirus 4","1","10239","2559587","186766","186768","343865","2487745",""
"2497444","343865","species","Nigrospora oryzae mitovirus 1","1","10239","2559587","186766","186768","343865","2497444",""
"2497445","343865","species","Nigrospora oryzae mitovirus 2","1","10239","2559587","186766","186768","343865","2497445",""
"2501265","343865","species","Ophiocordyceps sinensis mitovirus 1","1","10239","2559587","186766","186768","343865","2501265",""
"2501266","343865","species","Ophiocordyceps sinensis mitovirus 2","1","10239","2559587","186766","186768","343865","2501266",""
"2501267","343865","species","Setosphaeria turcica mitovirus 1","1","10239","2559587","186766","186768","343865","2501267",""
"2501268","343865","species","Colletotrichum falcatum mitovirus 1","1","10239","2559587","186766","186768","343865","2501268",""
"2501269","343865","species","Loramyces juncicola mitovirus 1","1","10239","2559587","186766","186768","343865","2501269",""
"2501658","343865","species","Puccinia striiformis mitovirus 1","1","10239","2559587","186766","186768","343865","2501658",""
"2557974","343865","species","Entomophthora muscae mitovirus 1","1","10239","2559587","186766","186768","343865","2557974",""
"2557975","343865","species","Entomophthora muscae mitovirus 2","1","10239","2559587","186766","186768","343865","2557975",""
"2557976","343865","species","Entomophthora muscae mitovirus 3","1","10239","2559587","186766","186768","343865","2557976",""
"2557977","343865","species","Entomophthora muscae mitovirus 4","1","10239","2559587","186766","186768","343865","2557977",""
"2557978","343865","species","Entomophthora muscae mitovirus 5","1","10239","2559587","186766","186768","343865","2557978",""
"2557979","343865","species","Entomophthora muscae mitovirus 6","1","10239","2559587","186766","186768","343865","2557979",""
"2557980","343865","species","Entomophthora muscae mitovirus 7","1","10239","2559587","186766","186768","343865","2557980",""
"2557981","343865","species","Entomophthora muscae mitovirus 8","1","10239","2559587","186766","186768","343865","2557981",""
"2587224","343865","species","Mitovirus sp.","1","10239","2559587","186766","186768","343865","2587224",""
"2587535","343865","species","Phaeoacremonium minimum mitovirus 1","1","10239","2559587","186766","186768","343865","2587535",""
"2587536","343865","species","Epicoccum nigrum mitovirus 1","1","10239","2559587","186766","186768","343865","2587536",""
"2587537","343865","species","Fomitiporia mediterranea mitovirus 1","1","10239","2559587","186766","186768","343865","2587537",""
"2587538","343865","species","Neofusicoccum parvum mitovirus 1","1","10239","2559587","186766","186768","343865","2587538",""
"2587539","343865","species","Alternaria alternata mitovirus 1","1","10239","2559587","186766","186768","343865","2587539",""
"2596746","343865","species","Geopora sumneriana mitovirus 1","1","10239","2559587","186766","186768","343865","2596746",""
"2598975","343865","species","Rhizoctonia solani mitovirus 23","1","10239","2559587","186766","186768","343865","2598975",""
"2599414","343865","species","Rhizoctonia solani mitovirus 21","1","10239","2559587","186766","186768","343865","2599414",""
"2599415","343865","species","Rhizoctonia solani mitovirus 24","1","10239","2559587","186766","186768","343865","2599415",""
"2599416","343865","species","Rhizoctonia solani mitovirus 25","1","10239","2559587","186766","186768","343865","2599416",""
"2599417","343865","species","Rhizoctonia solani mitovirus 26","1","10239","2559587","186766","186768","343865","2599417",""
"2599418","343865","species","Rhizoctonia solani mitovirus 27","1","10239","2559587","186766","186768","343865","2599418",""
"2599419","343865","species","Rhizoctonia solani mitovirus 28","1","10239","2559587","186766","186768","343865","2599419",""
"2599420","343865","species","Rhizoctonia solani mitovirus 29","1","10239","2559587","186766","186768","343865","2599420",""
"2599421","343865","species","Rhizoctonia solani mitovirus 30","1","10239","2559587","186766","186768","343865","2599421",""
"2599422","343865","species","Rhizoctonia solani mitovirus 31","1","10239","2559587","186766","186768","343865","2599422",""
"2599423","343865","species","Rhizoctonia solani mitovirus 32","1","10239","2559587","186766","186768","343865","2599423",""
"2599424","343865","species","Rhizoctonia solani mitovirus 33","1","10239","2559587","186766","186768","343865","2599424",""
"2599425","343865","species","Rhizoctonia solani mitovirus 34","1","10239","2559587","186766","186768","343865","2599425",""
"2599426","343865","species","Rhizoctonia solani mitovirus 37","1","10239","2559587","186766","186768","343865","2599426",""
"2599427","343865","species","Rhizoctonia solani mitovirus 38","1","10239","2559587","186766","186768","343865","2599427",""
"2599892","343865","species","Rhizoctonia solani mitovirus 22","1","10239","2559587","186766","186768","343865","2599892",""
"2599893","343865","species","Rhizoctonia solani mitovirus 35","1","10239","2559587","186766","186768","343865","2599893",""
"2599894","343865","species","Rhizoctonia solani mitovirus 36","1","10239","2559587","186766","186768","343865","2599894",""
"2603542","343865","species","Heterobasidion mitovirus 2","1","10239","2559587","186766","186768","343865","2603542",""
"2603543","343865","species","Heterobasidion mitovirus 3","1","10239","2559587","186766","186768","343865","2603543",""
"274584","343865","species","Thielaviopsis basicola mitovirus","1","10239","2559587","186766","186768","343865","274584",""
"279538","343865","species","Gremmeniella abietina mitochondrial RNA virus S2","1","10239","2559587","186766","186768","343865","279538",""
"343867","343865","species","Cryphonectria mitovirus 2","1","10239","2559587","186766","186768","343865","343867",""
"249055","343867","species_","Cryphonectria cubensis mitovirus 2a","1","10239","2559587","186766","186768","343865","343867","249055"
"249056","343867","species_","Cryphonectria cubensis mitovirus 2b","1","10239","2559587","186766","186768","343865","343867","249056"
"249057","343867","species_","Cryphonectria cubensis mitovirus 2c","1","10239","2559587","186766","186768","343865","343867","249057"
"348094","343865","species","Ophiostoma mitovirus 1a","1","10239","2559587","186766","186768","343865","348094",""
"348095","343865","species","Ophiostoma mitovirus 1b","1","10239","2559587","186766","186768","343865","348095",""
"348096","343865","species","Ophiostoma mitovirus 3b","1","10239","2559587","186766","186768","343865","348096",""
"444193","343865","species","Botrytis cinerea mitovirus 1","1","10239","2559587","186766","186768","343865","444193",""
"463636","343865","species","Botrytis cinerea mitovirus 1 S","1","10239","2559587","186766","186768","343865","463636",""
"758866","343865","species","Rhizophagus sp. RF1 mitovirus","1","10239","2559587","186766","186768","343865","758866",""
