"seqname","accession","tax_id","species","is_type"
"MN058214","MN058214",2603543,"Heterobasidion mitovirus 3","no"
"MN058213","MN058213",2603543,"Heterobasidion mitovirus 3","no"
"MN058211","MN058211",2603543,"Heterobasidion mitovirus 3","no"
"MN058210","MN058210",2603543,"Heterobasidion mitovirus 3","no"
"MN058209","MN058209",2603543,"Heterobasidion mitovirus 3","no"
"MN058207","MN058207",2603542,"Heterobasidion mitovirus 2","no"
"MN058206","MN058206",2603542,"Heterobasidion mitovirus 2","no"
"MK490930","MK490930",2599894,"Rhizoctonia solani mitovirus 36","no"
"MK490929","MK490929",2599893,"Rhizoctonia solani mitovirus 35","no"
"MK490928","MK490928",2599892,"Rhizoctonia solani mitovirus 22","no"
"MK375261","MK375261",2598975,"Rhizoctonia solani mitovirus 23","no"
"MK372905","MK372905",2599427,"Rhizoctonia solani mitovirus 38","no"
"MK372904","MK372904",2599426,"Rhizoctonia solani mitovirus 37","no"
"MK372903","MK372903",2599425,"Rhizoctonia solani mitovirus 34","no"
"MK372902","MK372902",2599424,"Rhizoctonia solani mitovirus 33","no"
"MK372901","MK372901",2599423,"Rhizoctonia solani mitovirus 32","no"
"MK372900","MK372900",2599422,"Rhizoctonia solani mitovirus 31","no"
"MK372899","MK372899",2599421,"Rhizoctonia solani mitovirus 30","no"
"MK372898","MK372898",2599420,"Rhizoctonia solani mitovirus 29","no"
"MK372897","MK372897",2599419,"Rhizoctonia solani mitovirus 28","no"
"MK372896","MK372896",2599418,"Rhizoctonia solani mitovirus 27","no"
"MK372895","MK372895",2599417,"Rhizoctonia solani mitovirus 26","no"
"MK372894","MK372894",2599416,"Rhizoctonia solani mitovirus 25","no"
"MK372893","MK372893",2599415,"Rhizoctonia solani mitovirus 24","no"
"MK279486","MK279486",2501267,"Setosphaeria turcica mitovirus 1","no"
"MK279485","MK279485",2501266,"Ophiocordyceps sinensis mitovirus 2","no"
"MK279484","MK279484",2501265,"Ophiocordyceps sinensis mitovirus 1","no"
"MK279483","MK279483",2501269,"Loramyces juncicola mitovirus 1","no"
"MK279482","MK279482",2501268,"Colletotrichum falcatum mitovirus 1","no"
"BK010736","BK010736",2557981,"Entomophthora muscae mitovirus 8","no"
"BK010735","BK010735",2557980,"Entomophthora muscae mitovirus 7","no"
"BK010734","BK010734",2557979,"Entomophthora muscae mitovirus 6","no"
"BK010733","BK010733",2557978,"Entomophthora muscae mitovirus 5","no"
"BK010732","BK010732",2557977,"Entomophthora muscae mitovirus 4","no"
"BK010731","BK010731",2557976,"Entomophthora muscae mitovirus 3","no"
"BK010730","BK010730",2557975,"Entomophthora muscae mitovirus 2","no"
"BK010729","BK010729",2557974,"Entomophthora muscae mitovirus 1","no"
"MN036329","MN036329",2587224,"Mitovirus sp.","no"
"MN036316","MN036316",2587224,"Mitovirus sp.","no"
"MN036300","MN036300",2587224,"Mitovirus sp.","no"
"MN036298","MN036298",2587224,"Mitovirus sp.","no"
"MN036297","MN036297",2587224,"Mitovirus sp.","no"
"MN036287","MN036287",2587224,"Mitovirus sp.","no"
"MN036286","MN036286",2587224,"Mitovirus sp.","no"
"MN036283","MN036283",2587224,"Mitovirus sp.","no"
"MN036268","MN036268",2587224,"Mitovirus sp.","no"
"MN036266","MN036266",2587224,"Mitovirus sp.","no"
"MN036264","MN036264",2587224,"Mitovirus sp.","no"
"MN036252","MN036252",2587224,"Mitovirus sp.","no"
"MN036250","MN036250",2587224,"Mitovirus sp.","no"
"MN036235","MN036235",2587224,"Mitovirus sp.","no"
"MN036234","MN036234",2587224,"Mitovirus sp.","no"
"MN036222","MN036222",2587224,"Mitovirus sp.","no"
"MN036209","MN036209",2587224,"Mitovirus sp.","no"
"MN036208","MN036208",2587224,"Mitovirus sp.","no"
"MN036181","MN036181",2587224,"Mitovirus sp.","no"
"MN036180","MN036180",2587224,"Mitovirus sp.","no"
"MN036176","MN036176",2587224,"Mitovirus sp.","no"
"MN036169","MN036169",2587224,"Mitovirus sp.","no"
"MN036154","MN036154",2587224,"Mitovirus sp.","no"
"MN036149","MN036149",2587224,"Mitovirus sp.","no"
"MN036146","MN036146",2587224,"Mitovirus sp.","no"
"MN036141","MN036141",2587224,"Mitovirus sp.","no"
"MN036139","MN036139",2587224,"Mitovirus sp.","no"
"MN036138","MN036138",2587224,"Mitovirus sp.","no"
"MN036137","MN036137",2587224,"Mitovirus sp.","no"
"MN036136","MN036136",2587224,"Mitovirus sp.","no"
"MN036124","MN036124",2587224,"Mitovirus sp.","no"
"MN036116","MN036116",2587224,"Mitovirus sp.","no"
"MN036112","MN036112",2587224,"Mitovirus sp.","no"
"MN036102","MN036102",2587224,"Mitovirus sp.","no"
"MN036092","MN036092",2587224,"Mitovirus sp.","no"
"MN036074","MN036074",2587224,"Mitovirus sp.","no"
"MN036068","MN036068",2587224,"Mitovirus sp.","no"
"MN036067","MN036067",2587224,"Mitovirus sp.","no"
"MN036064","MN036064",2587224,"Mitovirus sp.","no"
"MN036060","MN036060",2587224,"Mitovirus sp.","no"
"MN036059","MN036059",2587224,"Mitovirus sp.","no"
"MN036054","MN036054",2587224,"Mitovirus sp.","no"
"MN036049","MN036049",2587224,"Mitovirus sp.","no"
"MN036038","MN036038",2587224,"Mitovirus sp.","no"
"MN036034","MN036034",2587224,"Mitovirus sp.","no"
"MN036022","MN036022",2587224,"Mitovirus sp.","no"
"MN036020","MN036020",2587224,"Mitovirus sp.","no"
"MN036017","MN036017",2587224,"Mitovirus sp.","no"
"MN036011","MN036011",2587224,"Mitovirus sp.","no"
"MN036006","MN036006",2587224,"Mitovirus sp.","no"
"MN036004","MN036004",2587224,"Mitovirus sp.","no"
"MN035993","MN035993",2587224,"Mitovirus sp.","no"
"MN035985","MN035985",2587224,"Mitovirus sp.","no"
"MN035983","MN035983",2587224,"Mitovirus sp.","no"
"MN035982","MN035982",2587224,"Mitovirus sp.","no"
"MN035980","MN035980",2587224,"Mitovirus sp.","no"
"MN035978","MN035978",2587224,"Mitovirus sp.","no"
"MN035977","MN035977",2587224,"Mitovirus sp.","no"
"MN035976","MN035976",2587224,"Mitovirus sp.","no"
"MN035975","MN035975",2587224,"Mitovirus sp.","no"
"MN035974","MN035974",2587224,"Mitovirus sp.","no"
"MN035965","MN035965",2587224,"Mitovirus sp.","no"
"MN035964","MN035964",2587224,"Mitovirus sp.","no"
"MN035958","MN035958",2587224,"Mitovirus sp.","no"
"MN035943","MN035943",2587224,"Mitovirus sp.","no"
"MN035936","MN035936",2587224,"Mitovirus sp.","no"
"MN035931","MN035931",2587224,"Mitovirus sp.","no"
"MN035930","MN035930",2587224,"Mitovirus sp.","no"
"MN035924","MN035924",2587224,"Mitovirus sp.","no"
"MN035919","MN035919",2587224,"Mitovirus sp.","no"
"MN035916","MN035916",2587224,"Mitovirus sp.","no"
"MN035907","MN035907",2587224,"Mitovirus sp.","no"
"MN035906","MN035906",2587224,"Mitovirus sp.","no"
"MN035899","MN035899",2587224,"Mitovirus sp.","no"
"MN035894","MN035894",2587224,"Mitovirus sp.","no"
"MN035892","MN035892",2587224,"Mitovirus sp.","no"
"MN035879","MN035879",2587224,"Mitovirus sp.","no"
"MN035872","MN035872",2587224,"Mitovirus sp.","no"
"MN035862","MN035862",2587224,"Mitovirus sp.","no"
"MN035861","MN035861",2587224,"Mitovirus sp.","no"
"MN035843","MN035843",2587224,"Mitovirus sp.","no"
"MN035839","MN035839",2587224,"Mitovirus sp.","no"
"MN035835","MN035835",2587224,"Mitovirus sp.","no"
"MN035831","MN035831",2587224,"Mitovirus sp.","no"
"MN035822","MN035822",2587224,"Mitovirus sp.","no"
"MN035821","MN035821",2587224,"Mitovirus sp.","no"
"MN035819","MN035819",2587224,"Mitovirus sp.","no"
"MN035809","MN035809",2587224,"Mitovirus sp.","no"
"MN035808","MN035808",2587224,"Mitovirus sp.","no"
"MN035807","MN035807",2587224,"Mitovirus sp.","no"
"MN035801","MN035801",2587224,"Mitovirus sp.","no"
"MN035788","MN035788",2587224,"Mitovirus sp.","no"
"MN035785","MN035785",2587224,"Mitovirus sp.","no"
"MN035780","MN035780",2587224,"Mitovirus sp.","no"
"MN035779","MN035779",2587224,"Mitovirus sp.","no"
"MN035768","MN035768",2587224,"Mitovirus sp.","no"
"MN035757","MN035757",2587224,"Mitovirus sp.","no"
"MN035754","MN035754",2587224,"Mitovirus sp.","no"
"MN035752","MN035752",2587224,"Mitovirus sp.","no"
"MN035751","MN035751",2587224,"Mitovirus sp.","no"
"MN035733","MN035733",2587224,"Mitovirus sp.","no"
"MN035729","MN035729",2587224,"Mitovirus sp.","no"
"MN035717","MN035717",2587224,"Mitovirus sp.","no"
"MN035716","MN035716",2587224,"Mitovirus sp.","no"
"MN035715","MN035715",2587224,"Mitovirus sp.","no"
"MN035709","MN035709",2587224,"Mitovirus sp.","no"
"MN035704","MN035704",2587224,"Mitovirus sp.","no"
"MN035701","MN035701",2587224,"Mitovirus sp.","no"
"MN035696","MN035696",2587224,"Mitovirus sp.","no"
"MN035686","MN035686",2587224,"Mitovirus sp.","no"
"MN035672","MN035672",2587224,"Mitovirus sp.","no"
"MN035671","MN035671",2587224,"Mitovirus sp.","no"
"MN035664","MN035664",2587224,"Mitovirus sp.","no"
"MN035663","MN035663",2587224,"Mitovirus sp.","no"
"MN035662","MN035662",2587224,"Mitovirus sp.","no"
"MN035659","MN035659",2587224,"Mitovirus sp.","no"
"MN035650","MN035650",2587224,"Mitovirus sp.","no"
"MN035648","MN035648",2587224,"Mitovirus sp.","no"
"MN035635","MN035635",2587224,"Mitovirus sp.","no"
"MN035634","MN035634",2587224,"Mitovirus sp.","no"
"MN035632","MN035632",2587224,"Mitovirus sp.","no"
"MN035626","MN035626",2587224,"Mitovirus sp.","no"
"MN035625","MN035625",2587224,"Mitovirus sp.","no"
"MN035623","MN035623",2587224,"Mitovirus sp.","no"
"MN035615","MN035615",2587224,"Mitovirus sp.","no"
"MN035609","MN035609",2587224,"Mitovirus sp.","no"
"MN035584","MN035584",2587224,"Mitovirus sp.","no"
"MN035583","MN035583",2587224,"Mitovirus sp.","no"
"MN035578","MN035578",2587224,"Mitovirus sp.","no"
"MN035577","MN035577",2587224,"Mitovirus sp.","no"
"MN035573","MN035573",2587224,"Mitovirus sp.","no"
"MN035564","MN035564",2587224,"Mitovirus sp.","no"
"MN035562","MN035562",2587224,"Mitovirus sp.","no"
"MN035560","MN035560",2587224,"Mitovirus sp.","no"
"MN035553","MN035553",2587224,"Mitovirus sp.","no"
"MN035549","MN035549",2587224,"Mitovirus sp.","no"
"MN035532","MN035532",2587224,"Mitovirus sp.","no"
"MN035528","MN035528",2587224,"Mitovirus sp.","no"
"MN035526","MN035526",2587224,"Mitovirus sp.","no"
"MN035525","MN035525",2587224,"Mitovirus sp.","no"
"MN035523","MN035523",2587224,"Mitovirus sp.","no"
"MN035522","MN035522",2587224,"Mitovirus sp.","no"
"MN035521","MN035521",2587224,"Mitovirus sp.","no"
"MN035517","MN035517",2587224,"Mitovirus sp.","no"
"MN035509","MN035509",2587224,"Mitovirus sp.","no"
"MN035506","MN035506",2587224,"Mitovirus sp.","no"
"MN035504","MN035504",2587224,"Mitovirus sp.","no"
"MN035495","MN035495",2587224,"Mitovirus sp.","no"
"MN035490","MN035490",2587224,"Mitovirus sp.","no"
"MN035485","MN035485",2587224,"Mitovirus sp.","no"
"MN035483","MN035483",2587224,"Mitovirus sp.","no"
"MN035481","MN035481",2587224,"Mitovirus sp.","no"
"MN035479","MN035479",2587224,"Mitovirus sp.","no"
"MN035476","MN035476",2587224,"Mitovirus sp.","no"
"MN035470","MN035470",2587224,"Mitovirus sp.","no"
"MN035464","MN035464",2587224,"Mitovirus sp.","no"
"MN035461","MN035461",2587224,"Mitovirus sp.","no"
"MN035453","MN035453",2587224,"Mitovirus sp.","no"
"MN035443","MN035443",2587224,"Mitovirus sp.","no"
"MN035440","MN035440",2587224,"Mitovirus sp.","no"
"MN035439","MN035439",2587224,"Mitovirus sp.","no"
"MN035435","MN035435",2587224,"Mitovirus sp.","no"
"MN035430","MN035430",2587224,"Mitovirus sp.","no"
"MN035428","MN035428",2587224,"Mitovirus sp.","no"
"MN035427","MN035427",2587224,"Mitovirus sp.","no"
"MN035417","MN035417",2587224,"Mitovirus sp.","no"
"MN035416","MN035416",2587224,"Mitovirus sp.","no"
"MN035415","MN035415",2587224,"Mitovirus sp.","no"
"MN035410","MN035410",2587224,"Mitovirus sp.","no"
"MN035402","MN035402",2587224,"Mitovirus sp.","no"
"MN035394","MN035394",2587224,"Mitovirus sp.","no"
"MN035392","MN035392",2587224,"Mitovirus sp.","no"
"MN035390","MN035390",2587224,"Mitovirus sp.","no"
"MN035389","MN035389",2587224,"Mitovirus sp.","no"
"MN035386","MN035386",2587224,"Mitovirus sp.","no"
"MN035385","MN035385",2587224,"Mitovirus sp.","no"
"MN035376","MN035376",2587224,"Mitovirus sp.","no"
"MN035368","MN035368",2587224,"Mitovirus sp.","no"
"MN035363","MN035363",2587224,"Mitovirus sp.","no"
"MN035351","MN035351",2587224,"Mitovirus sp.","no"
"MN035348","MN035348",2587224,"Mitovirus sp.","no"
"MN035345","MN035345",2587224,"Mitovirus sp.","no"
"MN035341","MN035341",2587224,"Mitovirus sp.","no"
"MN035305","MN035305",2587224,"Mitovirus sp.","no"
"MN035304","MN035304",2587224,"Mitovirus sp.","no"
"MN035303","MN035303",2587224,"Mitovirus sp.","no"
"MN035300","MN035300",2587224,"Mitovirus sp.","no"
"MN035293","MN035293",2587224,"Mitovirus sp.","no"
"MN035278","MN035278",2587224,"Mitovirus sp.","no"
"MN035264","MN035264",2587224,"Mitovirus sp.","no"
"MN035263","MN035263",2587224,"Mitovirus sp.","no"
"MN035261","MN035261",2587224,"Mitovirus sp.","no"
"MN035255","MN035255",2587224,"Mitovirus sp.","no"
"MN035253","MN035253",2587224,"Mitovirus sp.","no"
"MN035251","MN035251",2587224,"Mitovirus sp.","no"
"MN035248","MN035248",2587224,"Mitovirus sp.","no"
"MN035244","MN035244",2587224,"Mitovirus sp.","no"
"MN035231","MN035231",2587224,"Mitovirus sp.","no"
"MN035227","MN035227",2587224,"Mitovirus sp.","no"
"MN035226","MN035226",2587224,"Mitovirus sp.","no"
"MN035224","MN035224",2587224,"Mitovirus sp.","no"
"MN035223","MN035223",2587224,"Mitovirus sp.","no"
"MN035222","MN035222",2587224,"Mitovirus sp.","no"
"MN035221","MN035221",2587224,"Mitovirus sp.","no"
"MN035218","MN035218",2587224,"Mitovirus sp.","no"
"MN035213","MN035213",2587224,"Mitovirus sp.","no"
"MN035208","MN035208",2587224,"Mitovirus sp.","no"
"MN035205","MN035205",2587224,"Mitovirus sp.","no"
"MN035203","MN035203",2587224,"Mitovirus sp.","no"
"MN035199","MN035199",2587224,"Mitovirus sp.","no"
"MN035195","MN035195",2587224,"Mitovirus sp.","no"
"MN035194","MN035194",2587224,"Mitovirus sp.","no"
"MN035188","MN035188",2587224,"Mitovirus sp.","no"
"MN035177","MN035177",2587224,"Mitovirus sp.","no"
"MN035176","MN035176",2587224,"Mitovirus sp.","no"
"MN035175","MN035175",2587224,"Mitovirus sp.","no"
"MN035174","MN035174",2587224,"Mitovirus sp.","no"
"MN035172","MN035172",2587224,"Mitovirus sp.","no"
"MN035169","MN035169",2587224,"Mitovirus sp.","no"
"MN035165","MN035165",2587224,"Mitovirus sp.","no"
"MN035163","MN035163",2587224,"Mitovirus sp.","no"
"MN035162","MN035162",2587224,"Mitovirus sp.","no"
"MN035160","MN035160",2587224,"Mitovirus sp.","no"
"MN035157","MN035157",2587224,"Mitovirus sp.","no"
"MN035155","MN035155",2587224,"Mitovirus sp.","no"
"MN035147","MN035147",2587224,"Mitovirus sp.","no"
"MN035142","MN035142",2587224,"Mitovirus sp.","no"
"MN035139","MN035139",2587224,"Mitovirus sp.","no"
"MN035136","MN035136",2587224,"Mitovirus sp.","no"
"MN035129","MN035129",2587224,"Mitovirus sp.","no"
"MN035120","MN035120",2587224,"Mitovirus sp.","no"
"MN035105","MN035105",2587224,"Mitovirus sp.","no"
"MN035102","MN035102",2587224,"Mitovirus sp.","no"
"MN035101","MN035101",2587224,"Mitovirus sp.","no"
"MN035100","MN035100",2587224,"Mitovirus sp.","no"
"MN035099","MN035099",2587224,"Mitovirus sp.","no"
"MN035098","MN035098",2587224,"Mitovirus sp.","no"
"MN035096","MN035096",2587224,"Mitovirus sp.","no"
"MN035088","MN035088",2587224,"Mitovirus sp.","no"
"MN035084","MN035084",2587224,"Mitovirus sp.","no"
"MN035080","MN035080",2587224,"Mitovirus sp.","no"
"MN035074","MN035074",2587224,"Mitovirus sp.","no"
"MN035064","MN035064",2587224,"Mitovirus sp.","no"
"MN035061","MN035061",2587224,"Mitovirus sp.","no"
"MN035060","MN035060",2587224,"Mitovirus sp.","no"
"MN035058","MN035058",2587224,"Mitovirus sp.","no"
"MN035056","MN035056",2587224,"Mitovirus sp.","no"
"MN035055","MN035055",2587224,"Mitovirus sp.","no"
"MN035050","MN035050",2587224,"Mitovirus sp.","no"
"MN035047","MN035047",2587224,"Mitovirus sp.","no"
"MN035046","MN035046",2587224,"Mitovirus sp.","no"
"MN035041","MN035041",2587224,"Mitovirus sp.","no"
"MN035038","MN035038",2587224,"Mitovirus sp.","no"
"MN035034","MN035034",2587224,"Mitovirus sp.","no"
"MN035033","MN035033",2587224,"Mitovirus sp.","no"
"MN035031","MN035031",2587224,"Mitovirus sp.","no"
"MN035023","MN035023",2587224,"Mitovirus sp.","no"
"MN035012","MN035012",2587224,"Mitovirus sp.","no"
"MN035011","MN035011",2587224,"Mitovirus sp.","no"
"MN034999","MN034999",2587224,"Mitovirus sp.","no"
"MN034995","MN034995",2587224,"Mitovirus sp.","no"
"MN034993","MN034993",2587224,"Mitovirus sp.","no"
"MN034992","MN034992",2587224,"Mitovirus sp.","no"
"MN034990","MN034990",2587224,"Mitovirus sp.","no"
"MN034989","MN034989",2587224,"Mitovirus sp.","no"
"MN034987","MN034987",2587224,"Mitovirus sp.","no"
"MN034983","MN034983",2587224,"Mitovirus sp.","no"
"MN034970","MN034970",2587224,"Mitovirus sp.","no"
"MN034958","MN034958",2587224,"Mitovirus sp.","no"
"MN034949","MN034949",2587224,"Mitovirus sp.","no"
"MN034946","MN034946",2587224,"Mitovirus sp.","no"
"MN034942","MN034942",2587224,"Mitovirus sp.","no"
"MN034939","MN034939",2587224,"Mitovirus sp.","no"
"MN034926","MN034926",2587224,"Mitovirus sp.","no"
"MN034923","MN034923",2587224,"Mitovirus sp.","no"
"MN034920","MN034920",2587224,"Mitovirus sp.","no"
"MN034909","MN034909",2587224,"Mitovirus sp.","no"
"MN034906","MN034906",2587224,"Mitovirus sp.","no"
"MN034901","MN034901",2587224,"Mitovirus sp.","no"
"MN034894","MN034894",2587224,"Mitovirus sp.","no"
"MN034888","MN034888",2587224,"Mitovirus sp.","no"
"MN034870","MN034870",2587224,"Mitovirus sp.","no"
"MN034869","MN034869",2587224,"Mitovirus sp.","no"
"MN034854","MN034854",2587224,"Mitovirus sp.","no"
"MN034851","MN034851",2587224,"Mitovirus sp.","no"
"MN034845","MN034845",2587224,"Mitovirus sp.","no"
"MN034843","MN034843",2587224,"Mitovirus sp.","no"
"MN034830","MN034830",2587224,"Mitovirus sp.","no"
"MN034828","MN034828",2587224,"Mitovirus sp.","no"
"MN034820","MN034820",2587224,"Mitovirus sp.","no"
"MN034811","MN034811",2587224,"Mitovirus sp.","no"
"MN034807","MN034807",2587224,"Mitovirus sp.","no"
"MN034806","MN034806",2587224,"Mitovirus sp.","no"
"MN034805","MN034805",2587224,"Mitovirus sp.","no"
"MN034804","MN034804",2587224,"Mitovirus sp.","no"
"MN034797","MN034797",2587224,"Mitovirus sp.","no"
"MN034794","MN034794",2587224,"Mitovirus sp.","no"
"MN034790","MN034790",2587224,"Mitovirus sp.","no"
"MN034777","MN034777",2587224,"Mitovirus sp.","no"
"MN034760","MN034760",2587224,"Mitovirus sp.","no"
"MN034748","MN034748",2587224,"Mitovirus sp.","no"
"MN034747","MN034747",2587224,"Mitovirus sp.","no"
"MN034729","MN034729",2587224,"Mitovirus sp.","no"
"MN034718","MN034718",2587224,"Mitovirus sp.","no"
"MN034715","MN034715",2587224,"Mitovirus sp.","no"
"MN034707","MN034707",2587224,"Mitovirus sp.","no"
"MN034705","MN034705",2587224,"Mitovirus sp.","no"
"MN034701","MN034701",2587224,"Mitovirus sp.","no"
"MN034692","MN034692",2587224,"Mitovirus sp.","no"
"MN034688","MN034688",2587224,"Mitovirus sp.","no"
"MN034685","MN034685",2587224,"Mitovirus sp.","no"
"MN034682","MN034682",2587224,"Mitovirus sp.","no"
"MN034678","MN034678",2587224,"Mitovirus sp.","no"
"MN034676","MN034676",2587224,"Mitovirus sp.","no"
"MN034672","MN034672",2587224,"Mitovirus sp.","no"
"MN034671","MN034671",2587224,"Mitovirus sp.","no"
"MN034659","MN034659",2587224,"Mitovirus sp.","no"
"MN034658","MN034658",2587224,"Mitovirus sp.","no"
"MN034651","MN034651",2587224,"Mitovirus sp.","no"
"MN034649","MN034649",2587224,"Mitovirus sp.","no"
"MN034644","MN034644",2587224,"Mitovirus sp.","no"
"MN034637","MN034637",2587224,"Mitovirus sp.","no"
"MN034633","MN034633",2587224,"Mitovirus sp.","no"
"MN034632","MN034632",2587224,"Mitovirus sp.","no"
"MN034627","MN034627",2587224,"Mitovirus sp.","no"
"MN034623","MN034623",2587224,"Mitovirus sp.","no"
"MN034619","MN034619",2587224,"Mitovirus sp.","no"
"MN034614","MN034614",2587224,"Mitovirus sp.","no"
"MN034613","MN034613",2587224,"Mitovirus sp.","no"
"MN034609","MN034609",2587224,"Mitovirus sp.","no"
"MN034606","MN034606",2587224,"Mitovirus sp.","no"
"MN034602","MN034602",2587224,"Mitovirus sp.","no"
"MN034598","MN034598",2587224,"Mitovirus sp.","no"
"MN034589","MN034589",2587224,"Mitovirus sp.","no"
"MN034587","MN034587",2587224,"Mitovirus sp.","no"
"MN034586","MN034586",2587224,"Mitovirus sp.","no"
"MN034576","MN034576",2587224,"Mitovirus sp.","no"
"MN034573","MN034573",2587224,"Mitovirus sp.","no"
"MN034568","MN034568",2587224,"Mitovirus sp.","no"
"MN034561","MN034561",2587224,"Mitovirus sp.","no"
"MN034559","MN034559",2587224,"Mitovirus sp.","no"
"MN034555","MN034555",2587224,"Mitovirus sp.","no"
"MN034554","MN034554",2587224,"Mitovirus sp.","no"
"MN034552","MN034552",2587224,"Mitovirus sp.","no"
"MN034543","MN034543",2587224,"Mitovirus sp.","no"
"MN034541","MN034541",2587224,"Mitovirus sp.","no"
"MN034535","MN034535",2587224,"Mitovirus sp.","no"
"MN034525","MN034525",2587224,"Mitovirus sp.","no"
"MN034521","MN034521",2587224,"Mitovirus sp.","no"
"MN034516","MN034516",2587224,"Mitovirus sp.","no"
"MN034513","MN034513",2587224,"Mitovirus sp.","no"
"MN034512","MN034512",2587224,"Mitovirus sp.","no"
"MN034506","MN034506",2587224,"Mitovirus sp.","no"
"MN034495","MN034495",2587224,"Mitovirus sp.","no"
"MN034492","MN034492",2587224,"Mitovirus sp.","no"
"MN034488","MN034488",2587224,"Mitovirus sp.","no"
"MN034487","MN034487",2587224,"Mitovirus sp.","no"
"MN034483","MN034483",2587224,"Mitovirus sp.","no"
"MN034478","MN034478",2587224,"Mitovirus sp.","no"
"MN034477","MN034477",2587224,"Mitovirus sp.","no"
"MN034473","MN034473",2587224,"Mitovirus sp.","no"
"MN034470","MN034470",2587224,"Mitovirus sp.","no"
"MN034467","MN034467",2587224,"Mitovirus sp.","no"
"MN034465","MN034465",2587224,"Mitovirus sp.","no"
"MN034464","MN034464",2587224,"Mitovirus sp.","no"
"MN034458","MN034458",2587224,"Mitovirus sp.","no"
"MN034457","MN034457",2587224,"Mitovirus sp.","no"
"MN034451","MN034451",2587224,"Mitovirus sp.","no"
"MN034445","MN034445",2587224,"Mitovirus sp.","no"
"MN034432","MN034432",2587224,"Mitovirus sp.","no"
"MN034430","MN034430",2587224,"Mitovirus sp.","no"
"MN034429","MN034429",2587224,"Mitovirus sp.","no"
"MN034427","MN034427",2587224,"Mitovirus sp.","no"
"MN034418","MN034418",2587224,"Mitovirus sp.","no"
"MN034406","MN034406",2587224,"Mitovirus sp.","no"
"MN034397","MN034397",2587224,"Mitovirus sp.","no"
"MN034390","MN034390",2587224,"Mitovirus sp.","no"
"MN034384","MN034384",2587224,"Mitovirus sp.","no"
"MN034383","MN034383",2587224,"Mitovirus sp.","no"
"MN034381","MN034381",2587224,"Mitovirus sp.","no"
"MN034379","MN034379",2587224,"Mitovirus sp.","no"
"MN034377","MN034377",2587224,"Mitovirus sp.","no"
"MN034375","MN034375",2587224,"Mitovirus sp.","no"
"MN034372","MN034372",2587224,"Mitovirus sp.","no"
"MN034357","MN034357",2587224,"Mitovirus sp.","no"
"MN034352","MN034352",2587224,"Mitovirus sp.","no"
"MN034351","MN034351",2587224,"Mitovirus sp.","no"
"MN034350","MN034350",2587224,"Mitovirus sp.","no"
"MN034349","MN034349",2587224,"Mitovirus sp.","no"
"MN034342","MN034342",2587224,"Mitovirus sp.","no"
"MN034337","MN034337",2587224,"Mitovirus sp.","no"
"MN034334","MN034334",2587224,"Mitovirus sp.","no"
"MN034328","MN034328",2587224,"Mitovirus sp.","no"
"MN034321","MN034321",2587224,"Mitovirus sp.","no"
"MN034320","MN034320",2587224,"Mitovirus sp.","no"
"MN034319","MN034319",2587224,"Mitovirus sp.","no"
"MN034318","MN034318",2587224,"Mitovirus sp.","no"
"MN034304","MN034304",2587224,"Mitovirus sp.","no"
"MN034303","MN034303",2587224,"Mitovirus sp.","no"
"MN034299","MN034299",2587224,"Mitovirus sp.","no"
"MN034297","MN034297",2587224,"Mitovirus sp.","no"
"MN034295","MN034295",2587224,"Mitovirus sp.","no"
"MN034294","MN034294",2587224,"Mitovirus sp.","no"
"MN034293","MN034293",2587224,"Mitovirus sp.","no"
"MN034291","MN034291",2587224,"Mitovirus sp.","no"
"MN034287","MN034287",2587224,"Mitovirus sp.","no"
"MN034282","MN034282",2587224,"Mitovirus sp.","no"
"MN034272","MN034272",2587224,"Mitovirus sp.","no"
"MN034270","MN034270",2587224,"Mitovirus sp.","no"
"MN034266","MN034266",2587224,"Mitovirus sp.","no"
"MN034257","MN034257",2587224,"Mitovirus sp.","no"
"MN034255","MN034255",2587224,"Mitovirus sp.","no"
"MN034254","MN034254",2587224,"Mitovirus sp.","no"
"MN034250","MN034250",2587224,"Mitovirus sp.","no"
"MN034242","MN034242",2587224,"Mitovirus sp.","no"
"MN034234","MN034234",2587224,"Mitovirus sp.","no"
"MN034230","MN034230",2587224,"Mitovirus sp.","no"
"MN034220","MN034220",2587224,"Mitovirus sp.","no"
"MN034211","MN034211",2587224,"Mitovirus sp.","no"
"MN034206","MN034206",2587224,"Mitovirus sp.","no"
"MN034202","MN034202",2587224,"Mitovirus sp.","no"
"MN034199","MN034199",2587224,"Mitovirus sp.","no"
"MN034195","MN034195",2587224,"Mitovirus sp.","no"
"MN034191","MN034191",2587224,"Mitovirus sp.","no"
"MN034182","MN034182",2587224,"Mitovirus sp.","no"
"MN034179","MN034179",2587224,"Mitovirus sp.","no"
"MN034170","MN034170",2587224,"Mitovirus sp.","no"
"MN034158","MN034158",2587224,"Mitovirus sp.","no"
"MN034150","MN034150",2587224,"Mitovirus sp.","no"
"MN034141","MN034141",2587224,"Mitovirus sp.","no"
"MN034136","MN034136",2587224,"Mitovirus sp.","no"
"MN034135","MN034135",2587224,"Mitovirus sp.","no"
"MN034133","MN034133",2587224,"Mitovirus sp.","no"
"MN034129","MN034129",2587224,"Mitovirus sp.","no"
"MN034118","MN034118",2587224,"Mitovirus sp.","no"
"MN034115","MN034115",2587224,"Mitovirus sp.","no"
"MN034109","MN034109",2587224,"Mitovirus sp.","no"
"MN034103","MN034103",2587224,"Mitovirus sp.","no"
"MN034100","MN034100",2587224,"Mitovirus sp.","no"
"MN034099","MN034099",2587224,"Mitovirus sp.","no"
"MN034094","MN034094",2587224,"Mitovirus sp.","no"
"MN034091","MN034091",2587224,"Mitovirus sp.","no"
"MN034071","MN034071",2587224,"Mitovirus sp.","no"
"MN034065","MN034065",2587224,"Mitovirus sp.","no"
"MN034056","MN034056",2587224,"Mitovirus sp.","no"
"MN034051","MN034051",2587224,"Mitovirus sp.","no"
"MN034041","MN034041",2587224,"Mitovirus sp.","no"
"MN034035","MN034035",2587224,"Mitovirus sp.","no"
"MN034027","MN034027",2587224,"Mitovirus sp.","no"
"MN034026","MN034026",2587224,"Mitovirus sp.","no"
"MN034019","MN034019",2587224,"Mitovirus sp.","no"
"MN034012","MN034012",2587224,"Mitovirus sp.","no"
"MN034001","MN034001",2587224,"Mitovirus sp.","no"
"MN033997","MN033997",2587224,"Mitovirus sp.","no"
"MN033977","MN033977",2587224,"Mitovirus sp.","no"
"MN033976","MN033976",2587224,"Mitovirus sp.","no"
"MN033974","MN033974",2587224,"Mitovirus sp.","no"
"MN033973","MN033973",2587224,"Mitovirus sp.","no"
"MN033970","MN033970",2587224,"Mitovirus sp.","no"
"MN033958","MN033958",2587224,"Mitovirus sp.","no"
"MN033954","MN033954",2587224,"Mitovirus sp.","no"
"MN033953","MN033953",2587224,"Mitovirus sp.","no"
"MN033952","MN033952",2587224,"Mitovirus sp.","no"
"MN033945","MN033945",2587224,"Mitovirus sp.","no"
"MN033937","MN033937",2587224,"Mitovirus sp.","no"
"MN033936","MN033936",2587224,"Mitovirus sp.","no"
"MN033934","MN033934",2587224,"Mitovirus sp.","no"
"MN033933","MN033933",2587224,"Mitovirus sp.","no"
"MN033932","MN033932",2587224,"Mitovirus sp.","no"
"MN033926","MN033926",2587224,"Mitovirus sp.","no"
"MN033923","MN033923",2587224,"Mitovirus sp.","no"
"MN033913","MN033913",2587224,"Mitovirus sp.","no"
"MN033910","MN033910",2587224,"Mitovirus sp.","no"
"MN033908","MN033908",2587224,"Mitovirus sp.","no"
"MN033902","MN033902",2587224,"Mitovirus sp.","no"
"MN033901","MN033901",2587224,"Mitovirus sp.","no"
"MN033896","MN033896",2587224,"Mitovirus sp.","no"
"MN033877","MN033877",2587224,"Mitovirus sp.","no"
"MN033865","MN033865",2587224,"Mitovirus sp.","no"
"MN033859","MN033859",2587224,"Mitovirus sp.","no"
"MN033853","MN033853",2587224,"Mitovirus sp.","no"
"MN033850","MN033850",2587224,"Mitovirus sp.","no"
"MN033848","MN033848",2587224,"Mitovirus sp.","no"
"MN033841","MN033841",2587224,"Mitovirus sp.","no"
"MN033829","MN033829",2587224,"Mitovirus sp.","no"
"MN033828","MN033828",2587224,"Mitovirus sp.","no"
"MN033789","MN033789",2587224,"Mitovirus sp.","no"
"MN033787","MN033787",2587224,"Mitovirus sp.","no"
"MN033781","MN033781",2587224,"Mitovirus sp.","no"
"MN033767","MN033767",2587224,"Mitovirus sp.","no"
"MN033763","MN033763",2587224,"Mitovirus sp.","no"
"MN033762","MN033762",2587224,"Mitovirus sp.","no"
"MN033758","MN033758",2587224,"Mitovirus sp.","no"
"MN033757","MN033757",2587224,"Mitovirus sp.","no"
"MN033748","MN033748",2587224,"Mitovirus sp.","no"
"MN033745","MN033745",2587224,"Mitovirus sp.","no"
"MN033739","MN033739",2587224,"Mitovirus sp.","no"
"MN033730","MN033730",2587224,"Mitovirus sp.","no"
"MN033718","MN033718",2587224,"Mitovirus sp.","no"
"MN033710","MN033710",2587224,"Mitovirus sp.","no"
"MN033708","MN033708",2587224,"Mitovirus sp.","no"
"MN033707","MN033707",2587224,"Mitovirus sp.","no"
"MN033702","MN033702",2587224,"Mitovirus sp.","no"
"MN033698","MN033698",2587224,"Mitovirus sp.","no"
"MN033690","MN033690",2587224,"Mitovirus sp.","no"
"MN033678","MN033678",2587224,"Mitovirus sp.","no"
"MN033673","MN033673",2587224,"Mitovirus sp.","no"
"MN033671","MN033671",2587224,"Mitovirus sp.","no"
"MN033663","MN033663",2587224,"Mitovirus sp.","no"
"MN033655","MN033655",2587224,"Mitovirus sp.","no"
"MN033645","MN033645",2587224,"Mitovirus sp.","no"
"MN033641","MN033641",2587224,"Mitovirus sp.","no"
"MN033633","MN033633",2587224,"Mitovirus sp.","no"
"MN033628","MN033628",2587224,"Mitovirus sp.","no"
"MN033626","MN033626",2587224,"Mitovirus sp.","no"
"MN033623","MN033623",2587224,"Mitovirus sp.","no"
"MN033617","MN033617",2587224,"Mitovirus sp.","no"
"MN033611","MN033611",2587224,"Mitovirus sp.","no"
"MN033605","MN033605",2587224,"Mitovirus sp.","no"
"MN033601","MN033601",2587224,"Mitovirus sp.","no"
"MN033600","MN033600",2587224,"Mitovirus sp.","no"
"MN033596","MN033596",2587224,"Mitovirus sp.","no"
"MN033590","MN033590",2587224,"Mitovirus sp.","no"
"MN033587","MN033587",2587224,"Mitovirus sp.","no"
"MN033579","MN033579",2587224,"Mitovirus sp.","no"
"MN033569","MN033569",2587224,"Mitovirus sp.","no"
"MN033564","MN033564",2587224,"Mitovirus sp.","no"
"MN033561","MN033561",2587224,"Mitovirus sp.","no"
"MN033556","MN033556",2587224,"Mitovirus sp.","no"
"MN033555","MN033555",2587224,"Mitovirus sp.","no"
"MN033553","MN033553",2587224,"Mitovirus sp.","no"
"MN033550","MN033550",2587224,"Mitovirus sp.","no"
"MN033549","MN033549",2587224,"Mitovirus sp.","no"
"MN033537","MN033537",2587224,"Mitovirus sp.","no"
"MN033531","MN033531",2587224,"Mitovirus sp.","no"
"MN033526","MN033526",2587224,"Mitovirus sp.","no"
"MN033519","MN033519",2587224,"Mitovirus sp.","no"
"MN033516","MN033516",2587224,"Mitovirus sp.","no"
"MN033507","MN033507",2587224,"Mitovirus sp.","no"
"MN033505","MN033505",2587224,"Mitovirus sp.","no"
"MN033499","MN033499",2587224,"Mitovirus sp.","no"
"MN033484","MN033484",2587224,"Mitovirus sp.","no"
"MN033478","MN033478",2587224,"Mitovirus sp.","no"
"MN033477","MN033477",2587224,"Mitovirus sp.","no"
"MN033473","MN033473",2587224,"Mitovirus sp.","no"
"MN033469","MN033469",2587224,"Mitovirus sp.","no"
"MN033468","MN033468",2587224,"Mitovirus sp.","no"
"MN033462","MN033462",2587224,"Mitovirus sp.","no"
"MN033457","MN033457",2587224,"Mitovirus sp.","no"
"MN033456","MN033456",2587224,"Mitovirus sp.","no"
"MN033438","MN033438",2587224,"Mitovirus sp.","no"
"MN033437","MN033437",2587224,"Mitovirus sp.","no"
"MN033435","MN033435",2587224,"Mitovirus sp.","no"
"MN033434","MN033434",2587224,"Mitovirus sp.","no"
"MN033431","MN033431",2587224,"Mitovirus sp.","no"
"MN033428","MN033428",2587224,"Mitovirus sp.","no"
"MN033427","MN033427",2587224,"Mitovirus sp.","no"
"MN033425","MN033425",2587224,"Mitovirus sp.","no"
"MN033424","MN033424",2587224,"Mitovirus sp.","no"
"MN033422","MN033422",2587224,"Mitovirus sp.","no"
"MN033417","MN033417",2587224,"Mitovirus sp.","no"
"MN033415","MN033415",2587224,"Mitovirus sp.","no"
"MN033409","MN033409",2587224,"Mitovirus sp.","no"
"MN033407","MN033407",2587224,"Mitovirus sp.","no"
"MN033402","MN033402",2587224,"Mitovirus sp.","no"
"MN033397","MN033397",2587224,"Mitovirus sp.","no"
"MN033392","MN033392",2587224,"Mitovirus sp.","no"
"MN033386","MN033386",2587224,"Mitovirus sp.","no"
"MN033380","MN033380",2587224,"Mitovirus sp.","no"
"MN033372","MN033372",2587224,"Mitovirus sp.","no"
"MN033357","MN033357",2587224,"Mitovirus sp.","no"
"MN033356","MN033356",2587224,"Mitovirus sp.","no"
"MN033334","MN033334",2587224,"Mitovirus sp.","no"
"MN033322","MN033322",2587224,"Mitovirus sp.","no"
"MN033319","MN033319",2587224,"Mitovirus sp.","no"
"MN033312","MN033312",2587224,"Mitovirus sp.","no"
"MN033309","MN033309",2587224,"Mitovirus sp.","no"
"MN033299","MN033299",2587224,"Mitovirus sp.","no"
"MN033295","MN033295",2587224,"Mitovirus sp.","no"
"MN033293","MN033293",2587224,"Mitovirus sp.","no"
"MN033292","MN033292",2587224,"Mitovirus sp.","no"
"MN033290","MN033290",2587224,"Mitovirus sp.","no"
"MN033288","MN033288",2587224,"Mitovirus sp.","no"
"MN033281","MN033281",2587224,"Mitovirus sp.","no"
"MN033279","MN033279",2587224,"Mitovirus sp.","no"
"MN033278","MN033278",2587224,"Mitovirus sp.","no"
"MN033271","MN033271",2587224,"Mitovirus sp.","no"
"MN033266","MN033266",2587224,"Mitovirus sp.","no"
"MN033265","MN033265",2587224,"Mitovirus sp.","no"
"MN033258","MN033258",2587224,"Mitovirus sp.","no"
"MN033256","MN033256",2587224,"Mitovirus sp.","no"
"MN033255","MN033255",2587224,"Mitovirus sp.","no"
"MN033254","MN033254",2587224,"Mitovirus sp.","no"
"MN033252","MN033252",2587224,"Mitovirus sp.","no"
"MN033240","MN033240",2587224,"Mitovirus sp.","no"
"MN033236","MN033236",2587224,"Mitovirus sp.","no"
"MN033234","MN033234",2587224,"Mitovirus sp.","no"
"MN033228","MN033228",2587224,"Mitovirus sp.","no"
"MN033223","MN033223",2587224,"Mitovirus sp.","no"
"MN033221","MN033221",2587224,"Mitovirus sp.","no"
"MN033203","MN033203",2587224,"Mitovirus sp.","no"
"MN033193","MN033193",2587224,"Mitovirus sp.","no"
"MN033192","MN033192",2587224,"Mitovirus sp.","no"
"MN033191","MN033191",2587224,"Mitovirus sp.","no"
"MN033190","MN033190",2587224,"Mitovirus sp.","no"
"MN033188","MN033188",2587224,"Mitovirus sp.","no"
"MN033182","MN033182",2587224,"Mitovirus sp.","no"
"MN033181","MN033181",2587224,"Mitovirus sp.","no"
"MN033170","MN033170",2587224,"Mitovirus sp.","no"
"MN033162","MN033162",2587224,"Mitovirus sp.","no"
"MN033160","MN033160",2587224,"Mitovirus sp.","no"
"MN033159","MN033159",2587224,"Mitovirus sp.","no"
"MN033149","MN033149",2587224,"Mitovirus sp.","no"
"MN033145","MN033145",2587224,"Mitovirus sp.","no"
"MN033126","MN033126",2587224,"Mitovirus sp.","no"
"MN033111","MN033111",2587224,"Mitovirus sp.","no"
"MN033110","MN033110",2587224,"Mitovirus sp.","no"
"MN033104","MN033104",2587224,"Mitovirus sp.","no"
"MN033088","MN033088",2587224,"Mitovirus sp.","no"
"MN033087","MN033087",2587224,"Mitovirus sp.","no"
"MN033086","MN033086",2587224,"Mitovirus sp.","no"
"MN033083","MN033083",2587224,"Mitovirus sp.","no"
"MN033076","MN033076",2587224,"Mitovirus sp.","no"
"MN033067","MN033067",2587224,"Mitovirus sp.","no"
"MN033060","MN033060",2587224,"Mitovirus sp.","no"
"MN033054","MN033054",2587224,"Mitovirus sp.","no"
"MN033050","MN033050",2587224,"Mitovirus sp.","no"
"MN033039","MN033039",2587224,"Mitovirus sp.","no"
"MN033038","MN033038",2587224,"Mitovirus sp.","no"
"MN033032","MN033032",2587224,"Mitovirus sp.","no"
"MN033031","MN033031",2587224,"Mitovirus sp.","no"
"MN033023","MN033023",2587224,"Mitovirus sp.","no"
"MN033021","MN033021",2587224,"Mitovirus sp.","no"
"MN033010","MN033010",2587224,"Mitovirus sp.","no"
"MN033009","MN033009",2587224,"Mitovirus sp.","no"
"MN033008","MN033008",2587224,"Mitovirus sp.","no"
"MN033007","MN033007",2587224,"Mitovirus sp.","no"
"MN033006","MN033006",2587224,"Mitovirus sp.","no"
"MN033004","MN033004",2587224,"Mitovirus sp.","no"
"MN033000","MN033000",2587224,"Mitovirus sp.","no"
"MN032993","MN032993",2587224,"Mitovirus sp.","no"
"MN032976","MN032976",2587224,"Mitovirus sp.","no"
"MN032974","MN032974",2587224,"Mitovirus sp.","no"
"MN032969","MN032969",2587224,"Mitovirus sp.","no"
"MN032965","MN032965",2587224,"Mitovirus sp.","no"
"MN032954","MN032954",2587224,"Mitovirus sp.","no"
"MN032953","MN032953",2587224,"Mitovirus sp.","no"
"MN032952","MN032952",2587224,"Mitovirus sp.","no"
"MN032942","MN032942",2587224,"Mitovirus sp.","no"
"MN032940","MN032940",2587224,"Mitovirus sp.","no"
"MN032935","MN032935",2587224,"Mitovirus sp.","no"
"MN032932","MN032932",2587224,"Mitovirus sp.","no"
"MN032926","MN032926",2587224,"Mitovirus sp.","no"
"MN032911","MN032911",2587224,"Mitovirus sp.","no"
"MN032910","MN032910",2587224,"Mitovirus sp.","no"
"MN032909","MN032909",2587224,"Mitovirus sp.","no"
"MN032906","MN032906",2587224,"Mitovirus sp.","no"
"MN032902","MN032902",2587224,"Mitovirus sp.","no"
"MN032897","MN032897",2587224,"Mitovirus sp.","no"
"MN032891","MN032891",2587224,"Mitovirus sp.","no"
"MN032888","MN032888",2587224,"Mitovirus sp.","no"
"MN032875","MN032875",2587224,"Mitovirus sp.","no"
"MN032873","MN032873",2587224,"Mitovirus sp.","no"
"MN032860","MN032860",2587224,"Mitovirus sp.","no"
"MN032858","MN032858",2587224,"Mitovirus sp.","no"
"MN032851","MN032851",2587224,"Mitovirus sp.","no"
"MN032836","MN032836",2587224,"Mitovirus sp.","no"
"MN032834","MN032834",2587224,"Mitovirus sp.","no"
"MN032831","MN032831",2587224,"Mitovirus sp.","no"
"MN032820","MN032820",2587224,"Mitovirus sp.","no"
"MN032812","MN032812",2587224,"Mitovirus sp.","no"
"MN032806","MN032806",2587224,"Mitovirus sp.","no"
"MN032802","MN032802",2587224,"Mitovirus sp.","no"
"MN032800","MN032800",2587224,"Mitovirus sp.","no"
"MN032798","MN032798",2587224,"Mitovirus sp.","no"
"MN032794","MN032794",2587224,"Mitovirus sp.","no"
"MN032788","MN032788",2587224,"Mitovirus sp.","no"
"MN032787","MN032787",2587224,"Mitovirus sp.","no"
"MN032783","MN032783",2587224,"Mitovirus sp.","no"
"MN032763","MN032763",2587224,"Mitovirus sp.","no"
"MN032759","MN032759",2587224,"Mitovirus sp.","no"
"MN032746","MN032746",2587224,"Mitovirus sp.","no"
"MN032745","MN032745",2587224,"Mitovirus sp.","no"
"MN032738","MN032738",2587224,"Mitovirus sp.","no"
"MN032736","MN032736",2587224,"Mitovirus sp.","no"
"MN032734","MN032734",2587224,"Mitovirus sp.","no"
"MN032732","MN032732",2587224,"Mitovirus sp.","no"
"MN032726","MN032726",2587224,"Mitovirus sp.","no"
"MN032709","MN032709",2587224,"Mitovirus sp.","no"
"MN032707","MN032707",2587224,"Mitovirus sp.","no"
"MN032705","MN032705",2587224,"Mitovirus sp.","no"
"MN032703","MN032703",2587224,"Mitovirus sp.","no"
"MN032700","MN032700",2587224,"Mitovirus sp.","no"
"MN032699","MN032699",2587224,"Mitovirus sp.","no"
"MN032693","MN032693",2587224,"Mitovirus sp.","no"
"MN032682","MN032682",2587224,"Mitovirus sp.","no"
"MN032676","MN032676",2587224,"Mitovirus sp.","no"
"MK584831","MK584831",2587538,"Neofusicoccum parvum mitovirus 1","no"
"MK584830","MK584830",2587537,"Fomitiporia mediterranea mitovirus 1","no"
"MK584829","MK584829",2587539,"Alternaria alternata mitovirus 1","no"
"MK584828","MK584828",2587536,"Epicoccum nigrum mitovirus 1","no"
"MK682534","MK682534",2557980,"Entomophthora muscae mitovirus 7","no"
"MK682533","MK682533",2557979,"Entomophthora muscae mitovirus 6","no"
"MK682532","MK682532",2557978,"Entomophthora muscae mitovirus 5","no"
"MK682531","MK682531",2557977,"Entomophthora muscae mitovirus 4","no"
"MK682530","MK682530",2557976,"Entomophthora muscae mitovirus 3","no"
"MK682529","MK682529",2557975,"Entomophthora muscae mitovirus 2","no"
"MK682528","MK682528",2557974,"Entomophthora muscae mitovirus 1","no"
"MK682527","MK682527",2557976,"Entomophthora muscae mitovirus 3","no"
"MK682526","MK682526",2557980,"Entomophthora muscae mitovirus 7","no"
"MK682525","MK682525",2557979,"Entomophthora muscae mitovirus 6","no"
"MK682524","MK682524",2557978,"Entomophthora muscae mitovirus 5","no"
"MK682523","MK682523",2557977,"Entomophthora muscae mitovirus 4","no"
"MK682522","MK682522",2557976,"Entomophthora muscae mitovirus 3","no"
"MK682521","MK682521",2557975,"Entomophthora muscae mitovirus 2","no"
"MK682520","MK682520",2557974,"Entomophthora muscae mitovirus 1","no"
"MK682519","MK682519",2557980,"Entomophthora muscae mitovirus 7","no"
"MK682518","MK682518",2557979,"Entomophthora muscae mitovirus 6","no"
"MK682517","MK682517",2557978,"Entomophthora muscae mitovirus 5","no"
"MK682516","MK682516",2557977,"Entomophthora muscae mitovirus 4","no"
"MK682515","MK682515",2557976,"Entomophthora muscae mitovirus 3","no"
"MK682514","MK682514",2557975,"Entomophthora muscae mitovirus 2","no"
"MK682513","MK682513",2557974,"Entomophthora muscae mitovirus 1","no"
"BK010716","BK010716",2080450,"Beta vulgaris mitovirus 1","no"
"BK010715","BK010715",2080450,"Beta vulgaris mitovirus 1","no"
"BK010714","BK010714",2080450,"Beta vulgaris mitovirus 1","no"
"BK010712","BK010712",2080450,"Beta vulgaris mitovirus 1","no"
"BK010711","BK010711",2080450,"Beta vulgaris mitovirus 1","no"
"BK010717","BK010717",2080450,"Beta vulgaris mitovirus 1","no"
"BK010713","BK010713",2080450,"Beta vulgaris mitovirus 1","no"
"BK010710","BK010710",2080450,"Beta vulgaris mitovirus 1","no"
"BK010709","BK010709",2080450,"Beta vulgaris mitovirus 1","no"
"BK010708","BK010708",2080450,"Beta vulgaris mitovirus 1","no"
"MK423955","MK423955",2080450,"Beta vulgaris mitovirus 1","no"
"MK423954","MK423954",2080450,"Beta vulgaris mitovirus 1","no"
"MK423953","MK423953",2080450,"Beta vulgaris mitovirus 1","no"
"MK423952","MK423952",2080450,"Beta vulgaris mitovirus 1","no"
"MK423951","MK423951",2080450,"Beta vulgaris mitovirus 1","no"
"MK423950","MK423950",2080450,"Beta vulgaris mitovirus 1","no"
"MK423949","MK423949",2080450,"Beta vulgaris mitovirus 1","no"
"MK423948","MK423948",2080450,"Beta vulgaris mitovirus 1","no"
"MK423947","MK423947",2080450,"Beta vulgaris mitovirus 1","no"
"MK423946","MK423946",2080450,"Beta vulgaris mitovirus 1","no"
"MK423945","MK423945",2080450,"Beta vulgaris mitovirus 1","no"
"MK423944","MK423944",2080450,"Beta vulgaris mitovirus 1","no"
"MK423943","MK423943",2080450,"Beta vulgaris mitovirus 1","no"
"MK423942","MK423942",2080450,"Beta vulgaris mitovirus 1","no"
"BK010424","BK010424",2080450,"Beta vulgaris mitovirus 1","no"
"MG721540","MG721540",2080450,"Beta vulgaris mitovirus 1","no"
"BK010442","BK010442",2080450,"Beta vulgaris mitovirus 1","no"
"BK010439","BK010439",2080450,"Beta vulgaris mitovirus 1","no"
"BK010440","BK010440",2080450,"Beta vulgaris mitovirus 1","no"
"BK010441","BK010441",2080450,"Beta vulgaris mitovirus 1","no"
"BK010437","BK010437",2080458,"Cannabis sativa mitovirus 1","no"
"BK010430","BK010430",2080460,"Erigeron breviscapus mitovirus 1","no"
"BK010429","BK010429",2080459,"Dahlia pinnata mitovirus 1","no"
"BK010427","BK010427",2080462,"Oxybasis rubra mitovirus 1","no"
"BK010425","BK010425",2080464,"Solanum chacoense mitovirus 1","no"
"BK010435","BK010435",2080459,"Dahlia pinnata mitovirus 1","no"
"BK010433","BK010433",2080460,"Erigeron breviscapus mitovirus 1","no"
"BK010432","BK010432",2080463,"Petunia exserta mitovirus 1","no"
"BK010431","BK010431",2080461,"Humulus lupulus mitovirus 1","no"
"BK010438","BK010438",2080458,"Cannabis sativa mitovirus 1","no"
"BK010436","BK010436",2080458,"Cannabis sativa mitovirus 1","no"
"BK010434","BK010434",2080460,"Erigeron breviscapus mitovirus 1","no"
"BK010428","BK010428",2080458,"Cannabis sativa mitovirus 1","no"
"BK010426","BK010426",2080463,"Petunia exserta mitovirus 1","no"
"BK010423","BK010423",2080457,"Azolla filiculoides mitovirus 1","no"
"BK010422","BK010422",2080456,"Ambrosia artemisiifolia mitovirus 1","no"
"MK033478","MK033478",2501658,"Puccinia striiformis mitovirus 1","no"
"MH823902","MH823902",2497445,"Nigrospora oryzae mitovirus 2","no"
"MH823901","MH823901",2497444,"Nigrospora oryzae mitovirus 1","no"
"MK156100","MK156100",2487745,"Rhizophagus diaphanum mitovirus 4","no"
"MK156099","MK156099",2487744,"Rhizophagus diaphanum mitovirus 3","no"
"MK079884","MK079884",1564031,"Hymenoscyphus fraxineus mitovirus 1","no"
"MK079883","MK079883",1564031,"Hymenoscyphus fraxineus mitovirus 1","no"
"MK079882","MK079882",1564031,"Hymenoscyphus fraxineus mitovirus 1","no"
"MK079881","MK079881",1564031,"Hymenoscyphus fraxineus mitovirus 1","no"
"MK079880","MK079880",1564031,"Hymenoscyphus fraxineus mitovirus 1","no"
"MK079879","MK079879",1564031,"Hymenoscyphus fraxineus mitovirus 1","no"
"MK079878","MK079878",1564031,"Hymenoscyphus fraxineus mitovirus 1","no"
"MK079877","MK079877",1564031,"Hymenoscyphus fraxineus mitovirus 1","no"
"MK079876","MK079876",1564031,"Hymenoscyphus fraxineus mitovirus 1","no"
"MK079875","MK079875",1564031,"Hymenoscyphus fraxineus mitovirus 1","no"
"MK079874","MK079874",1564031,"Hymenoscyphus fraxineus mitovirus 1","no"
"MK079873","MK079873",1564031,"Hymenoscyphus fraxineus mitovirus 1","no"
"MK079872","MK079872",1564031,"Hymenoscyphus fraxineus mitovirus 1","no"
"MK079871","MK079871",1564031,"Hymenoscyphus fraxineus mitovirus 1","no"
"MK079870","MK079870",1564031,"Hymenoscyphus fraxineus mitovirus 1","no"
"MK079869","MK079869",1564031,"Hymenoscyphus fraxineus mitovirus 1","no"
"MK079868","MK079868",1564031,"Hymenoscyphus fraxineus mitovirus 1","no"
"MK079867","MK079867",1564031,"Hymenoscyphus fraxineus mitovirus 1","no"
"MK079866","MK079866",1564031,"Hymenoscyphus fraxineus mitovirus 1","no"
"MK079865","MK079865",1564031,"Hymenoscyphus fraxineus mitovirus 1","no"
"MK079864","MK079864",1564031,"Hymenoscyphus fraxineus mitovirus 1","no"
"MK079863","MK079863",1564031,"Hymenoscyphus fraxineus mitovirus 1","no"
"MK079862","MK079862",1564031,"Hymenoscyphus fraxineus mitovirus 1","no"
"MK079861","MK079861",1564031,"Hymenoscyphus fraxineus mitovirus 1","no"
"MK079860","MK079860",1564031,"Hymenoscyphus fraxineus mitovirus 1","no"
"MK079859","MK079859",1564031,"Hymenoscyphus fraxineus mitovirus 1","no"
"MK079858","MK079858",1564031,"Hymenoscyphus fraxineus mitovirus 1","no"
"MK079857","MK079857",1564031,"Hymenoscyphus fraxineus mitovirus 1","no"
"MK079856","MK079856",1564031,"Hymenoscyphus fraxineus mitovirus 1","no"
"MK079855","MK079855",1564031,"Hymenoscyphus fraxineus mitovirus 1","no"
"MK079854","MK079854",1564031,"Hymenoscyphus fraxineus mitovirus 1","no"
"MK079853","MK079853",1564031,"Hymenoscyphus fraxineus mitovirus 1","no"
"MK079852","MK079852",1564031,"Hymenoscyphus fraxineus mitovirus 1","no"
"MK079851","MK079851",1564031,"Hymenoscyphus fraxineus mitovirus 1","no"
"MK079850","MK079850",1564031,"Hymenoscyphus fraxineus mitovirus 1","no"
"MK079849","MK079849",1564031,"Hymenoscyphus fraxineus mitovirus 1","no"
"MK079848","MK079848",1564031,"Hymenoscyphus fraxineus mitovirus 1","no"
"MK079847","MK079847",1564031,"Hymenoscyphus fraxineus mitovirus 1","no"
"LC425114","LC425114",2364128,"Fusarium boothii mitovirus 1","no"
"LC425113","LC425113",2364128,"Fusarium boothii mitovirus 1","no"
"LC425112","LC425112",2364128,"Fusarium boothii mitovirus 1","no"
"MG604236","MG604236",2421278,"Rhizoctonia mitovirus 1","no"
"MH732932","MH732932",2340910,"Rhizophagus irregularis mitovirus 2","no"
"MF196914","MF196914",2020287,"Ocimum basilicum RNA virus 2","no"
"MH732933","MH732933",2320186,"Rhizophagus irregularis mitovirus 1","no"
"MH732931","MH732931",2320183,"Rhizophagus diaphanum mitovirus 1","no"
"MH047856","MH047856",1435446,"Sclerotinia sclerotiorum mitovirus 6","no"
"MH192988","MH192988",2250451,"Aspergillus fumigatus mitovirus 1","no"
"MF444263","MF444263",2231685,"Sclerotinia sclerotiorum mitovirus 33","no"
"MF444262","MF444262",2231684,"Sclerotinia sclerotiorum mitovirus 32","no"
"MF444260","MF444260",2231682,"Sclerotinia sclerotiorum mitovirus 30","no"
"MF444259","MF444259",2231681,"Sclerotinia sclerotiorum mitovirus 29","no"
"MF444258","MF444258",2231680,"Sclerotinia sclerotiorum mitovirus 28","no"
"MF444257","MF444257",2231679,"Sclerotinia sclerotiorum mitovirus 27","no"
"MF444249","MF444249",2231672,"Sclerotinia sclerotiorum mitovirus 14-A","no"
"MF444244","MF444244",2231694,"Sclerotinia sclerotiorum mitovirus 9-A","no"
"MF444242","MF444242",2231692,"Sclerotinia sclerotiorum mitovirus 7-A2","no"
"MF444241","MF444241",2231691,"Sclerotinia sclerotiorum mitovirus 7-A","no"
"MF444240","MF444240",2231690,"Sclerotinia sclerotiorum mitovirus 6-A2","no"
"MF444239","MF444239",2231689,"Sclerotinia sclerotiorum mitovirus 6-A","no"
"MF444237","MF444237",2231687,"Sclerotinia sclerotiorum mitovirus 4-A","no"
"MF444236","MF444236",2231675,"Sclerotinia sclerotiorum mitovirus 2-A","no"
"MF444235","MF444235",2231666,"Sclerotinia sclerotiorum mitovirus 1 HC025-A","no"
"MF444234","MF444234",2231668,"Sclerotinia sclerotiorum mitovirus 1-A2","no"
"MF444233","MF444233",2231667,"Sclerotinia sclerotiorum mitovirus 1-A","no"
"LC150567","LC150567",1848153,"Fusarium poae mitovirus 4","no"
"LC150566","LC150566",1848152,"Fusarium poae mitovirus 3","no"
"LC150565","LC150565",1848151,"Fusarium poae mitovirus 2","no"
"LC150564","LC150564",1848150,"Fusarium poae mitovirus 1","no"
"MF375475","MF375475",2185087,"Chenopodium quinoa mitovirus 1","no"
"MG659316","MG659316",2163916,"Leptosphaeria biglobosa mitovirus 1","no"
"MG256176","MG256176",2082668,"Gigaspora margarita mitovirus 4","no"
"MG256175","MG256175",2082667,"Gigaspora margarita mitovirus 3","no"
"MG256174","MG256174",2082666,"Gigaspora margarita mitovirus 2","no"
"MG256173","MG256173",2082665,"Gigaspora margarita mitovirus 1","no"
"KY420040","KY420040",2052563,"Erysiphe necator mitovirus 3","no"
"KY420039","KY420039",2052562,"Erysiphe necator mitovirus 2","no"
"KY420038","KY420038",2052561,"Erysiphe necator mitovirus 1","no"
"LN827949","LN827949",1279099,"Sclerotinia sclerotiorum mitovirus 3","no"
"LN827947","LN827947",1629667,"Botrytis cinerea mitovirus 4","no"
"LN827946","LN827946",1629666,"Botrytis cinerea mitovirus 3","no"
"LN827945","LN827945",1629665,"Botrytis cinerea mitovirus 2","no"
"LN827944","LN827944",444193,"Botrytis cinerea mitovirus 1","no"
"LN827942","LN827942",1629666,"Botrytis cinerea mitovirus 3","no"
"LN827941","LN827941",1629665,"Botrytis cinerea mitovirus 2","no"
"LN827940","LN827940",444193,"Botrytis cinerea mitovirus 1","no"
"KU291923","KU291923",1964428,"Ceratobasidium mitovirus A","no"
"KY357500","KY357500",1945739,"Agaricus bisporus mitovirus 1","no"
"LC145036","LC145036",1826822,"Alternaria arborescens mitovirus 1","no"
"AY328480","AY328480",249056,"Cryphonectria cubensis mitovirus 2b","no"
"KT921183","KT921183",1816488,"Cronartium ribicola mitovirus 5","no"
"KT921182","KT921182",1816487,"Cronartium ribicola mitovirus 4","no"
"KT921181","KT921181",1816486,"Cronartium ribicola mitovirus 3","no"
"KT921180","KT921180",1816485,"Cronartium ribicola mitovirus 2","no"
"KT921179","KT921179",1816484,"Cronartium ribicola mitovirus 1","no"
"KT365896","KT365896",1859166,"Sclerotinia nivalis mitovirus 2","no"
"KT365895","KT365895",1859165,"Sclerotinia nivalis mitovirus 1","no"
"KT962974","KT962974",1279100,"Sclerotinia sclerotiorum mitovirus 4","no"
"KT598240","KT598240",1719043,"Soybean leaf-associated mitovirus 3","no"
"KT598239","KT598239",1719042,"Soybean leaf-associated mitovirus 2","no"
"KT598238","KT598238",1719041,"Soybean leaf-associated mitovirus 1","no"
"KT598237","KT598237",1719045,"Soybean leaf-associated mitovirus 5","no"
"KP900925","KP900925",1708327,"Sclerotinia sclerotiorum mitovirus 18","no"
"KP900924","KP900924",1708326,"Sclerotinia sclerotiorum mitovirus 17","no"
"KP900918","KP900918",1708344,"Rhizoctonia solani mitovirus 9","no"
"KP900917","KP900917",1708343,"Rhizoctonia solani mitovirus 8","no"
"KP900916","KP900916",1708342,"Rhizoctonia solani mitovirus 7","no"
"KP900915","KP900915",1708341,"Rhizoctonia solani mitovirus 6","no"
"KP900914","KP900914",1708340,"Rhizoctonia solani mitovirus 5","no"
"KP900913","KP900913",1708339,"Rhizoctonia solani mitovirus 4","no"
"KP900912","KP900912",1708338,"Rhizoctonia solani mitovirus 3","no"
"KP900911","KP900911",1708337,"Rhizoctonia solani mitovirus 2","no"
"KP900910","KP900910",1708336,"Rhizoctonia solani mitovirus 15","no"
"KP900909","KP900909",1708335,"Rhizoctonia solani mitovirus 14","no"
"KP900908","KP900908",1708334,"Rhizoctonia solani mitovirus 13","no"
"KP900907","KP900907",1708333,"Rhizoctonia solani mitovirus 12","no"
"KP900906","KP900906",1708332,"Rhizoctonia solani mitovirus 11","no"
"KP900905","KP900905",1708330,"Rhizoctonia solani mitovirus 1","no"
"KP900896","KP900896",1708331,"Rhizoctonia solani mitovirus 10","no"
"KP900895","KP900895",1708348,"Macrophomina phaseolina mitovirus 2","no"
"KP900894","KP900894",1708346,"Macrophomina phaseolina mitovirus 1","no"
"KF913890","KF913890",1435443,"Sclerotinia sclerotiorum mitovirus 15","no"
"KF913889","KF913889",1435442,"Sclerotinia sclerotiorum mitovirus 14","no"
"KF913887","KF913887",1435440,"Sclerotinia sclerotiorum mitovirus 12","no"
"KF913886","KF913886",1435439,"Sclerotinia sclerotiorum mitovirus 11","no"
"KF913884","KF913884",1435449,"Sclerotinia sclerotiorum mitovirus 9","no"
"KF913883","KF913883",1435448,"Sclerotinia sclerotiorum mitovirus 8","no"
"KF913882","KF913882",1435447,"Sclerotinia sclerotiorum mitovirus 7","no"
"KF913881","KF913881",1435446,"Sclerotinia sclerotiorum mitovirus 6","no"
"KF913880","KF913880",1435445,"Sclerotinia sclerotiorum mitovirus 5","no"
"KC601999","KC601999",1435447,"Sclerotinia sclerotiorum mitovirus 7","no"
"KU057949","KU057949",1837089,"Rhizoctonia oryzae-sativae mitovirus 1","no"
"KT809403","KT809403",1564031,"Hymenoscyphus fraxineus mitovirus 1","no"
"LC006129","LC006129",1562380,"Fusarium coeruleum mitovirus 1","no"
"LC006128","LC006128",1562379,"Fusarium globosum mitovirus 1","no"
"KP900927","KP900927",1708329,"Sclerotinia sclerotiorum mitovirus 20","no"
"KP900926","KP900926",1708328,"Sclerotinia sclerotiorum mitovirus 19","no"
"KR005622","KR005622",1712387,"Binucleate Rhizoctonia mitovirus K1","no"
"KP705075","KP705075",1676469,"Alternaria brassicicola mitovirus","no"
"KC792598","KC792598",1461371,"Rhizoctonia mitovirus 1 RS006-2","no"
"KC792591","KC792591",1461368,"Rhizoctonia mitovirus 1 RS002","no"
"KJ463570","KJ463570",1494074,"Sclerotinia sclerotiorum mitovirus 1 HC025","no"
"KJ667052","KJ667052",1564031,"Hymenoscyphus fraxineus mitovirus 1","no"
"KJ667051","KJ667051",1564031,"Hymenoscyphus fraxineus mitovirus 1","no"
"KJ462514","KJ462514",1435447,"Sclerotinia sclerotiorum mitovirus 7","no"
"KJ462513","KJ462513",1435446,"Sclerotinia sclerotiorum mitovirus 6","no"
"KJ462512","KJ462512",1435446,"Sclerotinia sclerotiorum mitovirus 6","no"
"KJ462511","KJ462511",1435445,"Sclerotinia sclerotiorum mitovirus 5","no"
"KJ462510","KJ462510",1435445,"Sclerotinia sclerotiorum mitovirus 5","no"
"KJ462509","KJ462509",1435445,"Sclerotinia sclerotiorum mitovirus 5","no"
"KJ462508","KJ462508",1133728,"Sclerotinia sclerotiorum mitovirus 2","no"
"KM517201","KM517201",1561961,"Rhizoctonia cerealis mitovirus","no"
"KJ920222","KJ920222",1551550,"Leucostoma cinctum mitovirus 2","no"
"KF803548","KF803548",1459668,"Fusarium circinatum mitovirus 2-2","no"
"KF803547","KF803547",1459667,"Fusarium circinatum mitovirus 2-1","no"
"KF803546","KF803546",1452530,"Fusarium circinatum mitovirus 1","no"
"KJ485703","KJ485703",1491780,"Buergenerula spartinae mitovirus 1","no"
"KC602001","KC602001",1435446,"Sclerotinia sclerotiorum mitovirus 6","no"
"KF298281","KF298281",1437189,"Mitovirus AEF-2013","no"
"KF298270","KF298270",1437189,"Mitovirus AEF-2013","no"
"AB558120","AB558120",758866,"Rhizophagus sp. RF1 mitovirus","no"
"AB855794","AB855794",1405093,"Rhizophagus sp. HR1 mitovirus-like ssRNA","no"
"KF031943","KF031943",1387984,"Ophiostoma mitovirus 7","no"
"KF026355","KF026355",1387983,"Ophiostoma mitovirus 1c","no"
"JX401538","JX401538",1279100,"Sclerotinia sclerotiorum mitovirus 4","no"
"JX401537","JX401537",1279099,"Sclerotinia sclerotiorum mitovirus 3","no"
"JX401536","JX401536",1133728,"Sclerotinia sclerotiorum mitovirus 2","no"
"HE586988","HE586988",1084723,"Gremmeniella mitovirus","no"
"JN654496","JN654496",1136061,"Gremmeniella abietina non-host-specific mitochondrial RNA virus S1","no"
"HE717021","HE717021",1162083,"Clitocybe odora virus","no"
"JQ013378","JQ013378",1133728,"Sclerotinia sclerotiorum mitovirus 2","no"
"JQ013377","JQ013377",1133727,"Sclerotinia sclerotiorum mitovirus 1","no"
"JN222389","JN222389",1092459,"Tuber excavatum mitovirus","no"
"HQ992989","HQ992989",1037523,"Tuber aestivum mitovirus","no"
"EF583556","EF583556",463636,"Botrytis cinerea mitovirus 1 S","no"
"EF580100","EF580100",444193,"Botrytis cinerea mitovirus 1","no"
"AY563138","AY563138",274584,"Thielaviopsis basicola mitovirus","no"
"AY172454","AY172454",217362,"Sclerotinia homoeocarpa mitovirus","no"
"AY615209","AY615209",279538,"Gremmeniella abietina mitochondrial RNA virus S2","no"
"AY328481","AY328481",249057,"Cryphonectria cubensis mitovirus 2c","no"
"AY328479","AY328479",249055,"Cryphonectria cubensis mitovirus 2a","no"
"AY328478","AY328478",249054,"Cryphonectria cubensis mitovirus 1c","no"
"AY328477","AY328477",249053,"Cryphonectria cubensis mitovirus 1b","no"
"AY328476","AY328476",249052,"Cryphonectria cubensis mitovirus 1a","no"
"CRPDSRE","CRPDSRE",186769,"Cryphonectria parasitica mitovirus 1-NB631","no"
"DQ173015","DQ173015",274584,"Thielaviopsis basicola mitovirus","no"
"AB110977","AB110977",233046,"Helicobasidium mompa mitovirus 1-18","no"
"AF534641","AF534641",204819,"Gremmeniella mitovirus S1","no"
"AJ004930","AJ004930",198597,"Ophiostoma mitovirus 3a","no"
"AM087550","AM087550",348096,"Ophiostoma mitovirus 3b","no"
"AM087549","AM087549",348095,"Ophiostoma mitovirus 1b","no"
"AM087548","AM087548",348094,"Ophiostoma mitovirus 1a","no"
"AJ132756","AJ132756",88389,"Ophiostoma mitovirus 6","no"
"AJ132755","AJ132755",88388,"Ophiostoma mitovirus 5","no"
"AJ132754","AJ132754",88387,"Ophiostoma mitovirus 4","no"
