{
    "files": {
        "phylo_model": "phylo_model5y_GWS.json", 
        "taxonomy": "taxa.csv", 
        "tree": "RAxML_result.recalc.root.ref.tre", 
        "aln_fasta": "combined_16S.bacteria.tax.clean.align.fasta", 
        "seq_info": "seq_info.updated.csv", 
        "aln_sto": "combined_16S.bacteria.tax.clean.align.sto", 
        "tree_stats": "RAxML_info.recalc.root.ref.tre"
    }, 
    "rollback": null, 
    "log": [
        "Stripped refpkg (removed 0 files)", 
        "Loaded initial files into empty refpkg"
    ], 
    "metadata": {
        "create_date": "2019-06-27 01:27:58", 
        "format_version": "1.1", 
        "locus": "16S_rRNA"
    }, 
    "rollforward": null, 
    "md5": {
        "phylo_model": "89a8cd951beee24990580ed1cdaace0f", 
        "taxonomy": "048511fe5477aee30b51d821f27fe4c9", 
        "tree": "5e16ad9ba3e259b7b74c4e47104ac341", 
        "aln_fasta": "4e8fef6bbb45c89221a01748a4fd83af", 
        "seq_info": "ad8ea5c9a4ccc5cbd219ac7314661e01", 
        "aln_sto": "89fc660e7310c0ce6e908a76968c94c3", 
        "tree_stats": "aeb39de4df739d43678f15ff047a728c"
    }
}
