{
    "files": {
        "phylo_model": "phylo_modelzjOc0x.json", 
        "taxonomy": "enterovirus_taxonomy.csv", 
        "tree": "treerxlyuA.tre", 
        "aln_fasta": "enterovirus_MAFFT.fasta", 
        "seq_info": "enterovirus_info.csv", 
        "tree_stats": "enterovirus.log"
    }, 
    "rollback": {
        "files": {
            "phylo_model": "phylo_modelzjOc0x.json", 
            "taxonomy": "enterovirus_taxonomy.csv", 
            "tree": "enterovirus.tre", 
            "aln_fasta": "enterovirus_MAFFT.fasta", 
            "seq_info": "enterovirus_info.csv", 
            "tree_stats": "enterovirus.log"
        }, 
        "rollback": null, 
        "metadata": {
            "create_date": "2019-11-29 07:23:52", 
            "format_version": "1.1", 
            "locus": "enterovirus"
        }, 
        "md5": {
            "phylo_model": "9ed820c1f04ecae366847ddd2688d674", 
            "taxonomy": "7c947a9201ae18eb5773ac6d8bf8de6c", 
            "tree": "e1b6b6afa5371dd56ec8bfdac8c720a6", 
            "aln_fasta": "9bdf70ecd8448d99b9e78f4288e21f59", 
            "seq_info": "74ab38ed22ccc27e31815819b2b8f82b", 
            "tree_stats": "26c7cf8f7111335de870ffb8e728da68"
        }
    }, 
    "log": [
        "Rerooted", 
        "Stripped refpkg (removed 0 files)", 
        "Loaded initial files into empty refpkg"
    ], 
    "metadata": {
        "create_date": "2019-11-29 07:23:52", 
        "format_version": "1.1", 
        "locus": "enterovirus"
    }, 
    "rollforward": null, 
    "md5": {
        "phylo_model": "9ed820c1f04ecae366847ddd2688d674", 
        "taxonomy": "7c947a9201ae18eb5773ac6d8bf8de6c", 
        "tree": "365097bba26f711681a0f9e6e6a57459", 
        "aln_fasta": "9bdf70ecd8448d99b9e78f4288e21f59", 
        "seq_info": "74ab38ed22ccc27e31815819b2b8f82b", 
        "tree_stats": "26c7cf8f7111335de870ffb8e728da68"
    }
}
