{
    "files": {
        "phylo_model": "phylo_modelyJwJsh.json", 
        "taxonomy": "polerovirus_taxonomy.csv", 
        "tree": "treeG4jY5d.tre", 
        "aln_fasta": "polerovirus_MAFFT.fasta", 
        "seq_info": "polerovirus_info.csv", 
        "tree_stats": "polerovirus.log"
    }, 
    "rollback": {
        "files": {
            "phylo_model": "phylo_modelyJwJsh.json", 
            "taxonomy": "polerovirus_taxonomy.csv", 
            "tree": "polerovirus.tre", 
            "aln_fasta": "polerovirus_MAFFT.fasta", 
            "seq_info": "polerovirus_info.csv", 
            "tree_stats": "polerovirus.log"
        }, 
        "rollback": null, 
        "metadata": {
            "create_date": "2019-11-28 11:26:40", 
            "format_version": "1.1", 
            "locus": "polerovirus"
        }, 
        "md5": {
            "phylo_model": "c7a27462272fc4eaa6bd529ce73218ef", 
            "taxonomy": "68fb2efecaa2a07029c653b796ef16c5", 
            "tree": "a0a468e14dda60bfbeca215e667d20ef", 
            "aln_fasta": "a2b1a8f4f46f5d79bf88af3f80e8e398", 
            "seq_info": "956828aa3bebaf253e7fc5db3bc36ead", 
            "tree_stats": "97b01da496d95fbaf02eaf5340affd43"
        }
    }, 
    "log": [
        "Rerooted", 
        "Stripped refpkg (removed 0 files)", 
        "Loaded initial files into empty refpkg"
    ], 
    "metadata": {
        "create_date": "2019-11-28 11:26:40", 
        "format_version": "1.1", 
        "locus": "polerovirus"
    }, 
    "rollforward": null, 
    "md5": {
        "phylo_model": "c7a27462272fc4eaa6bd529ce73218ef", 
        "taxonomy": "68fb2efecaa2a07029c653b796ef16c5", 
        "tree": "85ff084f47099e856e98abfd31d1eed9", 
        "aln_fasta": "a2b1a8f4f46f5d79bf88af3f80e8e398", 
        "seq_info": "956828aa3bebaf253e7fc5db3bc36ead", 
        "tree_stats": "97b01da496d95fbaf02eaf5340affd43"
    }
}
