"seqname","accession","tax_id","species","is_type"
"LC488188","LC488188",2590571,"Persimmon polerovirus","no"
"LC488187","LC488187",2590571,"Persimmon polerovirus","no"
"HM439608","HM439608",2560636,"Pepper vein yellows virus 2","no"
"LC428365","LC428365",1046403,"Brassica yellows virus","no"
"LC428364","LC428364",1046403,"Brassica yellows virus","no"
"LC428363","LC428363",1046403,"Brassica yellows virus","no"
"LC428362","LC428362",1046403,"Brassica yellows virus","no"
"LC428361","LC428361",1046403,"Brassica yellows virus","no"
"LC428360","LC428360",1046403,"Brassica yellows virus","no"
"LC428359","LC428359",1046403,"Brassica yellows virus","no"
"LC428358","LC428358",1046403,"Brassica yellows virus","no"
"LC428357","LC428357",12042,"Beet western yellows virus","no"
"LC428356","LC428356",12042,"Beet western yellows virus","no"
"LC428355","LC428355",12042,"Beet western yellows virus","no"
"LC428354","LC428354",2480685,"Beet leaf yellowing virus","no"
"LC428353","LC428353",2480685,"Beet leaf yellowing virus","no"
"LC428352","LC428352",2480685,"Beet leaf yellowing virus","no"
"LC428351","LC428351",2480685,"Beet leaf yellowing virus","no"
"MN337276","MN337276",909827,"Pepper vein yellows virus","no"
"LC500836","LC500836",1825924,"Barley virus G","no"
"LC500835","LC500835",1825924,"Barley virus G","no"
"MN071395","MN071395",312295,"Cotton leafroll dwarf virus","no"
"MK613996","MK613996",12045,"Potato leafroll virus","no"
"MK055337","MK055337",91753,"Cucurbit aphid-borne yellows virus","no"
"MK955806","MK955806",1756832,"Phasey bean mild yellows virus","no"
"MK482114","MK482114",2562543,"Siratro latent polerovirus","no"
"MK652150","MK652150",1856642,"Maize yellow mosaic virus","no"
"MK652149","MK652149",1856642,"Maize yellow mosaic virus","no"
"MK652148","MK652148",1856642,"Maize yellow mosaic virus","no"
"MG800833","MG800833",2518373,"Pumpkin polerovirus","no"
"EF529624","EF529624",192203,"Tobacco vein distorting virus","no"
"MK142237","MK142237",1564903,"Strawberry polerovirus 1","no"
"MK012664","MK012664",228582,"Cereal yellow dwarf virus RPS","no"
"LR584027","LR584027",131083,"Turnip yellows virus","no"
"LR584026","LR584026",131083,"Turnip yellows virus","no"
"LR584025","LR584025",131083,"Turnip yellows virus","no"
"LR584024","LR584024",131083,"Turnip yellows virus","no"
"LR584021","LR584021",131083,"Turnip yellows virus","no"
"LR584020","LR584020",131083,"Turnip yellows virus","no"
"LR584019","LR584019",131083,"Turnip yellows virus","no"
"MK333461","MK333461",2575429,"Pepper whitefly borne vein yellow virus","no"
"MH464874","MH464874",2283388,"Faba bean polerovirus 1","no"
"MH464873","MH464873",2283388,"Faba bean polerovirus 1","no"
"LC472499","LC472499",91753,"Cucurbit aphid-borne yellows virus","no"
"MK057527","MK057527",1046403,"Brassica yellows virus","no"
"MH937415","MH937415",12045,"Potato leafroll virus","no"
"MK450520","MK450520",131083,"Turnip yellows virus","no"
"MK450519","MK450519",131083,"Turnip yellows virus","no"
"MK050791","MK050791",2527960,"Zucchini aphid-borne yellows virus","no"
"MK050790","MK050790",1462682,"Luffa aphid-borne yellows virus","no"
"MH978189","MH978189",2491943,"Ullucus polerovirus 1","no"
"MH645154","MH645154",2491943,"Ullucus polerovirus 1","no"
"LC434064","LC434064",66200,"Carrot red leaf virus","no"
"LC434063","LC434063",66200,"Carrot red leaf virus","no"
"LC434062","LC434062",66200,"Carrot red leaf virus","no"
"LC434061","LC434061",66200,"Carrot red leaf virus","no"
"LC424839","LC424839",2420235,"Panicum distortion mosaic virus","no"
"MH058009","MH058009",94290,"Sugarcane yellow leaf virus","no"
"MH058008","MH058008",94290,"Sugarcane yellow leaf virus","no"
"MH058007","MH058007",94290,"Sugarcane yellow leaf virus","no"
"MG356504","MG356504",12045,"Potato leafroll virus","no"
"MG356503","MG356503",12045,"Potato leafroll virus","no"
"MG356502","MG356502",12045,"Potato leafroll virus","no"
"MH271171","MH271171",131082,"Beet chlorosis virus","no"
"MG257903","MG257903",91753,"Cucurbit aphid-borne yellows virus","no"
"MG257902","MG257902",91753,"Cucurbit aphid-borne yellows virus","no"
"MG257901","MG257901",91753,"Cucurbit aphid-borne yellows virus","no"
"MG257900","MG257900",91753,"Cucurbit aphid-borne yellows virus","no"
"MG257899","MG257899",91753,"Cucurbit aphid-borne yellows virus","no"
"MF622079","MF622079",94290,"Sugarcane yellow leaf virus","no"
"MF622078","MF622078",94290,"Sugarcane yellow leaf virus","no"
"MF426270","MF426270",94290,"Sugarcane yellow leaf virus","no"
"MF197925","MF197925",94290,"Sugarcane yellow leaf virus","no"
"MF197924","MF197924",94290,"Sugarcane yellow leaf virus","no"
"MF197923","MF197923",94290,"Sugarcane yellow leaf virus","no"
"MF197922","MF197922",94290,"Sugarcane yellow leaf virus","no"
"MF197921","MF197921",94290,"Sugarcane yellow leaf virus","no"
"MF974579","MF974579",2170101,"Maize yellow dwarf virus RMV","no"
"MF960779","MF960779",1825924,"Barley virus G","no"
"LT559484","LT559484",698400,"Pepper yellows virus","no"
"LT559483","LT559483",698400,"Pepper yellows virus","no"
"MH205607","MH205607",2170101,"Maize yellow dwarf virus RMV","no"
"MF385583","MF385583",1856642,"Maize yellow mosaic virus","no"
"KY378940","KY378940",1856642,"Maize yellow mosaic virus","no"
"MF684369","MF684369",1856642,"Maize yellow mosaic virus","no"
"MF684368","MF684368",1856642,"Maize yellow mosaic virus","no"
"MF684367","MF684367",1856642,"Maize yellow mosaic virus","no"
"MF062487","MF062487",12045,"Potato leafroll virus","no"
"MG664794","MG664794",1856642,"Maize yellow mosaic virus","no"
"MG664793","MG664793",1856642,"Maize yellow mosaic virus","no"
"MG664792","MG664792",1856642,"Maize yellow mosaic virus","no"
"MG664791","MG664791",1856642,"Maize yellow mosaic virus","no"
"MG664790","MG664790",1856642,"Maize yellow mosaic virus","no"
"MG664789","MG664789",1856642,"Maize yellow mosaic virus","no"
"MG664788","MG664788",1856642,"Maize yellow mosaic virus","no"
"MF543021","MF543021",12042,"Beet western yellows virus","no"
"KY940544","KY940544",1856642,"Maize yellow mosaic virus","no"
"KY052793","KY052793",1856642,"Maize yellow mosaic virus","no"
"MG780352","MG780352",91753,"Cucurbit aphid-borne yellows virus","no"
"KY523072","KY523072",1965355,"Pepper vein yellows virus 5","no"
"MF425878","MF425878",1856642,"Maize yellow mosaic virus","no"
"MF425877","MF425877",1856642,"Maize yellow mosaic virus","no"
"MF425876","MF425876",1856642,"Maize yellow mosaic virus","no"
"MF425875","MF425875",1856642,"Maize yellow mosaic virus","no"
"MF425874","MF425874",1856642,"Maize yellow mosaic virus","no"
"MF425871","MF425871",1856642,"Maize yellow mosaic virus","no"
"MF425870","MF425870",1856642,"Maize yellow mosaic virus","no"
"MF425869","MF425869",1856642,"Maize yellow mosaic virus","no"
"MF425867","MF425867",1856642,"Maize yellow mosaic virus","no"
"MF425863","MF425863",1856642,"Maize yellow mosaic virus","no"
"MF425862","MF425862",1856642,"Maize yellow mosaic virus","no"
"MF425861","MF425861",1856642,"Maize yellow mosaic virus","no"
"MF425860","MF425860",1856642,"Maize yellow mosaic virus","no"
"MF425859","MF425859",1856642,"Maize yellow mosaic virus","no"
"HQ388348","HQ388348",1046403,"Brassica yellows virus","no"
"KY052166","KY052166",94290,"Sugarcane yellow leaf virus","no"
"KY052165","KY052165",94290,"Sugarcane yellow leaf virus","no"
"LC217994","LC217994",91753,"Cucurbit aphid-borne yellows virus","no"
"LC217993","LC217993",91753,"Cucurbit aphid-borne yellows virus","no"
"KX712226","KX712226",12045,"Potato leafroll virus","no"
"KX073467","KX073467",12045,"Potato leafroll virus","no"
"MF314820","MF314820",1046403,"Brassica yellows virus","no"
"KY623680","KY623680",228582,"Cereal yellow dwarf virus RPS","no"
"KY553235","KY553235",2170100,"Cereal yellow dwarf virus RPV","no"
"KY605226","KY605226",2019445,"Wheat leaf yellowing-associated virus","no"
"KY310572","KY310572",1046403,"Brassica yellows virus","no"
"KX588248","KX588248",312295,"Cotton leafroll dwarf virus","no"
"KY856831","KY856831",12045,"Potato leafroll virus","no"
"LC126054","LC126054",909827,"Pepper vein yellows virus","no"
"LC126035","LC126035",909827,"Pepper vein yellows virus","no"
"LC126033","LC126033",909827,"Pepper vein yellows virus","no"
"LC126031","LC126031",909827,"Pepper vein yellows virus","no"
"KY684356","KY684356",1856642,"Maize yellow mosaic virus","no"
"KY038943","KY038943",1972995,"Tobacco virus 2","no"
"LC259081","LC259081",1825924,"Barley virus G","no"
"KY364847","KY364847",1913125,"Cowpea polerovirus 2","no"
"KY364846","KY364846",1913124,"Cowpea polerovirus 1","no"
"KY617826","KY617826",91753,"Cucurbit aphid-borne yellows virus","no"
"KX856972","KX856972",1963256,"African eggplant yellowing virus","no"
"KX856971","KX856971",1963256,"African eggplant yellowing virus","no"
"KU315178","KU315178",1462681,"Pepo aphid-borne yellows virus","no"
"KU315177","KU315177",1462681,"Pepo aphid-borne yellows virus","no"
"KF359947","KF359947",312295,"Cotton leafroll dwarf virus","no"
"KF359946","KF359946",312295,"Cotton leafroll dwarf virus","no"
"AB903038","AB903038",12042,"Beet western yellows virus","no"
"AB903037","AB903037",12042,"Beet western yellows virus","no"
"AB903036","AB903036",12042,"Beet western yellows virus","no"
"AB903035","AB903035",12042,"Beet western yellows virus","no"
"AB903034","AB903034",12042,"Beet western yellows virus","no"
"AB903033","AB903033",12042,"Beet western yellows virus","no"
"AB903032","AB903032",12042,"Beet western yellows virus","no"
"LC198684","LC198684",12042,"Beet western yellows virus","no"
"KU726091","KU726091",131083,"Turnip yellows virus","no"
"KU726090","KU726090",131083,"Turnip yellows virus","no"
"KU586456","KU586456",12045,"Potato leafroll virus","no"
"KU586455","KU586455",12045,"Potato leafroll virus","no"
"KU586454","KU586454",12045,"Potato leafroll virus","no"
"KX599154","KX599154",1913124,"Cowpea polerovirus 1","no"
"LC192169","LC192169",1913024,"White clover mottle virus","no"
"EU717546","EU717546",12045,"Potato leafroll virus","no"
"EU717545","EU717545",12045,"Potato leafroll virus","no"
"EU313202","EU313202",12045,"Potato leafroll virus","no"
"AF473561","AF473561",12042,"Beet western yellows virus","no"
"AF453394","AF453394",12045,"Potato leafroll virus","no"
"AF453393","AF453393",12045,"Potato leafroll virus","no"
"AF453392","AF453392",12045,"Potato leafroll virus","no"
"AF453391","AF453391",12045,"Potato leafroll virus","no"
"AF453390","AF453390",12045,"Potato leafroll virus","no"
"AF453389","AF453389",12045,"Potato leafroll virus","no"
"AF453388","AF453388",12045,"Potato leafroll virus","no"
"HQ342888","HQ342888",94290,"Sugarcane yellow leaf virus","no"
"BYDCG","BYDCG",2170100,"Cereal yellow dwarf virus RPV","no"
"AY236971","AY236971",94290,"Sugarcane yellow leaf virus","no"
"AY138970","AY138970",12045,"Potato leafroll virus","no"
"KU291108","KU291108",1856642,"Maize yellow mosaic virus","no"
"KU291107","KU291107",1856642,"Maize yellow mosaic virus","no"
"KU291106","KU291106",1856642,"Maize yellow mosaic virus","no"
"KU291105","KU291105",1856642,"Maize yellow mosaic virus","no"
"KU291104","KU291104",1856642,"Maize yellow mosaic virus","no"
"KU291103","KU291103",1856642,"Maize yellow mosaic virus","no"
"KU291102","KU291102",1856642,"Maize yellow mosaic virus","no"
"KU291101","KU291101",1856642,"Maize yellow mosaic virus","no"
"KU291100","KU291100",1856642,"Maize yellow mosaic virus","no"
"KU291099","KU291099",1856642,"Maize yellow mosaic virus","no"
"KU248490","KU248490",1856642,"Maize yellow mosaic virus","no"
"KU248489","KU248489",1856642,"Maize yellow mosaic virus","no"
"KU179221","KU179221",1856642,"Maize yellow mosaic virus","no"
"KU999109","KU999109",909827,"Pepper vein yellows virus","no"
"KX122023","KX122023",646010,"Suakwa aphid-borne yellows virus","no"
"KU521326","KU521326",12042,"Beet western yellows virus","no"
"KU521325","KU521325",12042,"Beet western yellows virus","no"
"KU521324","KU521324",12042,"Beet western yellows virus","no"
"KP326573","KP326573",909827,"Pepper vein yellows virus","no"
"KU198395","KU198395",131083,"Turnip yellows virus","no"
"KT992824","KT992824",1833824,"Maize yellow dwarf virus-RMV2","no"
"KT962089","KT962089",1825924,"Barley virus G","no"
"KT960997","KT960997",94290,"Sugarcane yellow leaf virus","no"
"KT960996","KT960996",94290,"Sugarcane yellow leaf virus","no"
"KT960995","KT960995",94290,"Sugarcane yellow leaf virus","no"
"KM233706","KM233706",1564903,"Strawberry polerovirus 1","no"
"KM233705","KM233705",1564903,"Strawberry polerovirus 1","no"
"AF352025","AF352025",131082,"Beet chlorosis virus","no"
"AF352024","AF352024",131082,"Beet chlorosis virus","no"
"AF157029","AF157029",94290,"Sugarcane yellow leaf virus","no"
"KT963000","KT963000",1756832,"Phasey bean mild yellows virus","no"
"KT962999","KT962999",1756832,"Phasey bean mild yellows virus","no"
"KR706247","KR706247",131083,"Turnip yellows virus","no"
"KF680098","KF680098",94290,"Sugarcane yellow leaf virus","no"
"KR231963","KR231963",91753,"Cucurbit aphid-borne yellows virus","no"
"KR231962","KR231962",91753,"Cucurbit aphid-borne yellows virus","no"
"KR231961","KR231961",91753,"Cucurbit aphid-borne yellows virus","no"
"KR231960","KR231960",91753,"Cucurbit aphid-borne yellows virus","no"
"KR231959","KR231959",91753,"Cucurbit aphid-borne yellows virus","no"
"KR231958","KR231958",91753,"Cucurbit aphid-borne yellows virus","no"
"KR231957","KR231957",91753,"Cucurbit aphid-borne yellows virus","no"
"KR231956","KR231956",91753,"Cucurbit aphid-borne yellows virus","no"
"KR231955","KR231955",91753,"Cucurbit aphid-borne yellows virus","no"
"KR231954","KR231954",91753,"Cucurbit aphid-borne yellows virus","no"
"KR231953","KR231953",91753,"Cucurbit aphid-borne yellows virus","no"
"KR231952","KR231952",91753,"Cucurbit aphid-borne yellows virus","no"
"KR231951","KR231951",91753,"Cucurbit aphid-borne yellows virus","no"
"KR231950","KR231950",91753,"Cucurbit aphid-borne yellows virus","no"
"KR231949","KR231949",91753,"Cucurbit aphid-borne yellows virus","no"
"KR231948","KR231948",91753,"Cucurbit aphid-borne yellows virus","no"
"KR231947","KR231947",91753,"Cucurbit aphid-borne yellows virus","no"
"KR231946","KR231946",91753,"Cucurbit aphid-borne yellows virus","no"
"KR231945","KR231945",91753,"Cucurbit aphid-borne yellows virus","no"
"KR231944","KR231944",91753,"Cucurbit aphid-borne yellows virus","no"
"KR231943","KR231943",91753,"Cucurbit aphid-borne yellows virus","no"
"KR231942","KR231942",91753,"Cucurbit aphid-borne yellows virus","no"
"KF427701","KF427701",1462682,"Luffa aphid-borne yellows virus","no"
"KR476808","KR476808",1462682,"Luffa aphid-borne yellows virus","no"
"LC082306","LC082306",91753,"Cucurbit aphid-borne yellows virus","no"
"KC456052","KC456052",12045,"Potato leafroll virus","no"
"KP300822","KP300822",909827,"Pepper vein yellows virus","no"
"JQ862472","JQ862472",131083,"Turnip yellows virus","no"
"KF906261","KF906261",1564916,"Cotton atypical red leaf virus","no"
"KF906260","KF906260",1564916,"Cotton atypical red leaf virus","no"
"JQ700308","JQ700308",646010,"Suakwa aphid-borne yellows virus","no"
"KP090166","KP090166",12045,"Potato leafroll virus","no"
"KJ885302","KJ885302",1577997,"Sauropus yellowing virus","no"
"KM076647","KM076647",12042,"Beet western yellows virus","no"
"JF939814","JF939814",91753,"Cucurbit aphid-borne yellows virus","no"
"JF939813","JF939813",91753,"Cucurbit aphid-borne yellows virus","no"
"JF939812","JF939812",91753,"Cucurbit aphid-borne yellows virus","no"
"BYDNYRPV","BYDNYRPV",2170100,"Cereal yellow dwarf virus RPV","no"
"KF015269","KF015269",1046403,"Brassica yellows virus","no"
"KF923236","KF923236",1046403,"Brassica yellows virus","no"
"KC456054","KC456054",12045,"Potato leafroll virus","no"
"KC456053","KC456053",12045,"Potato leafroll virus","no"
"KF477093","KF477093",94290,"Sugarcane yellow leaf virus","no"
"KF477092","KF477092",94290,"Sugarcane yellow leaf virus","no"
"KC921392","KC921392",2170101,"Maize yellow dwarf virus RMV","no"
"AB594828","AB594828",909827,"Pepper vein yellows virus","no"
"JN015068","JN015068",1046403,"Brassica yellows virus","no"
"HQ439023","HQ439023",91753,"Cucurbit aphid-borne yellows virus","no"
"JF925155","JF925155",94290,"Sugarcane yellow leaf virus","no"
"JF925154","JF925154",94290,"Sugarcane yellow leaf virus","no"
"JF925153","JF925153",94290,"Sugarcane yellow leaf virus","no"
"JF925152","JF925152",94290,"Sugarcane yellow leaf virus","no"
"KC121026","KC121026",156690,"Beet mild yellowing virus","no"
"JX855134","JX855134",12045,"Potato leafroll virus","no"
"HQ827780","HQ827780",312295,"Cotton leafroll dwarf virus","no"
"GU190159","GU190159",94290,"Sugarcane yellow leaf virus","no"
"JQ700307","JQ700307",471717,"Melon aphid-borne yellows virus","no"
"JQ700306","JQ700306",91753,"Cucurbit aphid-borne yellows virus","no"
"JQ700305","JQ700305",91753,"Cucurbit aphid-borne yellows virus","no"
"JQ420905","JQ420905",12045,"Potato leafroll virus","no"
"JQ420904","JQ420904",12045,"Potato leafroll virus","no"
"JQ420903","JQ420903",12045,"Potato leafroll virus","no"
"JQ420902","JQ420902",12045,"Potato leafroll virus","no"
"JQ420901","JQ420901",12045,"Potato leafroll virus","no"
"JF507725","JF507725",328430,"Chickpea chlorotic stunt virus","no"
"JQ346191","JQ346191",12045,"Potato leafroll virus","no"
"JQ346190","JQ346190",12045,"Potato leafroll virus","no"
"JQ346189","JQ346189",12045,"Potato leafroll virus","no"
"GQ221223","GQ221223",91753,"Cucurbit aphid-borne yellows virus","no"
"GQ221224","GQ221224",91753,"Cucurbit aphid-borne yellows virus","no"
"HQ388351","HQ388351",1046403,"Brassica yellows virus","no"
"HQ388350","HQ388350",1046403,"Brassica yellows virus","no"
"HQ388349","HQ388349",1046403,"Brassica yellows virus","no"
"EU636991","EU636991",12042,"Beet western yellows virus","no"
"EU636990","EU636990",12042,"Beet western yellows virus","no"
"HQ245322","HQ245322",94290,"Sugarcane yellow leaf virus","no"
"HQ245321","HQ245321",94290,"Sugarcane yellow leaf virus","no"
"HQ245320","HQ245320",94290,"Sugarcane yellow leaf virus","no"
"HQ245319","HQ245319",94290,"Sugarcane yellow leaf virus","no"
"HQ245318","HQ245318",94290,"Sugarcane yellow leaf virus","no"
"HQ245317","HQ245317",94290,"Sugarcane yellow leaf virus","no"
"HQ245316","HQ245316",94290,"Sugarcane yellow leaf virus","no"
"HM804472","HM804472",12042,"Beet western yellows virus","no"
"HM804471","HM804471",12042,"Beet western yellows virus","no"
"GU570008","GU570008",94290,"Sugarcane yellow leaf virus","no"
"GU570007","GU570007",94290,"Sugarcane yellow leaf virus","no"
"GU570006","GU570006",94290,"Sugarcane yellow leaf virus","no"
"FM865413","FM865413",572239,"Wheat yellow dwarf virus-GPV","no"
"GU167940","GU167940",312295,"Cotton leafroll dwarf virus","no"
"GU327735","GU327735",94290,"Sugarcane yellow leaf virus","no"
"AY695933","AY695933",66200,"Carrot red leaf virus","no"
"EU636992","EU636992",91753,"Cucurbit aphid-borne yellows virus","no"
"EU000535","EU000535",91753,"Cucurbit aphid-borne yellows virus","no"
"AF235168","AF235168",228582,"Cereal yellow dwarf virus RPS","no"
"EF521848","EF521848",2170100,"Cereal yellow dwarf virus RPV","no"
"EF521839","EF521839",2170100,"Cereal yellow dwarf virus RPV","no"
"EF521830","EF521830",2170100,"Cereal yellow dwarf virus RPV","no"
"EF521827","EF521827",2170100,"Cereal yellow dwarf virus RPV","no"
"AY956384","AY956384",328430,"Chickpea chlorotic stunt virus","no"
"DQ132996","DQ132996",156690,"Beet mild yellowing virus","no"
"AM072756","AM072756",94290,"Sugarcane yellow leaf virus","no"
"AM072755","AM072755",94290,"Sugarcane yellow leaf virus","no"
"AM072754","AM072754",94290,"Sugarcane yellow leaf virus","no"
"AM072753","AM072753",94290,"Sugarcane yellow leaf virus","no"
"AM072752","AM072752",94290,"Sugarcane yellow leaf virus","no"
"AM072751","AM072751",94290,"Sugarcane yellow leaf virus","no"
"AM072750","AM072750",94290,"Sugarcane yellow leaf virus","no"
"EU000534","EU000534",471717,"Melon aphid-borne yellows virus","no"
"PLVGR","PLVGR",12045,"Potato leafroll virus","no"
"EF107543","EF107543",156690,"Beet mild yellowing virus","no"
"X74789","X74789",12045,"Potato leafroll virus","no"
"X83110","X83110",156690,"Beet mild yellowing virus","no"
"X76931","X76931",91753,"Cucurbit aphid-borne yellows virus","no"
"AJ249447","AJ249447",94290,"Sugarcane yellow leaf virus","no"
"Y07496","Y07496",12045,"Potato leafroll virus","no"
"X13063","X13063",131083,"Turnip yellows virus","no"
"PLVRC","PLVRC",12045,"Potato leafroll virus","no"
"PLVRA","PLVRA",12045,"Potato leafroll virus","no"
