{
    "files": {
        "phylo_model": "phylo_modelFpg3qB.json", 
        "taxonomy": "victorivirus_taxonomy.csv", 
        "tree": "treevMXRzr.tre", 
        "aln_fasta": "victorivirus_MAFFT.fasta", 
        "seq_info": "victorivirus_info.csv", 
        "tree_stats": "victorivirus.log"
    }, 
    "rollback": {
        "files": {
            "phylo_model": "phylo_modelFpg3qB.json", 
            "taxonomy": "victorivirus_taxonomy.csv", 
            "tree": "victorivirus.tre", 
            "aln_fasta": "victorivirus_MAFFT.fasta", 
            "seq_info": "victorivirus_info.csv", 
            "tree_stats": "victorivirus.log"
        }, 
        "rollback": null, 
        "metadata": {
            "create_date": "2019-11-29 14:04:42", 
            "format_version": "1.1", 
            "locus": "victorivirus"
        }, 
        "md5": {
            "phylo_model": "cf7d5d794879a07d55831c9485367232", 
            "taxonomy": "9add60e2a370bf78da6bce647c5706be", 
            "tree": "aab72a3c4e0fb9dfa33aebcfb3c6c534", 
            "aln_fasta": "2ce3a40ce8629acf5d596f536e8abd08", 
            "seq_info": "b6d6f552b3701ea77f824753121b9e01", 
            "tree_stats": "661cf3f77674526320ee286afe15e52f"
        }
    }, 
    "log": [
        "Rerooted", 
        "Stripped refpkg (removed 0 files)", 
        "Loaded initial files into empty refpkg"
    ], 
    "metadata": {
        "create_date": "2019-11-29 14:04:42", 
        "format_version": "1.1", 
        "locus": "victorivirus"
    }, 
    "rollforward": null, 
    "md5": {
        "phylo_model": "cf7d5d794879a07d55831c9485367232", 
        "taxonomy": "9add60e2a370bf78da6bce647c5706be", 
        "tree": "d320997070d5347e1a280852cd2a6f9e", 
        "aln_fasta": "2ce3a40ce8629acf5d596f536e8abd08", 
        "seq_info": "b6d6f552b3701ea77f824753121b9e01", 
        "tree_stats": "661cf3f77674526320ee286afe15e52f"
    }
}
