"seqname","accession","tax_id","species","is_type"
"LC432343","LC432343",441999,"Magnaporthe oryzae virus 2","no"
"LC477336","LC477336",2572218,"Alternaria alternata victorivirus 1","no"
"MH301088","MH301088",2516210,"Botryosphaeria dothidea victorivirus 2","no"
"MH347278","MH347278",2516432,"Botrytis cinerea victorivirus 1","no"
"MH823900","MH823900",2497443,"Nigrospora oryzae victorivirus 2","no"
"MH615042","MH615042",2268743,"Fusarium asiaticum victorivirus 1","no"
"MH396496","MH396496",2267398,"Bipolaris maydis victorivirus 1","no"
"LC150610","LC150610",1849535,"Fusarium poae victorivirus 1","no"
"KX171636","KX171636",2005330,"Ustilaginoidea virens RNA virus 6","no"
"KT365894","KT365894",1859161,"Sclerotinia nivalis victorivirus 1","no"
"LC086813","LC086813",1728964,"Alternaria arborescens victorivirus 1","no"
"KT428155","KT428155",1765736,"Nigrospora oryzae victorivirus 1","no"
"KT598230","KT598230",210827,"Coniothyrium minitans RNA virus","no"
"KJ363185","KJ363185",1566868,"Eimeria tenella RNA virus 1","no"
"KR011117","KR011117",1685109,"Beauveria bassiana victorivirus 1","no"
"KT188753","KT188753",1756615,"Ustilaginoidea virens RNA virus 5","no"
"HE572591","HE572591",1685109,"Beauveria bassiana victorivirus 1","no"
"KP893140","KP893140",1661396,"Magnaporthe oryzae virus 3","no"
"KJ101566","KJ101566",1561171,"Ustilaginoidea virens RNA virus L","no"
"KP090346","KP090346",1580605,"Phomopsis vexans RNA virus","no"
"KC433710","KC433710",1312445,"Ustilaginoidea virens RNA virus 1","no"
"KM051424","KM051424",1547580,"Botryosphaeria dothidea victorivirus 1","no"
"KJ364649","KJ364649",1485922,"Beauveria bassiana victorivirus NZL/1980","no"
"KF791042","KF791042",1460374,"Ustilaginoidea virens RNA virus 3","no"
"KF791041","KF791041",1312445,"Ustilaginoidea virens RNA virus 1","no"
"JX524563","JX524563",1312445,"Ustilaginoidea virens RNA virus 1","no"
"AB742454","AB742454",1148491,"Rosellinia necatrix victorivirus 1","no"
"HE588147","HE588147",1087070,"Aspergillus foetidus slow virus 1","no"
"FR750562","FR750562",939923,"Tolypocladium cylindrosporum virus 1","no"
"AF337175","AF337175",152217,"Gremmeniella abietina RNA virus L1","no"
"HVU41345","HVU41345",45237,"Helminthosporium victoriae virus 190S","no"
"AY561500","AY561500",267285,"Chalara elegans RNA Virus 1","no"
"AF039080","AF039080",73498,"Sphaeropsis sapinea RNA virus 2","no"
"AF038665","AF038665",73497,"Sphaeropsis sapinea RNA virus 1","no"
"AF527633","AF527633",210827,"Coniothyrium minitans RNA virus","no"
"AB300379","AB300379",441999,"Magnaporthe oryzae virus 2","no"
"AB176964","AB176964",271257,"Magnaporthe oryzae virus 1","no"
"AM261427","AM261427",382962,"Epichloe festucae virus 1","no"
"AB085814","AB085814",196690,"Helicobasidium mompa totivirus 1-17","no"
