{
    "files": {
        "phylo_model": "phylo_modelWqne6k.json", 
        "taxonomy": "mastre_taxonomy.csv", 
        "tree": "mastre_ROOTED.tre", 
        "aln_fasta": "mastre_DOUBLE.fas", 
        "seq_info": "mastre_info.csv", 
        "tree_stats": "mastre.log"
    }, 
    "rollback": null, 
    "log": [
        "Stripped refpkg (removed 0 files)", 
        "Loaded initial files into empty refpkg"
    ], 
    "metadata": {
        "create_date": "2019-02-08 10:06:18", 
        "format_version": "1.1", 
        "locus": "mastre"
    }, 
    "rollforward": null, 
    "md5": {
        "phylo_model": "8969e6bcd1811e0b9b897c1b4a3d8613", 
        "taxonomy": "bef4548d441fae4e7edefcf4fc183591", 
        "tree": "e79abd002cb79c189f4576886306fe92", 
        "aln_fasta": "922b7bdd54ddbf2c6e75ce4783db8029", 
        "seq_info": "c83f8742a88aeaf77d429de4c71b97dc", 
        "tree_stats": "03f1fae12509b88f41089a1f577af4a6"
    }
}
