tax_id,parent_id,rank,tax_name,root,superkingdom,superkingdom_,family,genus,genus_,species
1,1,root,root,1,,,,,,
10239,1,superkingdom,Viruses,1,10239,,,,,
29258,10239,superkingdom_,ssDNA viruses,1,10239,29258,,,,
10811,29258,family,Geminiviridae,1,10239,29258,10811,,,
10812,10811,genus,Mastrevirus,1,10239,29258,10811,10812,,
1030595,mas16,species,Eragrostis minor streak virus,1,10239,29258,10811,10812,mas16,1030595
1072672,mas13,species,Paspalum striate mosaic virus,1,10239,29258,10811,10812,mas13,1072672
10820,mas14,species,Chloris striate mosaic virus,1,10239,29258,10811,10812,mas14,10820
10821,mas5,species,Maize streak virus,1,10239,29258,10811,10812,mas5,10821
10825,mas16,species,Miscanthus streak virus,1,10239,29258,10811,10812,mas16,10825
10826,mas4,species,Panicum streak virus,1,10239,29258,10811,10812,mas4,10826
10830,mas21,species,Tobacco yellow dwarf virus,1,10239,29258,10811,10812,mas21,10830
10834,mas17,species,Wheat dwarf virus,1,10239,29258,10811,10812,mas17,10834
10836,mas3,species,Sugarcane streak virus,1,10239,29258,10811,10812,mas3,10836
10837,mas5,species,Digitaria streak virus,1,10239,29258,10811,10812,mas5,10837
1162557,mas22,species,Chickpea yellows virus,1,10239,29258,10811,10812,mas22,1162557
1174526,mas7,species,Wheat dwarf India virus,1,10239,29258,10811,10812,mas7,1174526
1182518,mas7,species,Maize streak Reunion virus,1,10239,29258,10811,10812,mas7,1182518
1196236,mas13,species,Paspalum dilatatum striate mosaic virus,1,10239,29258,10811,10812,mas13,1196236
1196237,mas13,species,Digitaria ciliaris striate mosaic virus,1,10239,29258,10811,10812,mas13,1196237
1249648,mas25,species,Dragonfly-associated mastrevirus,1,10239,29258,10811,10812,mas25,1249648
1302848,mas21,species,Chickpea chlorosis Australia virus,1,10239,29258,10811,10812,mas21,1302848
1302849,mas24,species,Sporobolus striate mosaic virus 1,1,10239,29258,10811,10812,mas24,1302849
1302850,mas25,species,Sporobolus striate mosaic virus 2,1,10239,29258,10811,10812,mas25,1302850
1476487,mas9,species,Axonopus compressus streak virus,1,10239,29258,10811,10812,mas9,1476487
1492296,mas12,species,Sugarcane white streak virus,1,10239,29258,10811,10812,mas12,1492296
1568974,mas19,species,Chickpea yellow dwarf virus,1,10239,29258,10811,10812,mas19,1568974
1868659,mas6,species,Sugarcane striate virus,1,10239,29258,10811,10812,mas6,1868659
1919062,mas2,species,Sugarcane chlorotic streak virus,1,10239,29258,10811,10812,mas2,1919062
2012856,mas15,species,Rice latent virus 1,1,10239,29258,10811,10812,mas15,2012856
2012857,mas10,species,Rice latent virus 2,1,10239,29258,10811,10812,mas10,2012857
2049938,mas6,species,Switchgrass mosaic-associated virus,1,10239,29258,10811,10812,mas6,2049938
463360,mas23,species,Chickpea chlorotic dwarf virus,1,10239,29258,10811,10812,mas23,463360
496807,mas3,species,Eragrostis streak virus,1,10239,29258,10811,10812,mas3,496807
497863,mas17,species,Oat dwarf virus,1,10239,29258,10811,10812,mas17,497863
520848,mas4,species,Urochloa streak virus,1,10239,29258,10811,10812,mas4,520848
57119,mas23,species,Bean yellow dwarf virus,1,10239,29258,10811,10812,mas23,57119
603333,mas18,species,Sweet potato symptomless virus 1,1,10239,29258,10811,10812,mas18,603333
683179,mas4,species,Saccharum streak virus,1,10239,29258,10811,10812,mas4,683179
71548,mas1,species,Sugarcane streak Egypt virus,1,10239,29258,10811,10812,mas1,71548
78395,mas3,species,Sugarcane streak Reunion virus,1,10239,29258,10811,10812,mas3,78395
887827,mas22,species,Chickpea redleaf virus,1,10239,29258,10811,10812,mas22,887827
889510,mas14,species,Digitaria didactyla striate mosaic virus,1,10239,29258,10811,10812,mas14,889510
930965,mas20,species,Chickpea chlorosis virus,1,10239,29258,10811,10812,mas20,930965
936005,mas13,species,Bromus catharticus striate mosaic virus,1,10239,29258,10811,10812,mas13,936005
1203021,mas23,species,Cotton mastrevirus,1,10239,29258,10811,10812,mas23,1203021
2025388,mas11,species,Maize striate mosaic virus,1,10239,29258,10811,10812,mas11,2025388
sasv,mas8,species,sasv,1,10239,29258,10811,10812,mas8,sasv
eisv,mas7,species,eisv,1,10239,29258,10811,10812,mas7,eisv
mersv,mas10,species,mersv,1,10239,29258,10811,10812,mas10,mersv
mas1,10812,below_genus,mas1,1,10239,29258,10811,10812,mas1,
mas2,10812,below_genus,mas2,1,10239,29258,10811,10812,mas2,
mas3,10812,below_genus,mas3,1,10239,29258,10811,10812,mas3,
mas4,10812,below_genus,mas4,1,10239,29258,10811,10812,mas4,
mas5,10812,below_genus,mas5,1,10239,29258,10811,10812,mas5,
mas6,10812,below_genus,mas6,1,10239,29258,10811,10812,mas6,
mas7,10812,below_genus,mas7,1,10239,29258,10811,10812,mas7,
mas8,10812,below_genus,mas8,1,10239,29258,10811,10812,mas8,
mas9,10812,below_genus,mas9,1,10239,29258,10811,10812,mas9,
mas10,10812,below_genus,mas10,1,10239,29258,10811,10812,mas10,
mas11,10812,below_genus,mas11,1,10239,29258,10811,10812,mas11,
mas12,10812,below_genus,mas12,1,10239,29258,10811,10812,mas12,
mas13,10812,below_genus,mas13,1,10239,29258,10811,10812,mas13,
mas14,10812,below_genus,mas14,1,10239,29258,10811,10812,mas14,
mas15,10812,below_genus,mas15,1,10239,29258,10811,10812,mas15,
mas16,10812,below_genus,mas16,1,10239,29258,10811,10812,mas16,
mas17,10812,below_genus,mas17,1,10239,29258,10811,10812,mas17,
mas18,10812,below_genus,mas18,1,10239,29258,10811,10812,mas18,
mas19,10812,below_genus,mas19,1,10239,29258,10811,10812,mas19,
mas20,10812,below_genus,mas20,1,10239,29258,10811,10812,mas20,
mas21,10812,below_genus,mas21,1,10239,29258,10811,10812,mas21,
mas22,10812,below_genus,mas22,1,10239,29258,10811,10812,mas22,
mas23,10812,below_genus,mas23,1,10239,29258,10811,10812,mas23,
mas24,10812,below_genus,mas24,1,10239,29258,10811,10812,mas24,
mas25,10812,below_genus,mas25,1,10239,29258,10811,10812,mas25,
