seqname,accession,tax_id,species,is_type
MG603672,MG603672,603333,Sweet potato symptomless virus 1,no
MG603671,MG603671,603333,Sweet potato symptomless virus 1,no
KY962381,KY962381,2012857,Rice latent virus 2,no
KY962378,KY962378,2012856,Rice latent virus 1,no
KY962370,KY962370,2012856,Rice latent virus 1,no
KY962368,KY962368,2012856,Rice latent virus 1,no
KY962367,KY962367,2012856,Rice latent virus 1,no
KY962361,KY962361,2012856,Rice latent virus 1,no
KF806702,KF806702,2049938,Switchgrass mosaic-associated virus,no
MF167306,MF167306,2025388,Maize striate mosaic virus,no
MF167305,MF167305,2025388,Maize striate mosaic virus,no
MF167304,MF167304,2025388,Maize striate mosaic virus,no
MF167300,MF167300,2025388,Maize striate mosaic virus,no
MF167299,MF167299,2025388,Maize striate mosaic virus,no
KX352056,KX352056,1868659,Sugarcane striate virus,no
KX352054,KX352054,1868659,Sugarcane striate virus,no
KX352049,KX352049,1868659,Sugarcane striate virus,no
KX352047,KX352047,1868659,Sugarcane striate virus,no
KX352040,KX352040,1868659,Sugarcane striate virus,no
KY565236,KY565236,603333,Sweet potato symptomless virus 1,no
KY565235,KY565235,603333,Sweet potato symptomless virus 1,no
KY565232,KY565232,603333,Sweet potato symptomless virus 1,no
KY304945,KY304945,10821,Maize streak virus,no
KY304894,KY304894,10821,Maize streak virus,no
KY304889,KY304889,10821,Maize streak virus,no
KY047534,KY047534,463360,Chickpea chlorotic dwarf virus,no
KX533459,KX533459,497863,Oat dwarf virus,no
KX533458,KX533458,497863,Oat dwarf virus,no
KX787925,KX787925,1919062,Sugarcane chlorotic streak virus,no
KX787922,KX787922,1919062,Sugarcane chlorotic streak virus,no
KX787917,KX787917,1919062,Sugarcane chlorotic streak virus,no
KX787915,KX787915,1919062,Sugarcane chlorotic streak virus,no
KX787914,KX787914,1919062,Sugarcane chlorotic streak virus,no
KM230033,KM230033,1030595,Eragrostis minor streak virus,no
KM230032,KM230032,1030595,Eragrostis minor streak virus,no
KM230031,KM230031,1182518,Maize streak Reunion virus,no
KM229928,KM229928,10826,Panicum streak virus,no
KM229915,KM229915,78395,Sugarcane streak Reunion virus,no
KM229914,KM229914,10836,Sugarcane streak virus,no
AF239159,AF239159,71548,Sugarcane streak Egypt virus,no
AF072672,AF072672,78395,Sugarcane streak Reunion virus,no
AF039530,AF039530,71548,Sugarcane streak Egypt virus,no
AF039529,AF039529,71548,Sugarcane streak Egypt virus,no
AF039528,AF039528,71548,Sugarcane streak Egypt virus,no
S64567,S64567,10836,Sugarcane streak virus,no
AF037752,AF037752,71548,Sugarcane streak Egypt virus,no
KT719390,KT719390,463360,Chickpea chlorotic dwarf virus,no
KT717933,KT717933,1182518,Maize streak Reunion virus,no
KJ536128,KJ536128,10834,Wheat dwarf virus,no
KJ536098,KJ536098,10834,Wheat dwarf virus,no
KM229906,KM229906,463360,Chickpea chlorotic dwarf virus,no
KM229861,KM229861,463360,Chickpea chlorotic dwarf virus,no
KM229840,KM229840,463360,Chickpea chlorotic dwarf virus,no
KF806701,KF806701,2049938,Switchgrass mosaic-associated virus,no
KM377675,KM377675,1568974,Chickpea yellow dwarf virus,no
KM377674,KM377674,1568974,Chickpea yellow dwarf virus,no
KJ437667,KJ437667,520848,Urochloa streak virus,no
KJ437666,KJ437666,520848,Urochloa streak virus,no
KJ437668,KJ437668,78395,Sugarcane streak Reunion virus,no
KJ437670,KJ437670,1182518,Maize streak Reunion virus,no
KJ437669,KJ437669,1182518,Maize streak Reunion virus,no
KJ437671,KJ437671,1476487,Axonopus compressus streak virus,no
JF781306,JF781306,1174526,Wheat dwarf India virus,no
KJ187749,KJ187749,1492296,Sugarcane white streak virus,no
KJ187747,KJ187747,1492296,Sugarcane white streak virus,no
KJ187746,KJ187746,1492296,Sugarcane white streak virus,no
KJ187745,KJ187745,1492296,Sugarcane white streak virus,no
KJ210622,KJ210622,1492296,Sugarcane white streak virus,no
HE956706,HE956706,1203021,Cotton mastrevirus,no
HF968641,HF968641,10834,Wheat dwarf virus,no
KJ028209,KJ028209,1174526,Wheat dwarf India virus,no
KC172702,KC172702,10830,Tobacco yellow dwarf virus,no
KC172697,KC172697,930965,Chickpea chlorosis virus,no
KC172692,KC172692,1302848,Chickpea chlorosis Australia virus,no
KC172688,KC172688,1302848,Chickpea chlorosis Australia virus,no
KC172687,KC172687,1302848,Chickpea chlorosis Australia virus,no
KC172686,KC172686,1302848,Chickpea chlorosis Australia virus,no
Y11023,Y11023,57119,Bean yellow dwarf virus,no
JN989418,JN989418,1302848,Chickpea chlorosis Australia virus,no
JX458741,JX458741,1249648,Dragonfly-associated mastrevirus,no
JX458740,JX458740,1249648,Dragonfly-associated mastrevirus,no
HQ113104,HQ113104,936005,Bromus catharticus striate mosaic virus,no
JQ361911,JQ361911,1174526,Wheat dwarf India virus,no
JQ361910,JQ361910,1174526,Wheat dwarf India virus,no
JQ948052,JQ948052,1302850,Sporobolus striate mosaic virus 2,no
JQ948051,JQ948051,1302849,Sporobolus striate mosaic virus 1,no
JQ948082,JQ948082,10820,Chloris striate mosaic virus,no
JQ948081,JQ948081,10820,Chloris striate mosaic virus,no
JQ948060,JQ948060,10820,Chloris striate mosaic virus,no
JQ948055,JQ948055,10820,Chloris striate mosaic virus,no
JQ948086,JQ948086,1196236,Paspalum dilatatum striate mosaic virus,no
JQ948085,JQ948085,1196236,Paspalum dilatatum striate mosaic virus,no
JQ948077,JQ948077,1196236,Paspalum dilatatum striate mosaic virus,no
JQ948062,JQ948062,1196236,Paspalum dilatatum striate mosaic virus,no
JQ948061,JQ948061,1196236,Paspalum dilatatum striate mosaic virus,no
JQ948073,JQ948073,1072672,Paspalum striate mosaic virus,no
JQ948072,JQ948072,1072672,Paspalum striate mosaic virus,no
JQ948071,JQ948071,1072672,Paspalum striate mosaic virus,no
JQ948069,JQ948069,1072672,Paspalum striate mosaic virus,no
JQ948063,JQ948063,1072672,Paspalum striate mosaic virus,no
JQ948091,JQ948091,1196237,Digitaria ciliaris striate mosaic virus,no
JQ948090,JQ948090,1196237,Digitaria ciliaris striate mosaic virus,no
JQ948089,JQ948089,1196237,Digitaria ciliaris striate mosaic virus,no
JQ948088,JQ948088,1196237,Digitaria ciliaris striate mosaic virus,no
JQ624880,JQ624880,1182518,Maize streak Reunion virus,no
JN989444,JN989444,10830,Tobacco yellow dwarf virus,no
JN989442,JN989442,10830,Tobacco yellow dwarf virus,no
JN989440,JN989440,10830,Tobacco yellow dwarf virus,no
JN989439,JN989439,1162557,Chickpea yellows virus,no
JN989437,JN989437,930965,Chickpea chlorosis virus,no
JN989432,JN989432,930965,Chickpea chlorosis virus,no
JN989427,JN989427,930965,Chickpea chlorosis virus,no
JN989426,JN989426,930965,Chickpea chlorosis virus,no
M23022,M23022,10837,Digitaria streak virus,no
JQ647461,JQ647461,10834,Wheat dwarf virus,no
JF508490,JF508490,1030595,Eragrostis minor streak virus,no
EU244915,EU244915,496807,Eragrostis streak virus,no
GU256532,GU256532,887827,Chickpea redleaf virus,no
EU224261,EU224261,10826,Panicum streak virus,no
HM122238,HM122238,889510,Digitaria didactyla striate mosaic virus,no
M81103,M81103,10830,Tobacco yellow dwarf virus,no
FJ546189,FJ546189,10834,Wheat dwarf virus,no
GQ273988,GQ273988,683179,Saccharum streak virus,no
GQ415398,GQ415398,10826,Panicum streak virus,no
GQ415397,GQ415397,10826,Panicum streak virus,no
GQ415387,GQ415387,10826,Panicum streak virus,no
M82918,M82918,10836,Sugarcane streak virus,no
M20021,M20021,10820,Chloris striate mosaic virus,no
EU628590,EU628590,10821,Maize streak virus,no
EU445699,EU445699,520848,Urochloa streak virus,no
EU445697,EU445697,520848,Urochloa streak virus,no
EU445693,EU445693,520848,Urochloa streak virus,no
EU244916,EU244916,78395,Sugarcane streak Reunion virus,no
EU244914,EU244914,10836,Sugarcane streak virus,no
EU244913,EU244913,78395,Sugarcane streak Reunion virus,no
AM296025,AM296025,497863,Oat dwarf virus,no
D01030,D01030,10825,Miscanthus streak virus,no
D00800,D00800,10825,Miscanthus streak virus,no
EF547099,EF547099,10821,Maize streak virus,no
E02258,E02258,10825,Miscanthus streak virus,no
15i,15i,463360,Chickpea chlorotic dwarf virus,no
EiSV,eisv,eisv,eisv,no
MeRSV,mersv,mersv,mersv,no
RE01_1B16_MSV-B,RE01_1B16_MSV-B,10821,Maize streak virus,no
RE01_29h_MSRV,RE01_29h_MSRV,1182518,Maize streak reunion virus,no
RE04_n4a_EiSV,RE04_n4a_EiSV,eisv,eisv,no
RE19_19BA_MSV-B,RE19_19BA_MSV-B,10821,Maize streak virus,no
RE25_4i_MSV-B,RE25_4i_MSV-B,10821,Maize streak virus,no
RE27_e27e_MeRSV,RE27_e27e_MeRSV,mersv,mersv,no
RE34_3b_SASV,RE34_3b_SASV,sasv,sasv,no
RE81_10a_MSV-B,RE81_10a_MSV-B,10821,Maize streak virus,no
RE84_5e_SASV,RE84_5e_SASV,sasv,sasv,no
