{
    "files": {
        "phylo_model": "phylo_modelfivm9E.json", 
        "taxonomy": "tobamovirus_taxonomy.csv", 
        "tree": "treeS7nD0A.tre", 
        "aln_fasta": "tobamovirus_MAFFT.fasta", 
        "seq_info": "tobamovirus_info.csv", 
        "tree_stats": "tobamovirus.log"
    }, 
    "rollback": {
        "files": {
            "phylo_model": "phylo_modelfivm9E.json", 
            "taxonomy": "tobamovirus_taxonomy.csv", 
            "tree": "tobamovirus.tre", 
            "aln_fasta": "tobamovirus_MAFFT.fasta", 
            "seq_info": "tobamovirus_info.csv", 
            "tree_stats": "tobamovirus.log"
        }, 
        "rollback": null, 
        "metadata": {
            "create_date": "2019-11-28 12:43:02", 
            "format_version": "1.1", 
            "locus": "tobamovirus"
        }, 
        "md5": {
            "phylo_model": "cb5d4a4a878ca8e9df2b4bf59d8321a0", 
            "taxonomy": "b3460f963295badf86a1a39064206bc7", 
            "tree": "9687238ec5849274dbb2ad36ef9a57ef", 
            "aln_fasta": "ef14b9aafb1de9ae5baa0e0a8424383e", 
            "seq_info": "00aa38ca39461b3fd6d8e0747103a732", 
            "tree_stats": "b7330ff461c76891ddb2bffbee16768f"
        }
    }, 
    "log": [
        "Rerooted", 
        "Stripped refpkg (removed 0 files)", 
        "Loaded initial files into empty refpkg"
    ], 
    "metadata": {
        "create_date": "2019-11-28 12:43:02", 
        "format_version": "1.1", 
        "locus": "tobamovirus"
    }, 
    "rollforward": null, 
    "md5": {
        "phylo_model": "cb5d4a4a878ca8e9df2b4bf59d8321a0", 
        "taxonomy": "b3460f963295badf86a1a39064206bc7", 
        "tree": "8e13dae9a837d94bb1f561e7e3630738", 
        "aln_fasta": "ef14b9aafb1de9ae5baa0e0a8424383e", 
        "seq_info": "00aa38ca39461b3fd6d8e0747103a732", 
        "tree_stats": "b7330ff461c76891ddb2bffbee16768f"
    }
}
