"seqname","accession","tax_id","species","is_type"
"MF434821","MF434821",2200716,"Opuntia virus 2","no"
"AB716964","AB716964",12239,"Pepper mild mottle virus","no"
"AB716963","AB716963",12239,"Pepper mild mottle virus","no"
"MK431779","MK431779",1169032,"Wasabi mottle virus","no"
"MH370485","MH370485",29272,"Turnip vein-clearing virus","no"
"MK648158","MK648158",12241,"Tobacco mild green mosaic virus","no"
"MK648157","MK648157",1761477,"Tomato brown rugose fruit virus","no"
"MN167466","MN167466",1761477,"Tomato brown rugose fruit virus","no"
"MN080499","MN080499",185955,"Hibiscus latent Singapore virus","no"
"MK005155","MK005155",12241,"Tobacco mild green mosaic virus","no"
"MH426842","MH426842",12235,"Cucumber green mottle mosaic virus","no"
"MK319944","MK319944",1761477,"Tomato brown rugose fruit virus","no"
"MK165457","MK165457",2572045,"Tomato brown rugose fruit virus - Palestinian isolate","no"
"MH707447","MH707447",12242,"Tobacco mosaic virus","no"
"KY910829","KY910829",12235,"Cucumber green mottle mosaic virus","no"
"KY910828","KY910828",12235,"Cucumber green mottle mosaic virus","no"
"MH595921","MH595921",12242,"Tobacco mosaic virus","no"
"MH595920","MH595920",12242,"Tobacco mosaic virus","no"
"MH595919","MH595919",12242,"Tobacco mosaic virus","no"
"MK070867","MK070867",2485835,"Watermelon green mottle mosaic virus","no"
"MH381817","MH381817",1391702,"Tomato mottle mosaic virus","no"
"MH393623","MH393623",12253,"Tomato mosaic virus","no"
"MH393622","MH393622",12253,"Tomato mosaic virus","no"
"MH393621","MH393621",12253,"Tomato mosaic virus","no"
"MK133095","MK133095",1761477,"Tomato brown rugose fruit virus","no"
"MK133093","MK133093",1761477,"Tomato brown rugose fruit virus","no"
"MH427309","MH427309",228578,"Youcai mosaic virus","no"
"MH427279","MH427279",12235,"Cucumber green mottle mosaic virus","no"
"MH645158","MH645158",2491948,"Ullucus tobamovirus 1","no"
"MK087763","MK087763",12242,"Tobacco mosaic virus","no"
"MK012556","MK012556",2486187,"Brugmansia latent virus","no"
"MH837097","MH837097",2485835,"Watermelon green mottle mosaic virus","no"
"MH271444","MH271444",12235,"Cucumber green mottle mosaic virus","no"
"MH271443","MH271443",12235,"Cucumber green mottle mosaic virus","no"
"MH271442","MH271442",12235,"Cucumber green mottle mosaic virus","no"
"MH271441","MH271441",12235,"Cucumber green mottle mosaic virus","no"
"MH271440","MH271440",12235,"Cucumber green mottle mosaic virus","no"
"MH271439","MH271439",12235,"Cucumber green mottle mosaic virus","no"
"MH271438","MH271438",12235,"Cucumber green mottle mosaic virus","no"
"MH271437","MH271437",12235,"Cucumber green mottle mosaic virus","no"
"MH271436","MH271436",12235,"Cucumber green mottle mosaic virus","no"
"MH271435","MH271435",12235,"Cucumber green mottle mosaic virus","no"
"MH271434","MH271434",12235,"Cucumber green mottle mosaic virus","no"
"MH271433","MH271433",12235,"Cucumber green mottle mosaic virus","no"
"MH271432","MH271432",12235,"Cucumber green mottle mosaic virus","no"
"MH271431","MH271431",12235,"Cucumber green mottle mosaic virus","no"
"MH271430","MH271430",12235,"Cucumber green mottle mosaic virus","no"
"MH271429","MH271429",12235,"Cucumber green mottle mosaic virus","no"
"MH271428","MH271428",12235,"Cucumber green mottle mosaic virus","no"
"MH271427","MH271427",12235,"Cucumber green mottle mosaic virus","no"
"MH271426","MH271426",12235,"Cucumber green mottle mosaic virus","no"
"MH271425","MH271425",12235,"Cucumber green mottle mosaic virus","no"
"MH271424","MH271424",12235,"Cucumber green mottle mosaic virus","no"
"MH271423","MH271423",12235,"Cucumber green mottle mosaic virus","no"
"MH271422","MH271422",12235,"Cucumber green mottle mosaic virus","no"
"MH271421","MH271421",12235,"Cucumber green mottle mosaic virus","no"
"MH271420","MH271420",12235,"Cucumber green mottle mosaic virus","no"
"MH271419","MH271419",12235,"Cucumber green mottle mosaic virus","no"
"MH271418","MH271418",12235,"Cucumber green mottle mosaic virus","no"
"MH271417","MH271417",12235,"Cucumber green mottle mosaic virus","no"
"MH271416","MH271416",12235,"Cucumber green mottle mosaic virus","no"
"MH271415","MH271415",12235,"Cucumber green mottle mosaic virus","no"
"MH271414","MH271414",12235,"Cucumber green mottle mosaic virus","no"
"MH271413","MH271413",12235,"Cucumber green mottle mosaic virus","no"
"MH271412","MH271412",12235,"Cucumber green mottle mosaic virus","no"
"MH271411","MH271411",12235,"Cucumber green mottle mosaic virus","no"
"MH271410","MH271410",12235,"Cucumber green mottle mosaic virus","no"
"MH271409","MH271409",12235,"Cucumber green mottle mosaic virus","no"
"MH271408","MH271408",12235,"Cucumber green mottle mosaic virus","no"
"MH271407","MH271407",12235,"Cucumber green mottle mosaic virus","no"
"MH128145","MH128145",1391702,"Tomato mottle mosaic virus","no"
"MG745849","MG745849",12235,"Cucumber green mottle mosaic virus","no"
"MH063882","MH063882",12239,"Pepper mild mottle virus","no"
"MH730970","MH730970",12241,"Tobacco mild green mosaic virus","no"
"MH200607","MH200607",1169032,"Wasabi mottle virus","no"
"MG171192","MG171192",1391702,"Tomato mottle mosaic virus","no"
"MH507166","MH507166",12253,"Tomato mosaic virus","no"
"MH507165","MH507165",12253,"Tomato mosaic virus","no"
"MF960828","MF960828",2034161,"Bottle gourd mottle virus","no"
"MF510469","MF510469",12235,"Cucumber green mottle mosaic virus","no"
"MF510468","MF510468",12235,"Cucumber green mottle mosaic virus","no"
"MF510467","MF510467",12235,"Cucumber green mottle mosaic virus","no"
"MF510466","MF510466",12235,"Cucumber green mottle mosaic virus","no"
"MF510465","MF510465",12235,"Cucumber green mottle mosaic virus","no"
"MF510464","MF510464",12235,"Cucumber green mottle mosaic virus","no"
"MF510463","MF510463",12235,"Cucumber green mottle mosaic virus","no"
"MH574770","MH574770",12239,"Pepper mild mottle virus","no"
"LC390003","LC390003",228578,"Youcai mosaic virus","no"
"MG456601","MG456601",12253,"Tomato mosaic virus","no"
"LC381916","LC381916",12238,"Odontoglossum ringspot virus","no"
"MF066176","MF066176",111418,"Zucchini green mottle mosaic virus","no"
"MF139550","MF139550",12241,"Tobacco mild green mosaic virus","no"
"KX711903","KX711903",12253,"Tomato mosaic virus","no"
"MG418836","MG418836",425279,"Rehmannia mosaic virus","no"
"MF542264","MF542264",228578,"Youcai mosaic virus","no"
"MF348202","MF348202",425279,"Rehmannia mosaic virus","no"
"MF002491","MF002491",12253,"Tomato mosaic virus","no"
"MF002490","MF002490",12253,"Tomato mosaic virus","no"
"MF002489","MF002489",12253,"Tomato mosaic virus","no"
"MF002488","MF002488",12253,"Tomato mosaic virus","no"
"MF002487","MF002487",12253,"Tomato mosaic virus","no"
"MF002486","MF002486",12253,"Tomato mosaic virus","no"
"MF002485","MF002485",12253,"Tomato mosaic virus","no"
"MF002484","MF002484",12253,"Tomato mosaic virus","no"
"MF002483","MF002483",12253,"Tomato mosaic virus","no"
"MF002482","MF002482",12253,"Tomato mosaic virus","no"
"MF002481","MF002481",12253,"Tomato mosaic virus","no"
"MF002480","MF002480",12253,"Tomato mosaic virus","no"
"MF002479","MF002479",12253,"Tomato mosaic virus","no"
"KY949475","KY949475",12253,"Tomato mosaic virus","no"
"KY753929","KY753929",12235,"Cucumber green mottle mosaic virus","no"
"KY753928","KY753928",12235,"Cucumber green mottle mosaic virus","no"
"KY753927","KY753927",12235,"Cucumber green mottle mosaic virus","no"
"KY769775","KY769775",233051,"Hibiscus latent Fort Pierce virus","no"
"MG516107","MG516107",12242,"Tobacco mosaic virus","no"
"KY967228","KY967228",12253,"Tomato mosaic virus","no"
"KY967227","KY967227",12253,"Tomato mosaic virus","no"
"KY967226","KY967226",12253,"Tomato mosaic virus","no"
"KY967225","KY967225",12253,"Tomato mosaic virus","no"
"KY967224","KY967224",12253,"Tomato mosaic virus","no"
"KY967223","KY967223",12253,"Tomato mosaic virus","no"
"KY967222","KY967222",12253,"Tomato mosaic virus","no"
"KY967221","KY967221",12253,"Tomato mosaic virus","no"
"KY967220","KY967220",12253,"Tomato mosaic virus","no"
"KY967219","KY967219",12253,"Tomato mosaic virus","no"
"KY949481","KY949481",12253,"Tomato mosaic virus","no"
"KY949480","KY949480",12253,"Tomato mosaic virus","no"
"MG515725","MG515725",12239,"Pepper mild mottle virus","no"
"LC127213","LC127213",185955,"Hibiscus latent Singapore virus","no"
"KX881422","KX881422",1501716,"Plumeria mosaic virus","no"
"KR232571","KR232571",12235,"Cucumber green mottle mosaic virus","no"
"MG001350","MG001350",228578,"Youcai mosaic virus","no"
"MG001349","MG001349",228578,"Youcai mosaic virus","no"
"KY810788","KY810788",12253,"Tomato mosaic virus","no"
"KY348773","KY348773",1123754,"Rattail cactus necrosis-associated virus","no"
"KY348772","KY348772",1123754,"Rattail cactus necrosis-associated virus","no"
"KY810785","KY810785",12242,"Tobacco mosaic virus","no"
"LC333289","LC333289",228578,"Youcai mosaic virus","no"
"KY912162","KY912162",12253,"Tomato mosaic virus","no"
"AB069853","AB069853",12239,"Pepper mild mottle virus","no"
"KX898034","KX898034",1391702,"Tomato mottle mosaic virus","no"
"KX898033","KX898033",1391702,"Tomato mottle mosaic virus","no"
"AB000709","AB000709",12239,"Pepper mild mottle virus","no"
"KY040049","KY040049",12235,"Cucumber green mottle mosaic virus","no"
"LX087596","LX087596",12242,"Tobacco mosaic virus","no"
"KX683424","KX683424",2010222,"Piper chlorosis virus","no"
"KX555505","KX555505",12235,"Cucumber green mottle mosaic virus","no"
"KX619418","KX619418",1916236,"Tomato brown rugose fruit virus-israeli","no"
"KX434725","KX434725",1979541,"Hoya chlorotic spot virus","no"
"KU594507","KU594507",1391702,"Tomato mottle mosaic virus","no"
"LC217742","LC217742",12238,"Odontoglossum ringspot virus","no"
"KX399390","KX399390",12239,"Pepper mild mottle virus","no"
"KX399389","KX399389",12239,"Pepper mild mottle virus","no"
"KY115174","KY115174",12235,"Cucumber green mottle mosaic virus","no"
"KX883833","KX883833",12235,"Cucumber green mottle mosaic virus","no"
"KX883825","KX883825",12239,"Pepper mild mottle virus","no"
"KX883801","KX883801",12235,"Cucumber green mottle mosaic virus","no"
"KX883788","KX883788",12235,"Cucumber green mottle mosaic virus","no"
"KX883761","KX883761",12235,"Cucumber green mottle mosaic virus","no"
"KX883754","KX883754",12235,"Cucumber green mottle mosaic virus","no"
"KX883742","KX883742",12239,"Pepper mild mottle virus","no"
"KX443593","KX443593",12235,"Cucumber green mottle mosaic virus","no"
"KX443592","KX443592",12235,"Cucumber green mottle mosaic virus","no"
"KX443591","KX443591",12235,"Cucumber green mottle mosaic virus","no"
"KX650856","KX650856",12242,"Tobacco mosaic virus","no"
"KX650855","KX650855",12242,"Tobacco mosaic virus","no"
"KR824951","KR824951",1391702,"Tomato mottle mosaic virus","no"
"KR824950","KR824950",1391702,"Tomato mottle mosaic virus","no"
"KP828049","KP828049",233051,"Hibiscus latent Fort Pierce virus","no"
"KU646837","KU646837",12239,"Pepper mild mottle virus","no"
"KX063611","KX063611",12239,"Pepper mild mottle virus","no"
"KX187305","KX187305",35281,"Paprika mild mottle virus","no"
"KU854932","KU854932",1123754,"Rattail cactus necrosis-associated virus","no"
"KT383474","KT383474",1761477,"Tomato brown rugose fruit virus","no"
"KU659022","KU659022",327387,"Tropical soda apple mosaic virus","no"
"KU312319","KU312319",12239,"Pepper mild mottle virus","no"
"KU140426","KU140426",12235,"Cucumber green mottle mosaic virus","no"
"KU140425","KU140425",12235,"Cucumber green mottle mosaic virus","no"
"KU140424","KU140424",12235,"Cucumber green mottle mosaic virus","no"
"KU140423","KU140423",12235,"Cucumber green mottle mosaic virus","no"
"KT810183","KT810183",1391702,"Tomato mottle mosaic virus","no"
"KU133476","KU133476",425279,"Rehmannia mosaic virus","no"
"KR108207","KR108207",12239,"Pepper mild mottle virus","no"
"JQ319720","JQ319720",51680,"Ribgrass mosaic virus","no"
"KU321698","KU321698",12253,"Tomato mosaic virus","no"
"KU311159","KU311159",1772264,"Pepper mild mottle virus OU2/2014/CA","no"
"JE966224","JE966224",12242,"Tobacco mosaic virus","no"
"KR108206","KR108206",12239,"Pepper mild mottle virus","no"
"JN555602","JN555602",99585,"Frangipani mosaic virus","no"
"KT236095","KT236095",12235,"Cucumber green mottle mosaic virus","no"
"LC082100","LC082100",12239,"Pepper mild mottle virus","no"
"LC082099","LC082099",12239,"Pepper mild mottle virus","no"
"KP868654","KP868654",12235,"Cucumber green mottle mosaic virus","no"
"KP868653","KP868653",12235,"Cucumber green mottle mosaic virus","no"
"KP868652","KP868652",12235,"Cucumber green mottle mosaic virus","no"
"GQ401366","GQ401366",51680,"Ribgrass mosaic virus","no"
"GQ401365","GQ401365",51680,"Ribgrass mosaic virus","no"
"KR537870","KR537870",12253,"Tomato mosaic virus","no"
"KP345899","KP345899",12239,"Pepper mild mottle virus","no"
"KP244682","KP244682",12235,"Cucumber green mottle mosaic virus","no"
"KP772568","KP772568",12235,"Cucumber green mottle mosaic virus","no"
"KJ683937","KJ683937",1416026,"Yellow tailflower mild mottle virus","no"
"KP202857","KP202857",1391702,"Tomato mottle mosaic virus","no"
"KJ395757","KJ395757",1501716,"Plumeria mosaic virus","no"
"KM873789","KM873789",12235,"Cucumber green mottle mosaic virus","no"
"KM873788","KM873788",12235,"Cucumber green mottle mosaic virus","no"
"KM873787","KM873787",12235,"Cucumber green mottle mosaic virus","no"
"KM873786","KM873786",12235,"Cucumber green mottle mosaic virus","no"
"KM873785","KM873785",12235,"Cucumber green mottle mosaic virus","no"
"KM873784","KM873784",12235,"Cucumber green mottle mosaic virus","no"
"KM873783","KM873783",12235,"Cucumber green mottle mosaic virus","no"
"KM596785","KM596785",12241,"Tobacco mild green mosaic virus","no"
"AB917427","AB917427",233051,"Hibiscus latent Fort Pierce virus","no"
"KF972436","KF972436",12242,"Tobacco mosaic virus","no"
"KF972435","KF972435",12242,"Tobacco mosaic virus","no"
"KF972434","KF972434",12242,"Tobacco mosaic virus","no"
"KF972433","KF972433",12242,"Tobacco mosaic virus","no"
"KF972432","KF972432",12242,"Tobacco mosaic virus","no"
"KF972431","KF972431",12242,"Tobacco mosaic virus","no"
"KF972430","KF972430",12242,"Tobacco mosaic virus","no"
"KF972429","KF972429",12242,"Tobacco mosaic virus","no"
"KF972428","KF972428",12242,"Tobacco mosaic virus","no"
"KF972427","KF972427",12242,"Tobacco mosaic virus","no"
"KJ754197","KJ754197",12235,"Cucumber green mottle mosaic virus","no"
"KJ754196","KJ754196",12235,"Cucumber green mottle mosaic virus","no"
"KJ754195","KJ754195",12235,"Cucumber green mottle mosaic virus","no"
"KJ658958","KJ658958",12235,"Cucumber green mottle mosaic virus","no"
"KJ631123","KJ631123",12239,"Pepper mild mottle virus","no"
"KJ207375","KJ207375",1169032,"Wasabi mottle virus","no"
"KJ207374","KJ207374",12253,"Tomato mosaic virus","no"
"KF495565","KF495565",1416026,"Yellow tailflower mild mottle virus","no"
"KF495564","KF495564",1416026,"Yellow tailflower mild mottle virus","no"
"KF137561","KF137561",228578,"Youcai mosaic virus","no"
"KF855954","KF855954",12238,"Odontoglossum ringspot virus","no"
"KF280646","KF280646",12242,"Tobacco mosaic virus","no"
"AF395898","AF395898",185955,"Hibiscus latent Singapore virus","no"
"KF477193","KF477193",1391702,"Tomato mottle mosaic virus","no"
"KC852074","KC852074",12235,"Cucumber green mottle mosaic virus","no"
"KC852073","KC852073",12235,"Cucumber green mottle mosaic virus","no"
"KC852072","KC852072",12235,"Cucumber green mottle mosaic virus","no"
"KC851866","KC851866",12235,"Cucumber green mottle mosaic virus","no"
"KF155232","KF155232",12235,"Cucumber green mottle mosaic virus","no"
"KF155231","KF155231",12235,"Cucumber green mottle mosaic virus","no"
"KF155230","KF155230",12235,"Cucumber green mottle mosaic virus","no"
"KF155229","KF155229",12235,"Cucumber green mottle mosaic virus","no"
"HE818417","HE818417",12242,"Tobacco mosaic virus","no"
"HE818416","HE818416",12242,"Tobacco mosaic virus","no"
"JX534224","JX534224",12241,"Tobacco mild green mosaic virus","no"
"JX993906","JX993906",12242,"Tobacco mosaic virus","no"
"JX575184","JX575184",425279,"Rehmannia mosaic virus","no"
"JX422022","JX422022",228578,"Youcai mosaic virus","no"
"HQ667980","HQ667980",51680,"Ribgrass mosaic virus","no"
"HQ667979","HQ667979",51680,"Ribgrass mosaic virus","no"
"HQ667978","HQ667978",51680,"Ribgrass mosaic virus","no"
"JN205074","JN205074",29272,"Turnip vein-clearing virus","no"
"JN205073","JN205073",29272,"Turnip vein-clearing virus","no"
"HE818460","HE818460",12242,"Tobacco mosaic virus","no"
"HE818459","HE818459",12242,"Tobacco mosaic virus","no"
"HE818458","HE818458",12242,"Tobacco mosaic virus","no"
"HE818457","HE818457",12242,"Tobacco mosaic virus","no"
"HE818456","HE818456",12242,"Tobacco mosaic virus","no"
"HE818455","HE818455",12242,"Tobacco mosaic virus","no"
"HE818454","HE818454",12242,"Tobacco mosaic virus","no"
"HE818453","HE818453",12242,"Tobacco mosaic virus","no"
"HE818452","HE818452",12242,"Tobacco mosaic virus","no"
"HE818451","HE818451",12242,"Tobacco mosaic virus","no"
"HE818450","HE818450",12242,"Tobacco mosaic virus","no"
"HE818449","HE818449",12242,"Tobacco mosaic virus","no"
"HE818448","HE818448",12242,"Tobacco mosaic virus","no"
"HE818447","HE818447",12242,"Tobacco mosaic virus","no"
"HE818446","HE818446",12242,"Tobacco mosaic virus","no"
"HE818445","HE818445",12242,"Tobacco mosaic virus","no"
"HE818444","HE818444",12242,"Tobacco mosaic virus","no"
"HE818443","HE818443",12242,"Tobacco mosaic virus","no"
"HE818442","HE818442",12242,"Tobacco mosaic virus","no"
"HE818441","HE818441",12242,"Tobacco mosaic virus","no"
"HE818440","HE818440",12242,"Tobacco mosaic virus","no"
"HE818439","HE818439",12242,"Tobacco mosaic virus","no"
"HE818438","HE818438",12242,"Tobacco mosaic virus","no"
"HE818437","HE818437",12242,"Tobacco mosaic virus","no"
"HE818436","HE818436",12242,"Tobacco mosaic virus","no"
"HE818435","HE818435",12242,"Tobacco mosaic virus","no"
"HE818434","HE818434",12242,"Tobacco mosaic virus","no"
"HE818433","HE818433",12242,"Tobacco mosaic virus","no"
"HE818432","HE818432",12242,"Tobacco mosaic virus","no"
"HE818431","HE818431",12242,"Tobacco mosaic virus","no"
"HE818430","HE818430",12242,"Tobacco mosaic virus","no"
"HE818429","HE818429",12242,"Tobacco mosaic virus","no"
"HE818428","HE818428",12242,"Tobacco mosaic virus","no"
"HE818427","HE818427",12242,"Tobacco mosaic virus","no"
"HE818426","HE818426",12242,"Tobacco mosaic virus","no"
"HE818425","HE818425",12242,"Tobacco mosaic virus","no"
"HE818424","HE818424",12242,"Tobacco mosaic virus","no"
"HE818423","HE818423",12242,"Tobacco mosaic virus","no"
"HE818422","HE818422",12242,"Tobacco mosaic virus","no"
"HE818421","HE818421",12242,"Tobacco mosaic virus","no"
"HE818420","HE818420",12242,"Tobacco mosaic virus","no"
"HE818419","HE818419",12242,"Tobacco mosaic virus","no"
"HE818418","HE818418",12242,"Tobacco mosaic virus","no"
"HE818415","HE818415",12242,"Tobacco mosaic virus","no"
"HE818414","HE818414",12242,"Tobacco mosaic virus","no"
"HE818413","HE818413",12242,"Tobacco mosaic virus","no"
"HE818412","HE818412",12242,"Tobacco mosaic virus","no"
"HE818411","HE818411",12242,"Tobacco mosaic virus","no"
"HE818410","HE818410",12242,"Tobacco mosaic virus","no"
"AJ243571","AJ243571",12253,"Tomato mosaic virus","no"
"Z92909","Z92909",12253,"Tomato mosaic virus","no"
"Z29370","Z29370",29272,"Turnip vein-clearing virus","no"
"X02144","X02144",12253,"Tomato mosaic virus","no"
"PPPSLF","PPPSLF",12239,"Pepper mild mottle virus","no"
"AB017504","AB017504",1169032,"Wasabi mottle virus","no"
"AB017503","AB017503",1169032,"Wasabi mottle virus","no"
"JN566124","JN566124",1128119,"Clitoria yellow mottle virus","no"
"JN634066","JN634066",228578,"Youcai mosaic virus","no"
"HQ389540","HQ389540",1032457,"Passion fruit mosaic virus","no"
"GQ411361","GQ411361",12235,"Cucumber green mottle mosaic virus","no"
"DQ767631","DQ767631",12235,"Cucumber green mottle mosaic virus","no"
"EU571218","EU571218",228578,"Youcai mosaic virus","no"
"EU043335","EU043335",229030,"Cactus mild mottle virus","no"
"EF611826","EF611826",12235,"Cucumber green mottle mosaic virus","no"
"EF469769","EF469769",12241,"Tobacco mild green mosaic virus","no"
"EF392659","EF392659",12242,"Tobacco mosaic virus","no"
"DQ658743","DQ658743",29272,"Turnip vein-clearing virus","no"
"DQ355023","DQ355023",368735,"Bell pepper mottle virus","no"
"DQ223770","DQ223770",228578,"Youcai mosaic virus","no"
"AY318866","AY318866",228578,"Youcai mosaic virus","no"
"AF417243","AF417243",12235,"Cucumber green mottle mosaic virus","no"
"AF417242","AF417242",12235,"Cucumber green mottle mosaic virus","no"
"AF395129","AF395129",12242,"Tobacco mosaic virus","no"
"AF395128","AF395128",12242,"Tobacco mosaic virus","no"
"AF395127","AF395127",12242,"Tobacco mosaic virus","no"
"AF254924","AF254924",228578,"Youcai mosaic virus","no"
"AF332868","AF332868",12253,"Tomato mosaic virus","no"
"AF321057","AF321057",146499,"Cucumber fruit mottle mosaic virus","no"
"AF273221","AF273221",12242,"Tobacco mosaic virus","no"
"AF155507","AF155507",12253,"Tomato mosaic virus","no"
"AF165190","AF165190",12242,"Tobacco mosaic virus","no"
"BRU03387","BRU03387",29272,"Turnip vein-clearing virus","no"
"ORU89894","ORU89894",12238,"Odontoglossum ringspot virus","no"
"S83257","S83257",12238,"Odontoglossum ringspot virus","no"
"ORU34586","ORU34586",12238,"Odontoglossum ringspot virus","no"
"ORU30944","ORU30944",228578,"Youcai mosaic virus","no"
"TMGCG","TMGCG",12241,"Tobacco mild green mosaic virus","no"
"MTVNGHYPER","MTVNGHYPER",31749,"Obuda pepper virus","no"
"JF807914","JF807914",1167305,"Passion fruit mosaic virus-TGP","no"
"AB628188","AB628188",425279,"Rehmannia mosaic virus","no"
"JF729471","JF729471",1123754,"Rattail cactus necrosis-associated virus","no"
"FR878069","FR878069",1052902,"Tobacco mosaic virus strain Ohio V","no"
"JN226146","JN226146",146499,"Cucumber fruit mottle mosaic virus","no"
"JF920727","JF920727",12242,"Tobacco mosaic virus","no"
"HQ692886","HQ692886",12235,"Cucumber green mottle mosaic virus","no"
"HM008919","HM008919",12235,"Cucumber green mottle mosaic virus","no"
"HM026454","HM026454",99585,"Frangipani mosaic virus","no"
"AB550911","AB550911",12239,"Pepper mild mottle virus","no"
"AB261167","AB261167",388038,"Cucumber mottle virus","no"
"AY571290","AY571290",12238,"Odontoglossum ringspot virus","no"
"FN985165","FN985165",12253,"Tomato mosaic virus","no"
"FJ654659","FJ654659",12235,"Cucumber green mottle mosaic virus","no"
"FJ654658","FJ654658",12235,"Cucumber green mottle mosaic virus","no"
"DQ356949","DQ356949",368736,"Maracuja mosaic virus","no"
"AM398436","AM398436",402399,"Brugmansia mild mottle virus","no"
"GQ495275","GQ495275",12235,"Cucumber green mottle mosaic virus","no"
"GQ495274","GQ495274",12235,"Cucumber green mottle mosaic virus","no"
"GQ277655","GQ277655",12235,"Cucumber green mottle mosaic virus","no"
"GQ280794","GQ280794",12253,"Tomato mosaic virus","no"
"EU352259","EU352259",12235,"Cucumber green mottle mosaic virus","no"
"DQ821941","DQ821941",12241,"Tobacco mild green mosaic virus","no"
"DQ139262","DQ139262",12238,"Odontoglossum ringspot virus","no"
"FJ654657","FJ654657",12235,"Cucumber green mottle mosaic virus","no"
"AB355139","AB355139",12253,"Tomato mosaic virus","no"
"DM102648","DM102648",12253,"Tomato mosaic virus","no"
"FJ848666","FJ848666",12235,"Cucumber green mottle mosaic virus","no"
"AB276030","AB276030",12239,"Pepper mild mottle virus","no"
"AB261175","AB261175",228578,"Youcai mosaic virus","no"
"AB369276","AB369276",12242,"Tobacco mosaic virus","no"
"AB369275","AB369275",12242,"Tobacco mosaic virus","no"
"MTVCG","MTVCG",228578,"Youcai mosaic virus","no"
"AB089381","AB089381",35281,"Paprika mild mottle virus","no"
"AB078435","AB078435",12241,"Tobacco mild green mosaic virus","no"
"DJ418427","DJ418427",146499,"Cucumber fruit mottle mosaic virus","no"
"EF375551","EF375551",425279,"Rehmannia mosaic virus","no"
"DI159332","DI159332",146499,"Cucumber fruit mottle mosaic virus","no"
"AB369274","AB369274",12235,"Cucumber green mottle mosaic virus","no"
"MCGSHCG","MCGSHCG",12235,"Cucumber green mottle mosaic virus","no"
"DQ873692","DQ873692",12253,"Tomato mosaic virus","no"
"AB254821","AB254821",12239,"Pepper mild mottle virus","no"
"D63809","D63809",12242,"Tobacco mosaic virus","no"
"AY859497","AY859497",12239,"Pepper mild mottle virus","no"
"AM040955","AM040955",335187,"Streptocarpus flower break virus","no"
"AB015146","AB015146",12235,"Cucumber green mottle mosaic virus","no"
"AB015145","AB015145",111970,"Kyuri green mottle mosaic virus","no"
"E04305","E04305",12238,"Odontoglossum ringspot virus","no"
"E03624","E03624",12238,"Odontoglossum ringspot virus","no"
"DD090245","DD090245",12242,"Tobacco mosaic virus","no"
"DD090244","DD090244",12253,"Tomato mosaic virus","no"
"AB162006","AB162006",111970,"Kyuri green mottle mosaic virus","no"
"AB113117","AB113117",12239,"Pepper mild mottle virus","no"
"AB113116","AB113116",12239,"Pepper mild mottle virus","no"
"V01408","V01408",12242,"Tobacco mosaic virus","no"
"X82130","X82130",12238,"Odontoglossum ringspot virus","no"
"V01409","V01409",12242,"Tobacco mosaic virus","no"
"X68110","X68110",12242,"Tobacco mosaic virus","no"
"AJ252189","AJ252189",111418,"Zucchini green mottle mosaic virus","no"
"AJ417701","AJ417701",12253,"Tomato mosaic virus","no"
"AJ295949","AJ295949",111418,"Zucchini green mottle mosaic virus","no"
"AJ308228","AJ308228",12239,"Pepper mild mottle virus","no"
"AJ132845","AJ132845",12253,"Tomato mosaic virus","no"
"AJ011933","AJ011933",12242,"Tobacco mosaic virus","no"
"AB126003","AB126003",12239,"Pepper mild mottle virus","no"
"AB083196","AB083196",12253,"Tomato mosaic virus","no"
"MTVGRNA","MTVGRNA",31749,"Obuda pepper virus","no"
"AJ295948","AJ295948",111970,"Kyuri green mottle mosaic virus","no"
"AX194392","AX194392",12242,"Tobacco mosaic virus","no"
