sample_name	lat_lon	collection_date	sp_md1	sample_metadata2	sp metadata 3	sample md4
sample_1		2018-02-03	1	test1	0,1	metadata1
sample_26		2018-02-04	2	test1	3.2	metadata2
sample_36		2018-02-05	1	test1	5,4	metadata3
sample_4	43.514637993648648,4.689621012657881	2018-01-26	2	test3	0	metadata4
sample_5	42.514637993648648,4.689621012657881	2018-02-17	1	test1	6,23	metadata5
sample_52	41.514637993648648,4.689621012657881	2018-01-08	1	test2	1,25	metadata6
sample_57		2018-02-09	3	test1	3,74	metadata2
sample_58		2018-02-10	4	test3	6,11	metadata1
sample_63		2018-03-11	1	test2	4,2	metadata2
sample_65		2018-02-20	2	test1	3,8	metadata3
sample_9		2018-02-13	1	test3	4,1	metadata4
sample_99	-34.054394429549575,20.448141703382134		2	test2	1,69	metadata3
