{
    "files": {
        "phylo_model": "phylo_model3R9z4T.json", 
        "taxonomy": "taxa.csv", 
        "tree": "RAxML_result.recalc.root.ref.tre", 
        "aln_fasta": "combined_18S.eukarya.tax.clean.align.fasta", 
        "seq_info": "seq_info.updated.csv", 
        "aln_sto": "combined_18S.eukarya.tax.clean.align.sto", 
        "tree_stats": "RAxML_info.recalc.root.ref.tre"
    }, 
    "rollback": null, 
    "log": [
        "Stripped refpkg (removed 0 files)", 
        "Loaded initial files into empty refpkg"
    ], 
    "metadata": {
        "create_date": "2019-02-05 09:18:36", 
        "format_version": "1.1", 
        "locus": "16S_rRNA"
    }, 
    "rollforward": null, 
    "md5": {
        "phylo_model": "32c2c48a8f80b4b20368aab4b47f272b", 
        "taxonomy": "e0be66f997bdc59383444d703864fe03", 
        "tree": "cfb4d2c29cce13d64396733168cdd26e", 
        "aln_fasta": "3dec247c5ab32d5b78e1baa01e33fb53", 
        "seq_info": "797bfb8c0e45687f93d92f2b9e9dc1cb", 
        "aln_sto": "4a0b0a9d5894dceb068292acc42fca98", 
        "tree_stats": "0aa3474460481958c45d93c7bd05f538"
    }
}
