"seqname","accession","tax_id","species","is_type"
"MK778783","MK778783",263004,"Sweet potato chlorotic fleck virus","no"
"LC480818","LC480818",329164,"Potato virus P","no"
"MK563994","MK563994",12169,"Potato virus S","no"
"MN053272","MN053272",2650000,"Rose virus A","no"
"MN095414","MN095414",12169,"Potato virus S","no"
"MK415317","MK415317",2600161,"Cactus carlavirus 2","no"
"MK415316","MK415316",2600160,"Cactus carlavirus 1","no"
"MK442089","MK442089",12169,"Potato virus S","no"
"KU854930","KU854930",1852702,"Opuntia virus H","no"
"MK096268","MK096268",12169,"Potato virus S","no"
"MK125516","MK125516",12169,"Potato virus S","no"
"MK423959","MK423959",12169,"Potato virus S","no"
"MH231174","MH231174",1853762,"Jasmine virus C","no"
"MK649770","MK649770",12173,"Lily symptomless virus","no"
"MK069989","MK069989",67761,"Cowpea mild mottle virus","no"
"MH937416","MH937416",12169,"Potato virus S","no"
"MH558037","MH558037",12167,"Potato virus M","no"
"MH558036","MH558036",12167,"Potato virus M","no"
"MH558035","MH558035",12167,"Potato virus M","no"
"MH536506","MH536506",2248769,"Birch carlavirus","no"
"MF496659","MF496659",12169,"Potato virus S","no"
"MF418035","MF418035",12169,"Potato virus S","no"
"MF418034","MF418034",12169,"Potato virus S","no"
"MF418033","MF418033",12169,"Potato virus S","no"
"MF418032","MF418032",12169,"Potato virus S","no"
"MF418031","MF418031",12169,"Potato virus S","no"
"MF418030","MF418030",12169,"Potato virus S","no"
"MF418029","MF418029",12169,"Potato virus S","no"
"MF418028","MF418028",12169,"Potato virus S","no"
"MF418027","MF418027",12169,"Potato virus S","no"
"MF418026","MF418026",12169,"Potato virus S","no"
"MF418025","MF418025",12169,"Potato virus S","no"
"MF418024","MF418024",12169,"Potato virus S","no"
"MF418023","MF418023",12169,"Potato virus S","no"
"MF418022","MF418022",12169,"Potato virus S","no"
"MF418021","MF418021",12169,"Potato virus S","no"
"MF375506","MF375506",12169,"Potato virus S","no"
"MH345698","MH345698",67761,"Cowpea mild mottle virus","no"
"LC375228","LC375228",12169,"Potato virus S","no"
"LC375227","LC375227",12169,"Potato virus S","no"
"MH282867","MH282867",12169,"Potato virus S","no"
"MK202583","MK202583",67761,"Cowpea mild mottle virus","no"
"KY508073","KY508073",67761,"Cowpea mild mottle virus","no"
"KY474546","KY474546",2058091,"Red clover carlavirus A","no"
"MG596241","MG596241",2301726,"Red clover carlavirus 1","no"
"MG596240","MG596240",2301726,"Red clover carlavirus 1","no"
"MG596239","MG596239",2301726,"Red clover carlavirus 1","no"
"MG596238","MG596238",2301726,"Red clover carlavirus 1","no"
"KY471462","KY471462",2058091,"Red clover carlavirus A","no"
"MH706739","MH706739",1046402,"Potato virus H","no"
"MH360248","MH360248",12173,"Lily symptomless virus","no"
"MH360247","MH360247",12173,"Lily symptomless virus","no"
"MH360246","MH360246",12173,"Lily symptomless virus","no"
"MG865890","MG865890",1899566,"Ligustrum virus A","no"
"MG356511","MG356511",12169,"Potato virus S","no"
"MG356510","MG356510",12169,"Potato virus S","no"
"MG356509","MG356509",12167,"Potato virus M","no"
"MG356508","MG356508",12167,"Potato virus M","no"
"LS999823","LS999823",1852702,"Opuntia virus H","no"
"MG657357","MG657357",12172,"Shallot latent virus","no"
"MF990287","MF990287",138982,"Potato latent virus","no"
"MH379107","MH379107",1046402,"Potato virus H","no"
"MH379331","MH379331",379892,"Passiflora latent virus","no"
"MF346599","MF346599",12169,"Potato virus S","no"
"MF503894","MF503894",12169,"Potato virus S","no"
"MF503893","MF503893",12169,"Potato virus S","no"
"MF503892","MF503892",12169,"Potato virus S","no"
"MF503891","MF503891",12169,"Potato virus S","no"
"MF503890","MF503890",12169,"Potato virus S","no"
"MF503889","MF503889",12169,"Potato virus S","no"
"MF503888","MF503888",12169,"Potato virus S","no"
"MF503887","MF503887",12169,"Potato virus S","no"
"MH264534","MH264534",263004,"Sweet potato chlorotic fleck virus","no"
"LT898350","LT898350",2015551,"Elm carlavirus","no"
"LT898349","LT898349",2015551,"Elm carlavirus","no"
"MG432107","MG432107",2116736,"Chrysanthemum virus R","no"
"MG012804","MG012804",797075,"Nerine latent virus","no"
"KJ020285","KJ020285",47900,"Garlic common latent virus","no"
"KY420906","KY420906",67761,"Cowpea mild mottle virus","no"
"KU923763","KU923763",1803898,"Pepper virus A","no"
"MF133530","MF133530",12167,"Potato virus M","no"
"MF133529","MF133529",12167,"Potato virus M","no"
"MF133528","MF133528",12167,"Potato virus M","no"
"MF133527","MF133527",12167,"Potato virus M","no"
"KY364848","KY364848",12167,"Potato virus M","no"
"KY385303","KY385303",132477,"Kalanchoe latent virus","no"
"MF033144","MF033144",12169,"Potato virus S","no"
"LC279526","LC279526",12172,"Shallot latent virus","no"
"KR152654","KR152654",12169,"Potato virus S","no"
"LC224308","LC224308",255255,"Melon yellowing-associated virus","no"
"KU726694","KU726694",1803898,"Pepper virus A","no"
"KX255694","KX255694",47900,"Garlic common latent virus","no"
"LG143869","LG143869",1702121,"Atractylodes mottle virus","no"
"LG143866","LG143866",1718190,"Sweet potato yellow mottle virus","no"
"KU586451","KU586451",12169,"Potato virus S","no"
"KR108251","KR108251",590403,"Red clover vein mosaic virus","no"
"KU896946","KU896946",12169,"Potato virus S","no"
"KU896945","KU896945",12169,"Potato virus S","no"
"KR185345","KR185345",1177630,"American hop latent virus","no"
"KJ572564","KJ572564",1569056,"Elderberry carlavirus E","no"
"KJ572563","KJ572563",1569055,"Elderberry carlavirus D","no"
"KJ572562","KJ572562",1569054,"Elderberry carlavirus C","no"
"KJ572561","KJ572561",1569053,"Elderberry carlavirus B","no"
"KJ572560","KJ572560",1569052,"Elderberry carlavirus A","no"
"KX000914","KX000914",1899566,"Ligustrum virus A","no"
"KX364696","KX364696",1853762,"Jasmine virus C","no"
"JN591720","JN591720",1092564,"Cucumber vein-clearing virus","no"
"KU720565","KU720565",263004,"Sweet potato chlorotic fleck virus","no"
"KX272967","KX272967",1853762,"Jasmine virus C","no"
"KU058657","KU058657",12169,"Potato virus S","no"
"KU058656","KU058656",12169,"Potato virus S","no"
"AB889483","AB889483",216614,"Daphne virus S","no"
"LC004126","LC004126",12173,"Lily symptomless virus","no"
"KR072674","KR072674",1718190,"Sweet potato yellow mottle virus","no"
"KR349343","KR349343",1702121,"Atractylodes mottle virus","no"
"LN851194","LN851194",12169,"Potato virus S","no"
"LN851193","LN851193",12169,"Potato virus S","no"
"LN851192","LN851192",12169,"Potato virus S","no"
"LN851191","LN851191",12169,"Potato virus S","no"
"LN851190","LN851190",12169,"Potato virus S","no"
"LN851189","LN851189",12169,"Potato virus S","no"
"KP715159","KP715159",263004,"Sweet potato chlorotic fleck virus","no"
"KP828803","KP828803",157777,"Pea streak virus","no"
"KP861891","KP861891",104263,"Hop latent virus","no"
"HF571059","HF571059",12169,"Potato virus S","no"
"KJ789130","KJ789130",1592930,"Yam latent virus","no"
"JX683388","JX683388",12169,"Potato virus S","no"
"KP784454","KP784454",165250,"Alfalfa latent virus","no"
"KP115607","KP115607",263004,"Sweet potato chlorotic fleck virus","no"
"KP115606","KP115606",263004,"Sweet potato chlorotic fleck virus","no"
"KP115605","KP115605",263004,"Sweet potato chlorotic fleck virus","no"
"KP089978","KP089978",12169,"Potato virus S","no"
"JX678982","JX678982",12167,"Potato virus M","no"
"KJ415259","KJ415259",1468172,"Gaillardia latent virus","no"
"KJ194171","KJ194171",12167,"Potato virus M","no"
"KC774020","KC774020",67761,"Cowpea mild mottle virus","no"
"KC774019","KC774019",67761,"Cowpea mild mottle virus","no"
"HG793797","HG793797",104263,"Hop latent virus","no"
"GU440579","GU440579",12173,"Lily symptomless virus","no"
"JX419379","JX419379",12169,"Potato virus S","no"
"KC430335","KC430335",12169,"Potato virus S","no"
"KC884249","KC884249",67761,"Cowpea mild mottle virus","no"
"KC884248","KC884248",67761,"Cowpea mild mottle virus","no"
"KC884247","KC884247",67761,"Cowpea mild mottle virus","no"
"KC884246","KC884246",67761,"Cowpea mild mottle virus","no"
"KC884245","KC884245",67761,"Cowpea mild mottle virus","no"
"KC884244","KC884244",67761,"Cowpea mild mottle virus","no"
"JQ904630","JQ904630",1046402,"Potato virus H","no"
"HM584819","HM584819",1046402,"Potato virus H","no"
"JQ899445","JQ899445",47900,"Garlic common latent virus","no"
"JQ899443","JQ899443",12172,"Shallot latent virus","no"
"JX212747","JX212747",1307958,"Sweet potato C6 virus","no"
"JQ395044","JQ395044",797075,"Nerine latent virus","no"
"JQ395043","JQ395043",797075,"Nerine latent virus","no"
"JQ647830","JQ647830",12169,"Potato virus S","no"
"JQ728538","JQ728538",1177630,"American hop latent virus","no"
"JQ245696","JQ245696",1177630,"American hop latent virus","no"
"HQ258896","HQ258896",12172,"Shallot latent virus","no"
"AM493895","AM493895",12165,"Chrysanthemum virus B","no"
"AM765839","AM765839",12165,"Chrysanthemum virus B","no"
"AM765838","AM765838",12165,"Chrysanthemum virus B","no"
"AM765837","AM765837",12165,"Chrysanthemum virus B","no"
"JF320811","JF320811",12172,"Shallot latent virus","no"
"JF320810","JF320810",47900,"Garlic common latent virus","no"
"JN835299","JN835299",12167,"Potato virus M","no"
"JN039374","JN039374",1093773,"Mirabilis jalapa mottle virus","no"
"AB623047","AB623047",592206,"Helleborus net necrosis virus","no"
"FJ196836","FJ196836",592206,"Helleborus net necrosis virus","no"
"FJ196835","FJ196835",592206,"Helleborus net necrosis virus","no"
"HM222522","HM222522",12173,"Lily symptomless virus","no"
"HQ184471","HQ184471",67761,"Cowpea mild mottle virus","no"
"HM854296","HM854296",12167,"Potato virus M","no"
"AY505475","AY505475",12166,"Poplar mosaic virus","no"
"BLUORF","BLUORF",31722,"Blueberry scorch virus","no"
"AY311395","AY311395",12167,"Potato virus M","no"
"AY311394","AY311394",12167,"Potato virus M","no"
"EU754720","EU754720",375546,"Hydrangea chlorotic mottle virus","no"
"EU074853","EU074853",478550,"Ligustrum necrotic ringspot virus","no"
"EU162589","EU162589",475777,"Phlox virus B","no"
"EF492068","EF492068",436066,"Phlox virus S","no"
"DQ098905","DQ098905",335963,"Hippeastrum latent virus","no"
"AY941199","AY941199",31722,"Blueberry scorch virus","no"
"AY941198","AY941198",31722,"Blueberry scorch virus","no"
"FJ531635","FJ531635",132477,"Kalanchoe latent virus","no"
"FJ531634","FJ531634",132477,"Kalanchoe latent virus","no"
"EU433397","EU433397",138982,"Potato latent virus","no"
"AY461421","AY461421",263004,"Sweet potato chlorotic fleck virus","no"
"FJ813513","FJ813513",12169,"Potato virus S","no"
"FJ813512","FJ813512",12169,"Potato virus S","no"
"AB517596","AB517596",666859,"Butterbur mosaic virus","no"
"DQ455582","DQ455582",379892,"Passiflora latent virus","no"
"AB245142","AB245142",12165,"Chrysanthemum virus B","no"
"FJ685618","FJ685618",590403,"Red clover vein mosaic virus","no"
"AB051848","AB051848",101764,"Aconitum latent virus","no"
"EU338239","EU338239",329164,"Potato virus P","no"
"EU020009","EU020009",106118,"Potato rough dwarf virus","no"
"EU527979","EU527979",142843,"Hop mosaic virus","no"
"EU604672","EU604672",12167,"Potato virus M","no"
"EF527260","EF527260",404404,"Coleus vein necrosis virus","no"
"PTMPVMCG","PTMPVMCG",12167,"Potato virus M","no"
"AM422452","AM422452",12173,"Lily symptomless virus","no"
"AM263208","AM263208",12173,"Lily symptomless virus","no"
"AJ863510","AJ863510",12169,"Potato virus S","no"
"AJ863509","AJ863509",12169,"Potato virus S","no"
"AM182569","AM182569",367682,"Narcissus symptomless virus","no"
"AM158439","AM158439",160844,"Narcissus common latent virus","no"
"AM285298","AM285298",12165,"Chrysanthemum virus B","no"
"AM282558","AM282558",12165,"Chrysanthemum virus B","no"
"AM282557","AM282557",12165,"Chrysanthemum virus B","no"
"AM282556","AM282556",12165,"Chrysanthemum virus B","no"
"AM282555","AM282555",12165,"Chrysanthemum virus B","no"
"AJ620300","AJ620300",216614,"Daphne virus S","no"
"CS120945","CS120945",12166,"Poplar mosaic virus","no"
"X65102","X65102",31709,"Poplar mosaic virus (ATCC PV257)","no"
"AJ516059","AJ516059",12173,"Lily symptomless virus","no"
"AJ437481","AJ437481",12167,"Potato virus M","no"
"AJ564638","AJ564638",12173,"Lily symptomless virus","no"
"AJ292226","AJ292226",12458,"Garlic latent virus","no"
"AB032469","AB032469",104263,"Hop latent virus","no"
"Z68502","Z68502",12458,"Garlic latent virus","no"
