{
    "files": {
        "phylo_model": "phylo_modeluNVPxQ.json", 
        "taxonomy": "carlavirus_taxonomy.csv", 
        "tree": "treezPC1MG.tre", 
        "aln_fasta": "carlavirus_MAFFT.fasta", 
        "seq_info": "carlavirus_info.csv", 
        "tree_stats": "carlavirus.log"
    }, 
    "rollback": {
        "files": {
            "phylo_model": "phylo_modeluNVPxQ.json", 
            "taxonomy": "carlavirus_taxonomy.csv", 
            "tree": "carlavirus.tre", 
            "aln_fasta": "carlavirus_MAFFT.fasta", 
            "seq_info": "carlavirus_info.csv", 
            "tree_stats": "carlavirus.log"
        }, 
        "rollback": null, 
        "metadata": {
            "create_date": "2019-11-28 11:11:18", 
            "format_version": "1.1", 
            "locus": "carlavirus"
        }, 
        "md5": {
            "phylo_model": "3f734e7d6540259910348096052ae70a", 
            "taxonomy": "c973c6cbcc3a50a6ae5c7c4dbec2c5da", 
            "tree": "ef881033c6176aabd3ae35e039691906", 
            "aln_fasta": "53b26f340d6324a1be3b1b97035bfa96", 
            "seq_info": "fc861299253ba8a7f0841c3ec008155f", 
            "tree_stats": "eeb6629d86e0f431b90365b949ca8727"
        }
    }, 
    "log": [
        "Rerooted", 
        "Stripped refpkg (removed 0 files)", 
        "Loaded initial files into empty refpkg"
    ], 
    "metadata": {
        "create_date": "2019-11-28 11:11:18", 
        "format_version": "1.1", 
        "locus": "carlavirus"
    }, 
    "rollforward": null, 
    "md5": {
        "phylo_model": "3f734e7d6540259910348096052ae70a", 
        "taxonomy": "c973c6cbcc3a50a6ae5c7c4dbec2c5da", 
        "tree": "9c27134c49aafa2d837d66e09e04a96e", 
        "aln_fasta": "53b26f340d6324a1be3b1b97035bfa96", 
        "seq_info": "fc861299253ba8a7f0841c3ec008155f", 
        "tree_stats": "eeb6629d86e0f431b90365b949ca8727"
    }
}
