{
    "files": {
        "phylo_model": "phylo_models_yBsK.json", 
        "taxonomy": "mamastrovirus_taxonomy.csv", 
        "tree": "tree62TkSI.tre", 
        "aln_fasta": "mamastrovirus_MAFFT.fasta", 
        "seq_info": "mamastrovirus_info.csv", 
        "tree_stats": "mamastrovirus.log"
    }, 
    "rollback": {
        "files": {
            "phylo_model": "phylo_models_yBsK.json", 
            "taxonomy": "mamastrovirus_taxonomy.csv", 
            "tree": "mamastrovirus.tre", 
            "aln_fasta": "mamastrovirus_MAFFT.fasta", 
            "seq_info": "mamastrovirus_info.csv", 
            "tree_stats": "mamastrovirus.log"
        }, 
        "rollback": null, 
        "metadata": {
            "create_date": "2019-11-29 09:35:33", 
            "format_version": "1.1", 
            "locus": "mamastrovirus"
        }, 
        "md5": {
            "phylo_model": "0e338045e9f0cc0d9d7af5fdf974103b", 
            "taxonomy": "64280bfb30b3f73cc3ddc22194c99168", 
            "tree": "15591e1018b0439aa3297579cb331b89", 
            "aln_fasta": "3a15a75dfb731cc862ebb23cf33e0f69", 
            "seq_info": "d645ef3030c3783bbb7aa98d37f3e5ab", 
            "tree_stats": "24003a3113bfcbb029a7666100b931cc"
        }
    }, 
    "log": [
        "Rerooted", 
        "Stripped refpkg (removed 0 files)", 
        "Loaded initial files into empty refpkg"
    ], 
    "metadata": {
        "create_date": "2019-11-29 09:35:33", 
        "format_version": "1.1", 
        "locus": "mamastrovirus"
    }, 
    "rollforward": null, 
    "md5": {
        "phylo_model": "0e338045e9f0cc0d9d7af5fdf974103b", 
        "taxonomy": "64280bfb30b3f73cc3ddc22194c99168", 
        "tree": "632ad04d00073802f92f878f4be2e11f", 
        "aln_fasta": "3a15a75dfb731cc862ebb23cf33e0f69", 
        "seq_info": "d645ef3030c3783bbb7aa98d37f3e5ab", 
        "tree_stats": "24003a3113bfcbb029a7666100b931cc"
    }
}
