"seqname","accession","tax_id","species","is_type"
"MN510439","MN510439",12456,"Human astrovirus 1","no"
"MN148428","MN148428",2661902,"Tiger astrovirus CS-2018","no"
"MK671313","MK671313",1239566,"Mamastrovirus 2","no"
"MK671312","MK671312",1239566,"Mamastrovirus 2","no"
"MK671311","MK671311",1239566,"Mamastrovirus 2","no"
"MK671310","MK671310",1239566,"Mamastrovirus 2","no"
"MK671309","MK671309",1239566,"Mamastrovirus 2","no"
"MK671308","MK671308",1239566,"Mamastrovirus 2","no"
"MK671307","MK671307",1239566,"Mamastrovirus 2","no"
"MK671306","MK671306",1239566,"Mamastrovirus 2","no"
"MK613068","MK613068",1105379,"Porcine astrovirus 4","no"
"MK460231","MK460231",1105379,"Porcine astrovirus 4","no"
"KC285113","KC285113",1239565,"Mamastrovirus 1","no"
"KC285152","KC285152",1239565,"Mamastrovirus 1","no"
"MK378475","MK378475",1239567,"Mamastrovirus 3","no"
"MK211323","MK211323",1239577,"Mamastrovirus 13","no"
"MK296753","MK296753",35740,"Human astrovirus 3","no"
"MK026166","MK026166",1157338,"Canine astrovirus","no"
"MH425243","MH425243",1105379,"Porcine astrovirus 4","no"
"MK059956","MK059956",43358,"Human astrovirus 8","no"
"MK059955","MK059955",38950,"Human astrovirus 7","no"
"MK059954","MK059954",37130,"Human astrovirus 6","no"
"MK059953","MK059953",35741,"Human astrovirus 5","no"
"MK059952","MK059952",35300,"Human astrovirus 4","no"
"MK059951","MK059951",35740,"Human astrovirus 3","no"
"MK059950","MK059950",12701,"Human astrovirus 2","no"
"MK059949","MK059949",12456,"Human astrovirus 1","no"
"KY765684","KY765684",1239569,"Mamastrovirus 5","no"
"MF684776","MF684776",35741,"Human astrovirus 5","no"
"MG571777","MG571777",35740,"Human astrovirus 3","no"
"LC341267","LC341267",1435485,"Bovine astrovirus","no"
"MF973501","MF973501",1157338,"Canine astrovirus","no"
"MF973500","MF973500",1157338,"Canine astrovirus","no"
"GQ415660","GQ415660",1239572,"Mamastrovirus 8","no"
"KT946736","KT946736",1914442,"Rodent astrovirus","no"
"KT946735","KT946735",1914442,"Rodent astrovirus","no"
"KT946731","KT946731",1914442,"Rodent astrovirus","no"
"KT946730","KT946730",1914442,"Rodent astrovirus","no"
"KT946729","KT946729",1914442,"Rodent astrovirus","no"
"KT946728","KT946728",1914442,"Rodent astrovirus","no"
"KT946727","KT946727",1914442,"Rodent astrovirus","no"
"KT946726","KT946726",1914442,"Rodent astrovirus","no"
"KY214437","KY214437",2017722,"Porcine astrovirus 4/BEL/15V010","no"
"KY933670","KY933670",645687,"Astrovirus VA1","no"
"KX756441","KX756441",1157338,"Canine astrovirus","no"
"KY933398","KY933398",1239568,"Mamastrovirus 4","no"
"KY940075","KY940075",1239568,"Mamastrovirus 4","no"
"LC201613","LC201613",1105379,"Porcine astrovirus 4","no"
"LC201612","LC201612",1105379,"Porcine astrovirus 4","no"
"LC201611","LC201611",1105379,"Porcine astrovirus 4","no"
"LC201610","LC201610",1105379,"Porcine astrovirus 4","no"
"LC201609","LC201609",1105379,"Porcine astrovirus 4","no"
"LC201608","LC201608",1105379,"Porcine astrovirus 4","no"
"LC201605","LC201605",1105379,"Porcine astrovirus 4","no"
"LC201602","LC201602",1105379,"Porcine astrovirus 4","no"
"LC201601","LC201601",1105379,"Porcine astrovirus 4","no"
"LC201600","LC201600",1105379,"Porcine astrovirus 4","no"
"KY024238","KY024238",1961666,"Qinghai Himalayan marmot astrovirus 2","no"
"KY024237","KY024237",1961665,"Qinghai Himalayan marmot astrovirus 1","no"
"KX033447","KX033447",1239567,"Mamastrovirus 3","no"
"KX599353","KX599353",1157338,"Canine astrovirus","no"
"KX599352","KX599352",1157338,"Canine astrovirus","no"
"KX599351","KX599351",1157338,"Canine astrovirus","no"
"KX599350","KX599350",1157338,"Canine astrovirus","no"
"KX599349","KX599349",1157338,"Canine astrovirus","no"
"KX060809","KX060809",1105379,"Porcine astrovirus 4","no"
"KX060808","KX060808",1105379,"Porcine astrovirus 4","no"
"JF491430","JF491430",35740,"Human astrovirus 3","no"
"GQ901902","GQ901902",37130,"Human astrovirus 6","no"
"GU732187","GU732187",35740,"Human astrovirus 3","no"
"GU223905","GU223905",35740,"Human astrovirus 3","no"
"DQ344027","DQ344027",35300,"Human astrovirus 4","no"
"DQ070852","DQ070852",35300,"Human astrovirus 4","no"
"DQ028633","DQ028633",35741,"Human astrovirus 5","no"
"AY720892","AY720892",12456,"Human astrovirus 1","no"
"AY720891","AY720891",35300,"Human astrovirus 4","no"
"AF260508","AF260508",43358,"Human astrovirus 8","no"
"ATVPOLY6A","ATVPOLY6A",12456,"Human astrovirus 1","no"
"HQ398856","HQ398856",12456,"Human astrovirus 1","no"
"HM237363","HM237363",37130,"Human astrovirus 6","no"
"GQ495608","GQ495608",37130,"Human astrovirus 6","no"
"FJ755405","FJ755405",626181,"Human astrovirus 1 Beijing/293/2007/CHN","no"
"FJ755404","FJ755404",626180,"Human astrovirus 1 Beijing/291/2007/CHN","no"
"FJ755403","FJ755403",626164,"Human astrovirus 1 Beijing/176/2006/CHN","no"
"FJ755402","FJ755402",626160,"Human astrovirus 1 Beijing/128/2005/CHN","no"
"AY179509","AY179509",1239574,"Mamastrovirus 10","no"
"KU764486","KU764486",1105379,"Porcine astrovirus 4","no"
"KU764485","KU764485",1105379,"Porcine astrovirus 4","no"
"KU764484","KU764484",1105379,"Porcine astrovirus 4","no"
"KF211475","KF211475",12456,"Human astrovirus 1","no"
"KM401565","KM401565",1659650,"Astrovirus PA","no"
"KP862744","KP862744",1239565,"Mamastrovirus 1","no"
"KJ656124","KJ656124",1609130,"Astrovirus VA5","no"
"KP404150","KP404150",1157338,"Canine astrovirus","no"
"KP404149","KP404149",1157338,"Canine astrovirus","no"
"KJ920197","KJ920197",1602211,"Astrovirus VA1/HMO-C","no"
"KJ920196","KJ920196",1602211,"Astrovirus VA1/HMO-C","no"
"KM017743","KM017743",1239566,"Mamastrovirus 2","no"
"KM017742","KM017742",1239566,"Mamastrovirus 2","no"
"KM017741","KM017741",1538452,"Feline astrovirus D1","no"
"KM358468","KM358468",1570321,"Human astrovirus UK1","no"
"KF787112","KF787112",1239567,"Mamastrovirus 3","no"
"KF039913","KF039913",35300,"Human astrovirus 4","no"
"KF039912","KF039912",35300,"Human astrovirus 4","no"
"KF039911","KF039911",12701,"Human astrovirus 2","no"
"KF039910","KF039910",12701,"Human astrovirus 2","no"
"KF859964","KF859964",1518575,"Human astrovirus BF34","no"
"KF374704","KF374704",1413815,"Feline astrovirus Viseu","no"
"KF499111","KF499111",1389204,"Feline astrovirus 2","no"
"KC342249","KC342249",1239565,"Mamastrovirus 1","no"
"JN887820","JN887820",12456,"Human astrovirus 1","no"
"JX556692","JX556692",1105379,"Porcine astrovirus 4","no"
"AB308374","AB308374",1239565,"Mamastrovirus 1","no"
"GQ914773","GQ914773",886262,"Porcine astrovirus 2 Shanghai/2008","no"
"JF729316","JF729316",1161132,"Rabbit astrovirus TN/2208/2010","no"
"GQ502193","GQ502193",683173,"Astrovirus VA2","no"
"JQ340310","JQ340310",1137931,"Astrovirus wild boar/WBAstV-1/2011/HUN","no"
"JQ403108","JQ403108",35741,"Human astrovirus 5","no"
"JF713713","JF713713",1105379,"Porcine astrovirus 4","no"
"GU985458","GU985458",1239574,"Mamastrovirus 10","no"
"GQ891990","GQ891990",767521,"Astrovirus SG","no"
"FJ973620","FJ973620",645687,"Astrovirus VA1","no"
"Z25771","Z25771",12456,"Human astrovirus 1","no"
