{
    "files": {
        "phylo_model": "phylo_model8yDl6n.json", 
        "taxonomy": "potyvirus_taxonomy.csv", 
        "tree": "treedrE0e7.tre", 
        "aln_fasta": "potyvirus_MAFFT.fasta", 
        "seq_info": "potyvirus_info.csv", 
        "tree_stats": "potyvirus.log"
    }, 
    "rollback": {
        "files": {
            "phylo_model": "phylo_model8yDl6n.json", 
            "taxonomy": "potyvirus_taxonomy.csv", 
            "tree": "potyvirus.tre", 
            "aln_fasta": "potyvirus_MAFFT.fasta", 
            "seq_info": "potyvirus_info.csv", 
            "tree_stats": "potyvirus.log"
        }, 
        "rollback": null, 
        "metadata": {
            "create_date": "2019-11-28 12:39:47", 
            "format_version": "1.1", 
            "locus": "potyvirus"
        }, 
        "md5": {
            "phylo_model": "91f22c3d0acc0d198583166d995bc527", 
            "taxonomy": "342fd5ff337eac58cc23ae3fa07ebe27", 
            "tree": "0c6f7021617c83fc09be2cf4dd71012d", 
            "aln_fasta": "18d7d2434b7013d19e90382af3215f2c", 
            "seq_info": "c64a1862b8e7fbb88953b59f1e78b96b", 
            "tree_stats": "368d63b20e03038ff17ff7d7e0623d52"
        }
    }, 
    "log": [
        "Rerooted", 
        "Stripped refpkg (removed 0 files)", 
        "Loaded initial files into empty refpkg"
    ], 
    "metadata": {
        "create_date": "2019-11-28 12:39:47", 
        "format_version": "1.1", 
        "locus": "potyvirus"
    }, 
    "rollforward": null, 
    "md5": {
        "phylo_model": "91f22c3d0acc0d198583166d995bc527", 
        "taxonomy": "342fd5ff337eac58cc23ae3fa07ebe27", 
        "tree": "5ba213061214db3cd2cee9e2962142c8", 
        "aln_fasta": "18d7d2434b7013d19e90382af3215f2c", 
        "seq_info": "c64a1862b8e7fbb88953b59f1e78b96b", 
        "tree_stats": "368d63b20e03038ff17ff7d7e0623d52"
    }
}
