{
    "files": {
        "phylo_model": "phylo_modelU4GGJP.json", 
        "taxonomy": "iflavirus_taxonomy.csv", 
        "tree": "tree4joeN1.tre", 
        "aln_fasta": "iflavirus_MAFFT.fasta", 
        "seq_info": "iflavirus_info.csv", 
        "tree_stats": "iflavirus.log"
    }, 
    "rollback": {
        "files": {
            "phylo_model": "phylo_modelU4GGJP.json", 
            "taxonomy": "iflavirus_taxonomy.csv", 
            "tree": "iflavirus.tre", 
            "aln_fasta": "iflavirus_MAFFT.fasta", 
            "seq_info": "iflavirus_info.csv", 
            "tree_stats": "iflavirus.log"
        }, 
        "rollback": null, 
        "metadata": {
            "create_date": "2019-11-29 09:33:00", 
            "format_version": "1.1", 
            "locus": "iflavirus"
        }, 
        "md5": {
            "phylo_model": "4afdc022eef82e7e00afe9bf23d44cc5", 
            "taxonomy": "09266b8643dec216a6d21eea8faef382", 
            "tree": "866c2c814f7bab4baf10401c4f649dfc", 
            "aln_fasta": "f961393bd749940c1d342311ed28aecf", 
            "seq_info": "8143d544d7295006f1e25fe4e37ec51a", 
            "tree_stats": "664ed0b63e6addf85630473874d99970"
        }
    }, 
    "log": [
        "Rerooted", 
        "Stripped refpkg (removed 0 files)", 
        "Loaded initial files into empty refpkg"
    ], 
    "metadata": {
        "create_date": "2019-11-29 09:33:00", 
        "format_version": "1.1", 
        "locus": "iflavirus"
    }, 
    "rollforward": null, 
    "md5": {
        "phylo_model": "4afdc022eef82e7e00afe9bf23d44cc5", 
        "taxonomy": "09266b8643dec216a6d21eea8faef382", 
        "tree": "304af9fe41fa8ffdd93bdfd430f66d45", 
        "aln_fasta": "f961393bd749940c1d342311ed28aecf", 
        "seq_info": "8143d544d7295006f1e25fe4e37ec51a", 
        "tree_stats": "664ed0b63e6addf85630473874d99970"
    }
}
