"seqname","accession","tax_id","species","is_type"
"MK719542","MK719542",89463,"Sacbrood virus","no"
"KX819276","KX819276",89463,"Sacbrood virus","no"
"KX786162","KX786162",89463,"Sacbrood virus","no"
"MH509439","MH509439",89463,"Sacbrood virus","no"
"KY774628","KY774628",89463,"Sacbrood virus","no"
"KY774627","KY774627",89463,"Sacbrood virus","no"
"MH107056","MH107056",89463,"Sacbrood virus","no"
"MH069507","MH069507",198112,"Deformed wing virus","no"
"MH069506","MH069506",198112,"Deformed wing virus","no"
"MH069505","MH069505",198112,"Deformed wing virus","no"
"MH069504","MH069504",198112,"Deformed wing virus","no"
"MH069503","MH069503",198112,"Deformed wing virus","no"
"MH678673","MH678673",198112,"Deformed wing virus","no"
"MH678672","MH678672",198112,"Deformed wing virus","no"
"MH678671","MH678671",198112,"Deformed wing virus","no"
"MH678670","MH678670",198112,"Deformed wing virus","no"
"MH678669","MH678669",198112,"Deformed wing virus","no"
"MH678668","MH678668",198112,"Deformed wing virus","no"
"KX373899","KX373899",198112,"Deformed wing virus","no"
"KX373900","KX373900",1336684,"VDV-1/DWV recombinant","no"
"MH267698","MH267698",89463,"Sacbrood virus","no"
"MH267697","MH267697",89463,"Sacbrood virus","no"
"MH267696","MH267696",198112,"Deformed wing virus","no"
"MH267695","MH267695",198112,"Deformed wing virus","no"
"MG831204","MG831204",198112,"Deformed wing virus","no"
"MG831203","MG831203",198112,"Deformed wing virus","no"
"MG831202","MG831202",198112,"Deformed wing virus","no"
"MG831201","MG831201",198112,"Deformed wing virus","no"
"MG831200","MG831200",198112,"Deformed wing virus","no"
"KX663835","KX663835",89463,"Sacbrood virus","no"
"MH165180","MH165180",198112,"Deformed wing virus","no"
"MG733283","MG733283",89463,"Sacbrood virus","no"
"MF623172","MF623172",198112,"Deformed wing virus","no"
"MF623170","MF623170",89463,"Sacbrood virus","no"
"KY909333","KY909333",198112,"Deformed wing virus","no"
"KY887699","KY887699",89463,"Sacbrood virus","no"
"KY887698","KY887698",89463,"Sacbrood virus","no"
"KY887697","KY887697",89463,"Sacbrood virus","no"
"MG545287","MG545287",89463,"Sacbrood virus","no"
"MG545286","MG545286",89463,"Sacbrood virus","no"
"LC310707","LC310707",2018471,"Armigeres iflavirus","no"
"MF346349","MF346349",2052897,"Vespa velutina Moku virus","no"
"KY020412","KY020412",1969401,"Ixodes holocyclus iflavirus","no"
"MF770715","MF770715",198112,"Deformed wing virus","no"
"MF036686","MF036686",198112,"Deformed wing virus","no"
"KY273489","KY273489",89463,"Sacbrood virus","no"
"KY465679","KY465679",89463,"Sacbrood virus","no"
"KY465678","KY465678",89463,"Sacbrood virus","no"
"KY465677","KY465677",89463,"Sacbrood virus","no"
"KY465676","KY465676",89463,"Sacbrood virus","no"
"KY465675","KY465675",89463,"Sacbrood virus","no"
"KY465674","KY465674",89463,"Sacbrood virus","no"
"KY465673","KY465673",89463,"Sacbrood virus","no"
"KY465672","KY465672",89463,"Sacbrood virus","no"
"KY465671","KY465671",89463,"Sacbrood virus","no"
"KX668141","KX668141",89463,"Sacbrood virus","no"
"KX668140","KX668140",89463,"Sacbrood virus","no"
"KX668139","KX668139",89463,"Sacbrood virus","no"
"KY435608","KY435608",1972700,"Diamondback moth iflavirus","no"
"KY243931","KY243931",458132,"Slow bee paralysis virus","no"
"LC214356","LC214356",1690666,"Bombyx mori iflavirus","no"
"KX228231","KX228231",1936269,"Helicoverpa armigera iflavirus","no"
"KX783225","KX783225",198112,"Deformed wing virus","no"
"KU847397","KU847397",198112,"Deformed wing virus","no"
"KX898495","KX898495",1920137,"Xysticus cristatus iflavirus","no"
"KU645789","KU645789",1906245,"Moku virus","no"
"KX580899","KX580899",198112,"Deformed wing virus","no"
"AY341824","AY341824",240555,"Ectropis obliqua picorna-like virus","no"
"HM162356","HM162356",198112,"Deformed wing virus","no"
"KU574662","KU574662",89463,"Sacbrood virus","no"
"KU574661","KU574661",89463,"Sacbrood virus","no"
"KP296803","KP296803",89463,"Sacbrood virus","no"
"KP296802","KP296802",89463,"Sacbrood virus","no"
"KP296801","KP296801",89463,"Sacbrood virus","no"
"KP296800","KP296800",89463,"Sacbrood virus","no"
"KJ716806","KJ716806",89463,"Sacbrood virus","no"
"KJ716805","KJ716805",89463,"Sacbrood virus","no"
"KP777548","KP777548",436447,"Brevicoryne brassicae virus - UK","no"
"AF469603","AF469603",89463,"Sacbrood virus","no"
"AF092924","AF092924",89463,"Sacbrood virus","no"
"LC068762","LC068762",1690666,"Bombyx mori iflavirus","no"
"KT004425","KT004425",198112,"Deformed wing virus","no"
"KF843822","KF843822",1541119,"Dinocampus coccinellae paralysis virus","no"
"HM237361","HM237361",886669,"Sacbrood virus CSBV-LN/China/2009","no"
"KJ959614","KJ959614",89463,"Sacbrood virus","no"
"KJ959613","KJ959613",89463,"Sacbrood virus","no"
"JD007794","JD007794",198112,"Deformed wing virus","no"
"JD007793","JD007793",198112,"Deformed wing virus","no"
"JD007792","JD007792",198112,"Deformed wing virus","no"
"JD007791","JD007791",198112,"Deformed wing virus","no"
"JD007790","JD007790",198112,"Deformed wing virus","no"
"JD007789","JD007789",198112,"Deformed wing virus","no"
"JD007788","JD007788",198112,"Deformed wing virus","no"
"JD007787","JD007787",198112,"Deformed wing virus","no"
"JD007786","JD007786",198112,"Deformed wing virus","no"
"JD007785","JD007785",198112,"Deformed wing virus","no"
"JD007784","JD007784",198112,"Deformed wing virus","no"
"JD007734","JD007734",198112,"Deformed wing virus","no"
"JD007733","JD007733",198112,"Deformed wing virus","no"
"KM884995","KM884995",89463,"Sacbrood virus","no"
"KM884994","KM884994",89463,"Sacbrood virus","no"
"KM884993","KM884993",89463,"Sacbrood virus","no"
"KM884992","KM884992",89463,"Sacbrood virus","no"
"KM884991","KM884991",89463,"Sacbrood virus","no"
"KM884990","KM884990",89463,"Sacbrood virus","no"
"KM495267","KM495267",89463,"Sacbrood virus","no"
"KJ629170","KJ629170",1521188,"Lymantria dispar iflavirus 1","no"
"KJ437447","KJ437447",198112,"Deformed wing virus","no"
"KJ629183","KJ629183",89463,"Sacbrood virus","no"
"KJ679438","KJ679438",1487185,"Heliconius erato iflavirus","no"
"KJ186788","KJ186788",1228012,"Spodoptera exigua iflavirus 2","no"
"KF751885","KF751885",1460071,"Antheraea pernyi iflavirus","no"
"KJ000692","KJ000692",89463,"Sacbrood virus","no"
"KF960044","KF960044",89463,"Sacbrood virus","no"
"JX878305","JX878305",198112,"Deformed wing virus","no"
"JX878304","JX878304",198112,"Deformed wing virus","no"
"KF500002","KF500002",1432857,"Formica exsecta virus 2","no"
"KC786224","KC786224",260684,"Kakugo virus","no"
"KC786223","KC786223",198112,"Deformed wing virus","no"
"KC786222","KC786222",232800,"Varroa destructor virus 1","no"
"JX270800","JX270800",89463,"Sacbrood virus","no"
"JX270799","JX270799",89463,"Sacbrood virus","no"
"JX270798","JX270798",89463,"Sacbrood virus","no"
"JX270797","JX270797",89463,"Sacbrood virus","no"
"JX270796","JX270796",89463,"Sacbrood virus","no"
"JX270795","JX270795",89463,"Sacbrood virus","no"
"JX194121","JX194121",89463,"Sacbrood virus","no"
"KC007374","KC007374",89463,"Sacbrood virus","no"
"KC285046","KC285046",89463,"Sacbrood virus","no"
"JN870848","JN870848",1228012,"Spodoptera exigua iflavirus 2","no"
"JF720348","JF720348",1072333,"Lygus lineolaris virus 1","no"
"JQ413340","JQ413340",198112,"Deformed wing virus","no"
"JQ390592","JQ390592",89463,"Sacbrood virus","no"
"JQ390591","JQ390591",89463,"Sacbrood virus","no"
"JN091707","JN091707",1111710,"Spodoptera exigua iflavirus 1","no"
"JF440526","JF440526",1074894,"VDV-1/DWV recombinant 4","no"
"JF440525","JF440525",232800,"Varroa destructor virus 1","no"
"HQ322114","HQ322114",89463,"Sacbrood virus","no"
"AY251269","AY251269",232800,"Varroa destructor virus 1","no"
"HM067438","HM067438",198112,"Deformed wing virus","no"
"HM067437","HM067437",198112,"Deformed wing virus","no"
"HM245295","HM245295",12742,"Infectious flacherie virus","no"
"HM569717","HM569717",12742,"Infectious flacherie virus","no"
"GU938761","GU938761",458132,"Slow bee paralysis virus","no"
"EU035616","EU035616",458132,"Slow bee paralysis virus","no"
"AF323747","AF323747",170621,"Perina nuda virus","no"
"AY365064","AY365064",240555,"Ectropis obliqua picorna-like virus","no"
"AY292384","AY292384",198112,"Deformed wing virus","no"
"EU868609","EU868609",12742,"Infectious flacherie virus","no"
"GU109335","GU109335",198112,"Deformed wing virus","no"
"HB342229","HB342229",198112,"Deformed wing virus","no"
"HB342186","HB342186",198112,"Deformed wing virus","no"
"HB342181","HB342181",232800,"Varroa destructor virus 1","no"
"HB342180","HB342180",260684,"Kakugo virus","no"
"HB342178","HB342178",89463,"Sacbrood virus","no"
"AB070959","AB070959",260684,"Kakugo virus","no"
"EF517277","EF517277",436447,"Brevicoryne brassicae virus - UK","no"
"AJ489744","AJ489744",198112,"Deformed wing virus","no"
"AB000906","AB000906",12742,"Infectious flacherie virus","no"
