"tax_id","parent_id","rank","tax_name","root","superkingdom","superkingdom_","family","genus","genus_","species","species_","species__"
"1","1","root","root","1","","","","","","","",""
"10239","1","superkingdom","Viruses","1","10239","","","","","","",""
"29258","10239","superkingdom_","ssDNA viruses","1","10239","29258","","","","","",""
"10811","29258","family","Geminiviridae","1","10239","29258","10811","","","","",""
"10814","10811","genus","Begomovirus","1","10239","29258","10811","10814","","","",""
"1032478","begB38","species","Chenopodium leaf curl virus","1","10239","29258","10811","10814","begB38","1032478","",""
"1046571","begB79","species","Sida mosaic Alagoas virus","1","10239","29258","10811","10814","begB79","1046571","",""
"1046572","begB78","species","Abutilon mosaic Brazil virus","1","10239","29258","10811","10814","begB78","1046572","",""
"1046573","begB22","species","West African Asystasia virus 1","1","10239","29258","10811","10814","begB22","1046573","",""
"1051966","begB64","species","Squash yellow mild mottle virus","1","10239","29258","10811","10814","begB64","1051966","",""
"1077859","begB40","species","Tomato chlorotic leaf distortion virus","1","10239","29258","10811","10814","begB40","1077859","",""
"10815","begB36","species","Abutilon mosaic virus","1","10239","29258","10811","10814","begB36","10815","",""
"10817","begB16","species","African cassava mosaic virus","1","10239","29258","10811","10814","begB16","10817","",""
"10827","begB40","species","Potato yellow mosaic virus","1","10239","29258","10811","10814","begB40","10827","",""
"10829","begB64","species","Squash leaf curl virus","1","10239","29258","10811","10814","begB64","10829","",""
"10831","begB71","species","Tomato golden mosaic virus","1","10239","29258","10811","10814","begB71","10831","",""
"10835","begB37","species","Tomato mottle virus","1","10239","29258","10811","10814","begB37","10835","",""
"10838","begB29","species","Bean dwarf mosaic virus","1","10239","29258","10811","10814","begB29","10838","",""
"10839","begB7","species","Bean golden mosaic virus","1","10239","29258","10811","10814","begB7","10839","",""
"1093958","begB37","species","Sida yellow mottle virus","1","10239","29258","10811","10814","begB37","1093958","",""
"1124577","begB66","species","Tomato mild yellow leaf curl Aragua virus","1","10239","29258","10811","10814","begB66","1124577","",""
"1125764","begB23","species","Cassava mosaic Madagascar virus","1","10239","29258","10811","10814","begB23","1125764","",""
"1129033","begB4","species","Macroptilium yellow net virus","1","10239","29258","10811","10814","begB4","1129033","",""
"1129034","begB7","species","Macroptilium yellow spot virus","1","10239","29258","10811","10814","begB7","1129034","",""
"1162280","begB73","species","Tomato rugose yellow leaf curl virus","1","10239","29258","10811","10814","begB73","1162280","",""
"117198","begB52","species","Rhynchosia golden mosaic virus","1","10239","29258","10811","10814","begB52","117198","",""
"1188810","begB34","species","Sida golden mosaic Liguanea virus","1","10239","29258","10811","10814","begB34","1188810","",""
"1195378","begB72","species","Tomato dwarf leaf virus","1","10239","29258","10811","10814","begB72","1195378","",""
"1198450","begB27","species","Jacquemontia mosaic Yucatan virus","1","10239","29258","10811","10814","begB27","1198450","",""
"120168","begB13","species","Bhendi yellow vein mosaic virus","1","10239","29258","10811","10814","begB13","120168","",""
"1221206","begB7","species","Soybean chlorotic spot virus","1","10239","29258","10811","10814","begB7","1221206","",""
"1227354","begB39","species","Bean chlorosis virus","1","10239","29258","10811","10814","begB39","1227354","",""
"1227356","begB68","species","Dalechampia chlorotic mosaic virus","1","10239","29258","10811","10814","begB68","1227356","",""
"1227357","begB40","species","Datura leaf distortion virus","1","10239","29258","10811","10814","begB40","1227357","",""
"1246650","begB68","species","Blechum interveinal chlorosis virus","1","10239","29258","10811","10814","begB68","1246650","",""
"1264880","begB41","species","Sida ciliaris golden mosaic virus","1","10239","29258","10811","10814","begB41","1264880","",""
"1266458","begB72","species","Tomato mottle wrinkle virus","1","10239","29258","10811","10814","begB72","1266458","",""
"1266993","begB79","species","Sida yellow blotch virus","1","10239","29258","10811","10814","begB79","1266993","",""
"1312724","begB60","species","Vigna yellow mosaic virus","1","10239","29258","10811","10814","begB60","1312724","",""
"1317107","begB11","species","Allamanda leaf mottle distortion virus","1","10239","29258","10811","10814","begB11","1317107","",""
"134599","begB82","species","Tomato rugose mosaic virus","1","10239","29258","10811","10814","begB82","134599","",""
"134681","begB62","species","Cucurbit leaf crumple virus","1","10239","29258","10811","10814","begB62","134681","",""
"1396815","begB69","species","Cotton chlorotic spot virus","1","10239","29258","10811","10814","begB69","1396815","",""
"1490227","begB27","species","Jacquemontia yellow mosaic virus","1","10239","29258","10811","10814","begB27","1490227","",""
"1513489","begB13","species","Bitter gourd yellow vein virus","1","10239","29258","10811","10814","begB13","1513489","",""
"1513516","begB55","species","Rhynchosia golden mosaic Havana virus","1","10239","29258","10811","10814","begB55","1513516","",""
"1513519","begB53","species","Rhynchosia golden mosaic Sinaloa virus","1","10239","29258","10811","10814","begB53","1513519","",""
"1513520","begB53","species","Rhynchosia rugose golden mosaic virus","1","10239","29258","10811","10814","begB53","1513520","",""
"1513525","begB37","species","Sida golden mosaic Buckup virus","1","10239","29258","10811","10814","begB37","1513525","",""
"1532882","begB14","species","Coccinia mosaic Tamil Nadu virus","1","10239","29258","10811","10814","begB14","1532882","",""
"158463","begB82","species","Tomato severe rugose virus","1","10239","29258","10811","10814","begB82","158463","",""
"1611435","begB22","species","Asystasia mosaic Madagascar virus","1","10239","29258","10811","10814","begB22","1611435","",""
"161378","begB11","species","Sri Lankan cassava mosaic virus","1","10239","29258","10811","10814","begB11","161378","",""
"165826","begB64","species","Melon chlorotic leaf curl virus","1","10239","29258","10811","10814","begB64","165826","",""
"169865","begB56","species","Macroptilium yellow mosaic virus","1","10239","29258","10811","10814","begB56","169865","",""
"1701549","begB5","species","Tomato chlorotic mottle Guyane virus","1","10239","29258","10811","10814","begB5","1701549","",""
"172391","begB4","species","Tomato chlorotic mottle virus","1","10239","29258","10811","10814","begB4","172391","",""
"172394","begB4","species","Tomato mottle leaf curl virus","1","10239","29258","10811","10814","begB4","172394","",""
"1737555","begB29","species","Passionfruit leaf distortion virus","1","10239","29258","10811","10814","begB29","1737555","",""
"1742594","begB74","species","Melochia mosaic virus","1","10239","29258","10811","10814","begB74","1742594","",""
"1742595","begB82","species","Melochia yellow mosaic virus","1","10239","29258","10811","10814","begB82","1742595","",""
"1742596","begB70","species","Pavonia yellow mosaic virus","1","10239","29258","10811","10814","begB70","1742596","",""
"1747500","begB1","species","Cnidoscolus mosaic leaf deformation virus","1","10239","29258","10811","10814","begB1","1747500","",""
"1772258","begB70","species","Pavonia mosaic virus","1","10239","29258","10811","10814","begB70","1772258","",""
"1774200","begB9","species","Pepper yellow leaf curl Thailand virus","1","10239","29258","10811","10814","begB9","1774200","",""
"1779714","begB10","species","Lycianthes yellow mosaic virus","1","10239","29258","10811","10814","begB10","1779714","",""
"180399","begB61","species","Melon chlorotic mosaic virus","1","10239","29258","10811","10814","begB61","180399","",""
"1812308","begB23","species","Deinbollia mosaic virus","1","10239","29258","10811","10814","begB23","1812308","",""
"1825950","begB79","species","Triumfetta yellow mosaic virus","1","10239","29258","10811","10814","begB79","1825950","",""
"1904881","begB7","species","Macroptilium common mosaic virus","1","10239","29258","10811","10814","begB7","1904881","",""
"1904882","begB80","species","Sida angular mosaic virus","1","10239","29258","10811","10814","begB80","1904882","",""
"1904883","begB77","species","Sida chlorotic vein virus","1","10239","29258","10811","10814","begB77","1904883","",""
"1906668","begB44","species","Malvastrum bright yellow mosaic virus","1","10239","29258","10811","10814","begB44","1906668","",""
"1915202","begB50","species","Common bean mottle virus","1","10239","29258","10811","10814","begB50","1915202","",""
"1915203","begB48","species","Common bean severe mosaic virus","1","10239","29258","10811","10814","begB48","1915203","",""
"1949196","begB83","species","Sida bright yellow mosaic virus","1","10239","29258","10811","10814","begB83","1949196","",""
"1960710","begB17","species","Desmodium mottle virus","1","10239","29258","10811","10814","begB17","1960710","",""
"2049955","begB53","species","Capraria yellow spot virus","1","10239","29258","10811","10814","begB53","2049955","",""
"207240","begB12","species","Luffa yellow mosaic virus","1","10239","29258","10811","10814","begB12","207240","",""
"2169741","begB43","species","Whitefly-associated begomovirus 3","1","10239","29258","10811","10814","begB43","2169741","",""
"2169743","begB33","species","Whitefly-associated begomovirus 6","1","10239","29258","10811","10814","begB33","2169743","",""
"219299","begB13","species","Tomato leaf curl Gujarat virus","1","10239","29258","10811","10814","begB13","219299","",""
"220340","begB54","species","Bean golden yellow mosaic virus","1","10239","29258","10811","10814","begB54","220340","",""
"222456","begB11","species","Cotton leaf curl Alabad virus","1","10239","29258","10811","10814","begB11","222456","",""
"223262","begB23","species","East African cassava mosaic Cameroon virus","1","10239","29258","10811","10814","begB23","223262","",""
"223264","begB23","species","East African cassava mosaic Malawi virus","1","10239","29258","10811","10814","begB23","223264","",""
"223275","begB23","species","East African cassava mosaic Zanzibar virus","1","10239","29258","10811","10814","begB23","223275","",""
"223282","begB54","species","Macroptilium mosaic Puerto Rico virus","1","10239","29258","10811","10814","begB54","223282","",""
"223284","begB56","species","Macroptilium yellow mosaic Florida virus","1","10239","29258","10811","10814","begB56","223284","",""
"223287","begB19","species","Mungbean yellow mosaic India virus","1","10239","29258","10811","10814","begB19","223287","",""
"223301","begB51","species","Pepper golden mosaic virus","1","10239","29258","10811","10814","begB51","223301","",""
"223303","begB51","species","Pepper huasteco yellow vein virus","1","10239","29258","10811","10814","begB51","223303","",""
"223307","begB40","species","Potato yellow mosaic Panama virus","1","10239","29258","10811","10814","begB40","223307","",""
"223313","begB43","species","Sida golden mosaic Costa Rica virus","1","10239","29258","10811","10814","begB43","223313","",""
"223314","begB37","species","Sida golden mosaic Florida virus","1","10239","29258","10811","10814","begB37","223314","",""
"223316","begB43","species","Sida golden mosaic Honduras virus","1","10239","29258","10811","10814","begB43","223316","",""
"223317","begB34","species","Sida golden yellow vein virus","1","10239","29258","10811","10814","begB34","223317","",""
"223321","begB43","species","Sida yellow vein virus","1","10239","29258","10811","10814","begB43","223321","",""
"223323","begB12","species","Squash leaf curl China virus","1","10239","29258","10811","10814","begB12","223323","",""
"223324","begB63","species","Squash mild leaf curl virus","1","10239","29258","10811","10814","begB63","223324","",""
"223342","begB28","species","Tomato golden mottle virus","1","10239","29258","10811","10814","begB28","223342","",""
"223347","begB13","species","Tomato leaf curl New Delhi virus","1","10239","29258","10811","10814","begB13","223347","",""
"223356","begB35","species","Tomato mosaic Havana virus","1","10239","29258","10811","10814","begB35","223356","",""
"223358","begB37","species","Tomato mottle Taino virus","1","10239","29258","10811","10814","begB37","223358","",""
"228897","begB82","species","Sida micrantha mosaic virus","1","10239","29258","10811","10814","begB82","228897","",""
"260909","begB47","species","Tomato yellow margin leaf curl virus","1","10239","29258","10811","10814","begB47","260909","",""
"263793","begB19","species","Horsegram yellow mosaic virus","1","10239","29258","10811","10814","begB19","263793","",""
"266799","begB9","species","Tomato yellow leaf curl Kanchanaburi virus","1","10239","29258","10811","10814","begB9","266799","",""
"269277","begB12","species","Squash leaf curl Philippines virus","1","10239","29258","10811","10814","begB12","269277","",""
"292477","begB10","species","Pepper yellow leaf curl Indonesia virus","1","10239","29258","10811","10814","begB10","292477","",""
"296190","begB72","species","Tomato golden vein virus","1","10239","29258","10811","10814","begB72","296190","",""
"31600","begB11","species","Indian cassava mosaic virus","1","10239","29258","10811","10814","begB11","31600","",""
"31602","begB60","species","Bean calico mosaic virus","1","10239","29258","10811","10814","begB60","31602","",""
"327280","begB42","species","Okra yellow mosaic Mexico virus","1","10239","29258","10811","10814","begB42","327280","",""
"333361","begB25","species","Corchorus yellow vein virus","1","10239","29258","10811","10814","begB25","333361","",""
"333968","begB21","species","Dolichos yellow mosaic virus","1","10239","29258","10811","10814","begB21","333968","",""
"336987","begB32","species","Tobacco leaf curl Cuba virus","1","10239","29258","10811","10814","begB32","336987","",""
"33726","begB19","species","Mungbean yellow mosaic virus","1","10239","29258","10811","10814","begB19","33726","",""
"345184","begB53","species","Cabbage leaf curl Jamaica virus","1","10239","29258","10811","10814","begB53","345184","",""
"35341","begB23","species","Watermelon chlorotic stunt virus","1","10239","29258","10811","10814","begB23","35341","",""
"361731","begB40","species","Desmodium leaf distortion virus","1","10239","29258","10811","10814","begB40","361731","",""
"365523","begB79","species","Tomato yellow spot virus","1","10239","29258","10811","10814","begB79","365523","",""
"367850","begB44","species","Sida mosaic Sinaloa virus","1","10239","29258","10811","10814","begB44","367850","",""
"376612","begB34","species","Malvastrum yellow mosaic Jamaica virus","1","10239","29258","10811","10814","begB34","376612","",""
"390436","begB25","species","Corchorus golden mosaic virus","1","10239","29258","10811","10814","begB25","390436","",""
"390437","begB18","species","Kudzu mosaic virus","1","10239","29258","10811","10814","begB18","390437","",""
"390438","begB8","species","Clerodendron golden mosaic virus","1","10239","29258","10811","10814","begB8","390438","",""
"393599","begB23","species","East African cassava mosaic Kenya virus","1","10239","29258","10811","10814","begB23","393599","",""
"399387","begB10","species","Tomato leaf curl Hsinchu virus","1","10239","29258","10811","10814","begB10","399387","",""
"403897","begB37","species","Corchorus yellow spot virus","1","10239","29258","10811","10814","begB37","403897","",""
"408719","begB37","species","Sida yellow mosaic Yucatan virus","1","10239","29258","10811","10814","begB37","408719","",""
"457286","begB53","species","Rhynchosia golden mosaic Yucatan virus","1","10239","29258","10811","10814","begB53","457286","",""
"47838","begB44","species","Chino del tomate virus","1","10239","29258","10811","10814","begB44","47838","",""
"51034","begB43","species","Sida golden mosaic virus","1","10239","29258","10811","10814","begB43","51034","",""
"51336","begB53","species","Cabbage leaf curl virus","1","10239","29258","10811","10814","begB53","51336","",""
"51673","begB32","species","Wissadula golden mosaic virus","1","10239","29258","10811","10814","begB32","51673","",""
"51676","begB30","species","Macroptilium golden mosaic virus","1","10239","29258","10811","10814","begB30","51676","",""
"526476","begB13","species","Tomato leaf curl Palampur virus","1","10239","29258","10811","10814","begB13","526476","",""
"529680","begB18","species","Rhynchosia yellow mosaic virus","1","10239","29258","10811","10814","begB18","529680","",""
"536081","begB81","species","Blainvillea yellow spot virus","1","10239","29258","10811","10814","begB81","536081","",""
"536084","begB3","species","Tomato common mosaic virus","1","10239","29258","10811","10814","begB3","536084","",""
"536086","begB76","species","Tomato mild mosaic virus","1","10239","29258","10811","10814","begB76","536086","",""
"543876","begB11","species","Jatropha leaf curl virus","1","10239","29258","10811","10814","begB11","543876","",""
"55216","begB72","species","Tomato yellow vein streak virus","1","10239","29258","10811","10814","begB72","55216","",""
"559878","begB8","species","Clerodendrum golden mosaic China virus","1","10239","29258","10811","10814","begB8","559878","",""
"565052","begB53","species","Tobacco yellow crinkle virus","1","10239","29258","10811","10814","begB53","565052","",""
"598494","begB65","species","Euphorbia yellow mosaic virus","1","10239","29258","10811","10814","begB65","598494","",""
"619599","begB79","species","Okra mottle virus","1","10239","29258","10811","10814","begB79","619599","",""
"62079","begB23","species","East African cassava mosaic virus","1","10239","29258","10811","10814","begB23","62079","",""
"63723","begB23","species","South African cassava mosaic virus","1","10239","29258","10811","10814","begB23","63723","",""
"648801","begB79","species","Passionfruit severe leaf distortion virus","1","10239","29258","10811","10814","begB79","648801","",""
"649996","begB37","species","Tomato yellow leaf distortion virus","1","10239","29258","10811","10814","begB37","649996","",""
"665102","begB78","species","Abutilon Brazil virus","1","10239","29258","10811","10814","begB78","665102","",""
"666144","begB81","species","Cleome leaf crumple virus","1","10239","29258","10811","10814","begB81","666144","",""
"667119","begB20","species","Velvet bean severe mosaic virus","1","10239","29258","10811","10814","begB20","667119","",""
"71186","begB45","species","Tomato leaf curl Sinaloa virus","1","10239","29258","10811","10814","begB45","71186","",""
"714308","begB50","species","Rhynchosia mild mosaic virus","1","10239","29258","10811","10814","begB50","714308","",""
"714309","begB49","species","Merremia mosaic Puerto Rico virus","1","10239","29258","10811","10814","begB49","714309","",""
"75574","begB32","species","Jatropha mosaic virus","1","10239","29258","10811","10814","begB32","75574","",""
"759390","begB37","species","Sida golden mottle virus","1","10239","29258","10811","10814","begB37","759390","",""
"761702","begB15","species","Soybean chlorotic blotch virus","1","10239","29258","10811","10814","begB15","761702","",""
"77647","begB42","species","Cotton leaf crumple virus","1","10239","29258","10811","10814","begB42","77647","",""
"77811","begB66","species","Euphorbia mosaic virus","1","10239","29258","10811","10814","begB66","77811","",""
"77813","begB47","species","Merremia mosaic virus","1","10239","29258","10811","10814","begB47","77813","",""
"79236","begB15","species","Cotton yellow mosaic virus","1","10239","29258","10811","10814","begB15","79236","",""
"85752","begB9","species","Tomato yellow leaf curl Thailand virus","1","10239","29258","10811","10814","begB9","85752","",""
"86502","begB67","species","Tomato yellow mottle virus","1","10239","29258","10811","10814","begB67","86502","",""
"932069","begB81","species","Sida mosaic Bolivia virus 1","1","10239","29258","10811","10814","begB81","932069","",""
"932070","begB81","species","Sida mosaic Bolivia virus 2","1","10239","29258","10811","10814","begB81","932070","",""
"932071","begB70","species","Abutilon mosaic Bolivia virus","1","10239","29258","10811","10814","begB70","932071","",""
"932073","begB72","species","Solanum mosaic Bolivia virus","1","10239","29258","10811","10814","begB72","932073","",""
"935473","begB20","species","Rhynchosia yellow mosaic India virus","1","10239","29258","10811","10814","begB20","935473","",""
"94700","begB58","species","Dicliptera yellow mottle virus","1","10239","29258","10811","10814","begB58","94700","",""
"1032482","begB34","species","Whitefly VEM 2 begomovirus","1","10239","29258","10811","10814","begB34","1032482","",""
"1088661","begB13","species","Bhendi yellow vein Delhi virus","1","10239","29258","10811","10814","begB13","1088661","",""
"1129036","begB4","species","Tomato crinkle leaf yellows virus","1","10239","29258","10811","10814","begB4","1129036","",""
"1227355","begB29","species","Bean chlorotic mosaic virus","1","10239","29258","10811","10814","begB29","1227355","",""
"1264782","begB78","species","Corchorus mottle virus","1","10239","29258","10811","10814","begB78","1264782","",""
"1387160","begB6","species","Pepper leafroll virus","1","10239","29258","10811","10814","begB6","1387160","",""
"1401449","begB14","species","Ramie yellow mosaic virus","1","10239","29258","10811","10814","begB14","1401449","",""
"1740343","begB33","species","VEM begomovirus 5","1","10239","29258","10811","10814","begB33","1740343","",""
"1884873","begB46","species","Croton golden mosaic virus","1","10239","29258","10811","10814","begB46","1884873","",""
"191461","begB4","species","Tomato crinkle yellow leaf virus","1","10239","29258","10811","10814","begB4","191461","",""
"1914953","begB13","species","Chayote enation yellow mosaic virus","1","10239","29258","10811","10814","begB13","1914953","",""
"1982675","begB26","species","Jacquemontia yellow vein virus","1","10239","29258","10811","10814","begB26","1982675","",""
"2004460","begB59","species","Bean leaf crumple virus","1","10239","29258","10811","10814","begB59","2004460","",""
"2015440","begB39","species","Tomato mosaic Trujillo virus","1","10239","29258","10811","10814","begB39","2015440","",""
"2015441","begB40","species","Tomato chlorotic leaf curl virus","1","10239","29258","10811","10814","begB40","2015441","",""
"2021666","begB57","species","Macroptilium golden yellow mosaic virus","1","10239","29258","10811","10814","begB57","2021666","",""
"2126804","begB47","species","Boerhavia golden mosaic virus","1","10239","29258","10811","10814","begB47","2126804","",""
"2174902","begB75","species","Sida yellow golden mosaic virus","1","10239","29258","10811","10814","begB75","2174902","",""
"366920","begB72","species","Tomato mild leaf curl virus - [Uberlandia]","1","10239","29258","10811","10814","begB72","366920","",""
"509532","begB11","species","Gossypium punctatum mild leaf curl virus","1","10239","29258","10811","10814","begB11","509532","",""
"564944","begB31","species","Tomato yellow distortion leaf virus","1","10239","29258","10811","10814","begB31","564944","",""
"666145","begB77","species","Sida Brazil virus","1","10239","29258","10811","10814","begB77","666145","",""
"pepyvmvb","10814","species","pepyvmvb","1","10239","29258","10811","10814","","pepyvmvb","",""
"begB1","10814","below_genus","begB1","1","10239","29258","10811","10814","begB1","","",""
"begB2","10814","below_genus","begB2","1","10239","29258","10811","10814","begB2","","",""
"begB3","10814","below_genus","begB3","1","10239","29258","10811","10814","begB3","","",""
"begB4","10814","below_genus","begB4","1","10239","29258","10811","10814","begB4","","",""
"begB5","10814","below_genus","begB5","1","10239","29258","10811","10814","begB5","","",""
"begB6","10814","below_genus","begB6","1","10239","29258","10811","10814","begB6","","",""
"begB7","10814","below_genus","begB7","1","10239","29258","10811","10814","begB7","","",""
"begB8","10814","below_genus","begB8","1","10239","29258","10811","10814","begB8","","",""
"begB9","10814","below_genus","begB9","1","10239","29258","10811","10814","begB9","","",""
"begB10","10814","below_genus","begB10","1","10239","29258","10811","10814","begB10","","",""
"begB11","10814","below_genus","begB11","1","10239","29258","10811","10814","begB11","","",""
"begB12","10814","below_genus","begB12","1","10239","29258","10811","10814","begB12","","",""
"begB13","10814","below_genus","begB13","1","10239","29258","10811","10814","begB13","","",""
"begB14","10814","below_genus","begB14","1","10239","29258","10811","10814","begB14","","",""
"begB15","10814","below_genus","begB15","1","10239","29258","10811","10814","begB15","","",""
"begB16","10814","below_genus","begB16","1","10239","29258","10811","10814","begB16","","",""
"begB17","10814","below_genus","begB17","1","10239","29258","10811","10814","begB17","","",""
"begB18","10814","below_genus","begB18","1","10239","29258","10811","10814","begB18","","",""
"begB19","10814","below_genus","begB19","1","10239","29258","10811","10814","begB19","","",""
"begB20","10814","below_genus","begB20","1","10239","29258","10811","10814","begB20","","",""
"begB21","10814","below_genus","begB21","1","10239","29258","10811","10814","begB21","","",""
"begB22","10814","below_genus","begB22","1","10239","29258","10811","10814","begB22","","",""
"begB23","10814","below_genus","begB23","1","10239","29258","10811","10814","begB23","","",""
"begB24","10814","below_genus","begB24","1","10239","29258","10811","10814","begB24","","",""
"begB25","10814","below_genus","begB25","1","10239","29258","10811","10814","begB25","","",""
"begB26","10814","below_genus","begB26","1","10239","29258","10811","10814","begB26","","",""
"begB27","10814","below_genus","begB27","1","10239","29258","10811","10814","begB27","","",""
"begB28","10814","below_genus","begB28","1","10239","29258","10811","10814","begB28","","",""
"begB29","10814","below_genus","begB29","1","10239","29258","10811","10814","begB29","","",""
"begB30","10814","below_genus","begB30","1","10239","29258","10811","10814","begB30","","",""
"begB31","10814","below_genus","begB31","1","10239","29258","10811","10814","begB31","","",""
"begB32","10814","below_genus","begB32","1","10239","29258","10811","10814","begB32","","",""
"begB33","10814","below_genus","begB33","1","10239","29258","10811","10814","begB33","","",""
"begB34","10814","below_genus","begB34","1","10239","29258","10811","10814","begB34","","",""
"begB35","10814","below_genus","begB35","1","10239","29258","10811","10814","begB35","","",""
"begB36","10814","below_genus","begB36","1","10239","29258","10811","10814","begB36","","",""
"begB37","10814","below_genus","begB37","1","10239","29258","10811","10814","begB37","","",""
"begB38","10814","below_genus","begB38","1","10239","29258","10811","10814","begB38","","",""
"begB39","10814","below_genus","begB39","1","10239","29258","10811","10814","begB39","","",""
"begB40","10814","below_genus","begB40","1","10239","29258","10811","10814","begB40","","",""
"begB41","10814","below_genus","begB41","1","10239","29258","10811","10814","begB41","","",""
"begB42","10814","below_genus","begB42","1","10239","29258","10811","10814","begB42","","",""
"begB43","10814","below_genus","begB43","1","10239","29258","10811","10814","begB43","","",""
"begB44","10814","below_genus","begB44","1","10239","29258","10811","10814","begB44","","",""
"begB45","10814","below_genus","begB45","1","10239","29258","10811","10814","begB45","","",""
"begB46","10814","below_genus","begB46","1","10239","29258","10811","10814","begB46","","",""
"begB47","10814","below_genus","begB47","1","10239","29258","10811","10814","begB47","","",""
"begB48","10814","below_genus","begB48","1","10239","29258","10811","10814","begB48","","",""
"begB49","10814","below_genus","begB49","1","10239","29258","10811","10814","begB49","","",""
"begB50","10814","below_genus","begB50","1","10239","29258","10811","10814","begB50","","",""
"begB51","10814","below_genus","begB51","1","10239","29258","10811","10814","begB51","","",""
"begB52","10814","below_genus","begB52","1","10239","29258","10811","10814","begB52","","",""
"begB53","10814","below_genus","begB53","1","10239","29258","10811","10814","begB53","","",""
"begB54","10814","below_genus","begB54","1","10239","29258","10811","10814","begB54","","",""
"begB55","10814","below_genus","begB55","1","10239","29258","10811","10814","begB55","","",""
"begB56","10814","below_genus","begB56","1","10239","29258","10811","10814","begB56","","",""
"begB57","10814","below_genus","begB57","1","10239","29258","10811","10814","begB57","","",""
"begB58","10814","below_genus","begB58","1","10239","29258","10811","10814","begB58","","",""
"begB59","10814","below_genus","begB59","1","10239","29258","10811","10814","begB59","","",""
"begB60","10814","below_genus","begB60","1","10239","29258","10811","10814","begB60","","",""
"begB61","10814","below_genus","begB61","1","10239","29258","10811","10814","begB61","","",""
"begB62","10814","below_genus","begB62","1","10239","29258","10811","10814","begB62","","",""
"begB63","10814","below_genus","begB63","1","10239","29258","10811","10814","begB63","","",""
"begB64","10814","below_genus","begB64","1","10239","29258","10811","10814","begB64","","",""
"begB65","10814","below_genus","begB65","1","10239","29258","10811","10814","begB65","","",""
"begB66","10814","below_genus","begB66","1","10239","29258","10811","10814","begB66","","",""
"begB67","10814","below_genus","begB67","1","10239","29258","10811","10814","begB67","","",""
"begB68","10814","below_genus","begB68","1","10239","29258","10811","10814","begB68","","",""
"begB69","10814","below_genus","begB69","1","10239","29258","10811","10814","begB69","","",""
"begB70","10814","below_genus","begB70","1","10239","29258","10811","10814","begB70","","",""
"begB71","10814","below_genus","begB71","1","10239","29258","10811","10814","begB71","","",""
"begB72","10814","below_genus","begB72","1","10239","29258","10811","10814","begB72","","",""
"begB73","10814","below_genus","begB73","1","10239","29258","10811","10814","begB73","","",""
"begB74","10814","below_genus","begB74","1","10239","29258","10811","10814","begB74","","",""
"begB75","10814","below_genus","begB75","1","10239","29258","10811","10814","begB75","","",""
"begB76","10814","below_genus","begB76","1","10239","29258","10811","10814","begB76","","",""
"begB77","10814","below_genus","begB77","1","10239","29258","10811","10814","begB77","","",""
"begB78","10814","below_genus","begB78","1","10239","29258","10811","10814","begB78","","",""
"begB79","10814","below_genus","begB79","1","10239","29258","10811","10814","begB79","","",""
"begB80","10814","below_genus","begB80","1","10239","29258","10811","10814","begB80","","",""
"begB81","10814","below_genus","begB81","1","10239","29258","10811","10814","begB81","","",""
"begB82","10814","below_genus","begB82","1","10239","29258","10811","10814","begB82","","",""
"begB83","10814","below_genus","begB83","1","10239","29258","10811","10814","begB83","","",""
