"seqname","accession","tax_id","species","is_type"
"MG373560","MG373560.1","219299","Tomato leaf curl Gujarat virus","no"
"MH019226","MH019226.1","71186","Tomato leaf curl Sinaloa virus","no"
"LC312130","LC312130.1","161378","Sri Lankan cassava mosaic virus","no"
"MH248137","MH248137.1","51336","Cabbage leaf curl virus","no"
"MH925107","MH925107.1","10839","Bean golden mosaic virus","no"
"MH481902","MH481902.1","1387160","Pepper leafroll virus","no"
"MH891841","MH891841.1","161378","Sri Lankan cassava mosaic virus","no"
"MG837739","MG837739.1","158463","Tomato severe rugose virus","no"
"MG406983","MG406983.1","223347","Tomato leaf curl New Delhi virus","no"
"KX156614","KX156614.1","1884873","Croton golden mosaic virus","no"
"MF693402","MF693402.1","223287","Mungbean yellow mosaic India virus","no"
"MH359397","MH359397.1","51336","Cabbage leaf curl virus","no"
"MH359395","MH359395.1","51336","Cabbage leaf curl virus","no"
"MH359393","MH359393.1","51336","Cabbage leaf curl virus","no"
"MH359391","MH359391.1","51336","Cabbage leaf curl virus","no"
"MG969497","MG969497.1","1317107","Allamanda leaf mottle distortion virus","no"
"KY427015","KY427015.1","559878","Clerodendrum golden mosaic China virus","no"
"KY427013","KY427013.1","559878","Clerodendrum golden mosaic China virus","no"
"MF327261","MF327261.1","266799","Tomato yellow leaf curl Kanchanaburi virus","no"
"AY508992","AY508992.1","77813","Merremia mosaic virus","no"
"AF039032","AF039032.1","10827","Potato yellow mosaic virus","no"
"MF163259","MF163259.1","2174902","Sida yellow golden mosaic virus","no"
"DQ406673","DQ406673.1","1513519","Rhynchosia golden mosaic Sinaloa virus","no"
"JN411688","JN411688.1","1093958","Sida yellow mottle virus","no"
"MG825414","MG825414.1","1401449","Ramie yellow mosaic virus","no"
"MG825411","MG825411.1","1401449","Ramie yellow mosaic virus","no"
"MF319553","MF319553.1","1401449","Ramie yellow mosaic virus","no"
"MF319552","MF319552.1","1401449","Ramie yellow mosaic virus","no"
"KY971540","KY971540.1","2126804","Boerhavia golden mosaic virus","no"
"KY971538","KY971538.1","2126804","Boerhavia golden mosaic virus","no"
"KY971536","KY971536.1","2126804","Boerhavia golden mosaic virus","no"
"KY971534","KY971534.1","2126804","Boerhavia golden mosaic virus","no"
"LT168876","LT168876.1","223347","Tomato leaf curl New Delhi virus","no"
"KY650720","KY650720.1","228897","Sida micrantha mosaic virus","no"
"KY964449","KY964449.1","158463","Tomato severe rugose virus","no"
"AF440790","AF440790.1","165826","Melon chlorotic leaf curl virus","no"
"KY420150","KY420150.1","222456","Cotton leaf curl Alabad virus","no"
"KY420141","KY420141.1","222456","Cotton leaf curl Alabad virus","no"
"KY564206","KY564206.1","526476","Tomato leaf curl Palampur virus","no"
"LC314794","LC314794.1","292477","Pepper yellow leaf curl Indonesia virus","no"
"LC314792","LC314792.1","292477","Pepper yellow leaf curl Indonesia virus","no"
"KY064025","KY064025.1","71186","Tomato leaf curl Sinaloa virus","no"
"KY064021","KY064021.1","86502","Tomato yellow mottle virus","no"
"KY064020","KY064020.1","71186","Tomato leaf curl Sinaloa virus","no"
"MF072687","MF072687.1","666144","Cleome leaf crumple virus","no"
"KY196220","KY196220.1","2021666","Macroptilium golden yellow mosaic virus","no"
"KY555799","KY555799.1","666145","Sida Brazil virus","no"
"KY449278","KY449278.1","2015441","Tomato chlorotic leaf curl virus","no"
"KY449276","KY449276.1","2015440","Tomato mosaic Trujillo virus","no"
"KY353798","KY353798.1","1124577","Tomato mild yellow leaf curl Aragua virus","no"
"KY559636","KY559636.1","598494","Euphorbia yellow mosaic virus","no"
"KY559619","KY559619.1","598494","Euphorbia yellow mosaic virus","no"
"KY559614","KY559614.1","598494","Euphorbia yellow mosaic virus","no"
"KY559608","KY559608.1","598494","Euphorbia yellow mosaic virus","no"
"KY559587","KY559587.1","598494","Euphorbia yellow mosaic virus","no"
"KX857726","KX857726.1","2004460","Bean leaf crumple virus","no"
"KY617096","KY617096.1","1982675","Jacquemontia yellow vein virus","no"
"KY617095","KY617095.1","1982675","Jacquemontia yellow vein virus","no"
"KX778475","KX778475.1","526476","Tomato leaf curl Palampur virus","no"
"LN845951","LN845951.1","223347","Tomato leaf curl New Delhi virus","no"
"KX348225","KX348225.1","1949196","Sida bright yellow mosaic virus","no"
"KX348215","KX348215.1","365523","Tomato yellow spot virus","no"
"KX348214","KX348214.1","365523","Tomato yellow spot virus","no"
"KX348209","KX348209.1","365523","Tomato yellow spot virus","no"
"KX348208","KX348208.1","365523","Tomato yellow spot virus","no"
"KX348207","KX348207.1","365523","Tomato yellow spot virus","no"
"KX348204","KX348204.1","228897","Sida micrantha mosaic virus","no"
"KX348196","KX348196.1","228897","Sida micrantha mosaic virus","no"
"KX348191","KX348191.1","228897","Sida micrantha mosaic virus","no"
"KY294727","KY294727.1","1960710","Desmodium mottle virus","no"
"KY294726","KY294726.1","1960710","Desmodium mottle virus","no"
"KX943291","KX943291.1","1774200","Pepper yellow leaf curl Thailand virus","no"
"KX885225","KX885225.1","1774200","Pepper yellow leaf curl Thailand virus","no"
"KX885224","KX885224.1","1774200","Pepper yellow leaf curl Thailand virus","no"
"KT878830","KT878830.1","1812308","Deinbollia mosaic virus","no"
"KT878828","KT878828.1","1812308","Deinbollia mosaic virus","no"
"KT878827","KT878827.1","1812308","Deinbollia mosaic virus","no"
"KT878825","KT878825.1","1812308","Deinbollia mosaic virus","no"
"KX640992","KX640992.1","1266993","Sida yellow blotch virus","no"
"KT861469","KT861469.1","161378","Sri Lankan cassava mosaic virus","no"
"KX096982","KX096982.1","1915203","Common bean severe mosaic virus","no"
"KX096981","KX096981.1","1915203","Common bean severe mosaic virus","no"
"AB849289","AB849289.1","390436","Corchorus golden mosaic virus","no"
"KX259342","KX259342.1","1914953","Chayote enation yellow mosaic virus","no"
"KX259341","KX259341.1","1914953","Chayote enation yellow mosaic virus","no"
"KX259340","KX259340.1","1914953","Chayote enation yellow mosaic virus","no"
"KX011472","KX011472.1","336987","Tobacco leaf curl Cuba virus","no"
"KX011474","KX011474.1","1915202","Common bean mottle virus","no"
"KT899303","KT899303.1","1737555","Passionfruit leaf distortion virus","no"
"KU058861","KU058861.1","1906668","Malvastrum bright yellow mosaic virus","no"
"KU058860","KU058860.1","1906668","Malvastrum bright yellow mosaic virus","no"
"KU058859","KU058859.1","1906668","Malvastrum bright yellow mosaic virus","no"
"KU058858","KU058858.1","1906668","Malvastrum bright yellow mosaic virus","no"
"KU058857","KU058857.1","1906668","Malvastrum bright yellow mosaic virus","no"
"KX691415","KX691415.1","1904882","Sida angular mosaic virus","no"
"KX691414","KX691414.1","1904883","Sida chlorotic vein virus","no"
"KX691413","KX691413.1","1904883","Sida chlorotic vein virus","no"
"KX691412","KX691412.1","1904881","Macroptilium common mosaic virus","no"
"KU665805","KU665805.1","10827","Potato yellow mosaic virus","no"
"KU232892","KU232892.1","649996","Tomato yellow leaf distortion virus","no"
"KU569602","KU569602.1","266799","Tomato yellow leaf curl Kanchanaburi virus","no"
"KX101213","KX101213.1","333361","Corchorus yellow vein virus","no"
"KU360595","KU360595.1","35341","Watermelon chlorotic stunt virus","no"
"KU360594","KU360594.1","35341","Watermelon chlorotic stunt virus","no"
"KT966772","KT966772.1","1747500","Cnidoscolus mosaic leaf deformation virus","no"
"KU683750","KU683750.1","79236","Cotton yellow mosaic virus","no"
"KU683749","KU683749.1","79236","Cotton yellow mosaic virus","no"
"KT454835","KT454835.1","79236","Cotton yellow mosaic virus","no"
"KT444610","KT444610.1","1046573","West African Asystasia virus 1","no"
"KT444608","KT444608.1","1046573","West African Asystasia virus 1","no"
"KT444618","KT444618.1","761702","Soybean chlorotic blotch virus","no"
"KT454810","KT454810.1","761702","Soybean chlorotic blotch virus","no"
"KU245931","KU245931.1","333361","Corchorus yellow vein virus","no"
"KT444606","KT444606.1","1046573","West African Asystasia virus 1","no"
"KT444604","KT444604.1","1046573","West African Asystasia virus 1","no"
"KT454814","KT454814.1","761702","Soybean chlorotic blotch virus","no"
"KU145406","KU145406.1","220340","Bean golden yellow mosaic virus","no"
"KU950431","KU950431.1","223287","Mungbean yellow mosaic India virus","no"
"KU196751","KU196751.1","219299","Tomato leaf curl Gujarat virus","no"
"KT779563","KT779563.1","1129034","Macroptilium yellow spot virus","no"
"KT779560","KT779560.1","1129034","Macroptilium yellow spot virus","no"
"KT779559","KT779559.1","1129034","Macroptilium yellow spot virus","no"
"KT779558","KT779558.1","1129034","Macroptilium yellow spot virus","no"
"KU308386","KU308386.1","31600","Indian cassava mosaic virus","no"
"KU131590","KU131590.1","1825950","Triumfetta yellow mosaic virus","no"
"KU131589","KU131589.1","1825950","Triumfetta yellow mosaic virus","no"
"KT879829","KT879829.1","223317","Sida golden yellow vein virus","no"
"KT879827","KT879827.1","223317","Sida golden yellow vein virus","no"
"AF039841","AF039841.1","51034","Sida golden mosaic virus","no"
"KT895906","KT895906.1","526476","Tomato leaf curl Palampur virus","no"
"KP779634","KP779634.1","223287","Mungbean yellow mosaic India virus","no"
"KP752089","KP752089.1","263793","Horsegram yellow mosaic virus","no"
"KT582303","KT582303.1","1779714","Lycianthes yellow mosaic virus","no"
"HG941652","HG941652.1","10829","Squash leaf curl virus","no"
"KT203559","KT203559.1","536084","Tomato common mosaic virus","no"
"KT948788","KT948788.1","1742596","Pavonia yellow mosaic virus","no"
"KT948786","KT948786.1","1772258","Pavonia mosaic virus","no"
"KT381194","KT381194.1","457286","Rhynchosia golden mosaic Yucatan virus","no"
"KT272772","KT272772.1","35341","Watermelon chlorotic stunt virus","no"
"KT099169","KT099169.1","223282","Macroptilium mosaic Puerto Rico virus","no"
"KT099168","KT099168.1","2169743","Whitefly-associated begomovirus 6","no"
"KT099167","KT099167.1","2169743","Whitefly-associated begomovirus 6","no"
"KT099166","KT099166.1","1740343","VEM begomovirus 5","no"
"KT099164","KT099164.1","223356","Tomato mosaic Havana virus","no"
"KT099163","KT099163.1","2169741","Whitefly-associated begomovirus 3","no"
"KT099162","KT099162.1","2169741","Whitefly-associated begomovirus 3","no"
"KT099161","KT099161.1","223316","Sida golden mosaic Honduras virus","no"
"KT099160","KT099160.1","165826","Melon chlorotic leaf curl virus","no"
"KT201154","KT201154.1","1742595","Melochia yellow mosaic virus","no"
"KT201152","KT201152.1","1742594","Melochia mosaic virus","no"
"KP641350","KP641350.1","457286","Rhynchosia golden mosaic Yucatan virus","no"
"KP641348","KP641348.1","457286","Rhynchosia golden mosaic Yucatan virus","no"
"KP641346","KP641346.1","565052","Tobacco yellow crinkle virus","no"
"KP752091","KP752091.1","529680","Rhynchosia yellow mosaic virus","no"
"KR349062","KR349062.1","543876","Jatropha leaf curl virus","no"
"KR263178","KR263178.1","1701549","Tomato chlorotic mottle Guyane virus","no"
"KR263177","KR263177.1","1701549","Tomato chlorotic mottle Guyane virus","no"
"KR263176","KR263176.1","1701549","Tomato chlorotic mottle Guyane virus","no"
"KR263175","KR263175.1","1701549","Tomato chlorotic mottle Guyane virus","no"
"KR263174","KR263174.1","1701549","Tomato chlorotic mottle Guyane virus","no"
"KT001508","KT001508.1","390438","Clerodendron golden mosaic virus","no"
"KP828155","KP828155.1","223287","Mungbean yellow mosaic India virus","no"
"KP235538","KP235538.1","219299","Tomato leaf curl Gujarat virus","no"
"KR611580","KR611580.1","161378","Sri Lankan cassava mosaic virus","no"
"KR611578","KR611578.1","161378","Sri Lankan cassava mosaic virus","no"
"LN848927","LN848927.1","223303","Pepper huasteco yellow vein virus","no"
"LN848911","LN848911.1","223303","Pepper huasteco yellow vein virus","no"
"LN848908","LN848908.1","223303","Pepper huasteco yellow vein virus","no"
"LN848907","LN848907.1","223303","Pepper huasteco yellow vein virus","no"
"LN848893","LN848893.1","223303","Pepper huasteco yellow vein virus","no"
"LN848840","LN848840.1","223301","Pepper golden mosaic virus","no"
"LN848839","LN848839.1","223301","Pepper golden mosaic virus","no"
"LN848834","LN848834.1","223301","Pepper golden mosaic virus","no"
"LN848816","LN848816.1","223301","Pepper golden mosaic virus","no"
"LN848813","LN848813.1","223301","Pepper golden mosaic virus","no"
"LN611625","LN611625.1","10815","Abutilon mosaic virus","no"
"LN611624","LN611624.1","10815","Abutilon mosaic virus","no"
"FN436002","FN436002.1","666145","Sida Brazil virus","no"
"FN434439","FN434439.1","665102","Abutilon Brazil virus","no"
"FN543426","FN543426.1","667119","Velvet bean severe mosaic virus","no"
"AM999982","AM999982.1","529680","Rhynchosia yellow mosaic virus","no"
"X15984","X15984.3","10815","Abutilon mosaic virus","no"
"Y15033","Y15033.1","223307","Potato yellow mosaic Panama virus","no"
"KP663484","KP663484.1","1611435","Asystasia mosaic Madagascar virus","no"
"KM887129","KM887129.1","1532882","Coccinia mosaic Tamil Nadu virus","no"
"KP319017","KP319017.1","33726","Mungbean yellow mosaic virus","no"
"AB971857","AB971857.1","390436","Corchorus golden mosaic virus","no"
"AB971847","AB971847.1","390436","Corchorus golden mosaic virus","no"
"AB971845","AB971845.1","390436","Corchorus golden mosaic virus","no"
"JF694485","JF694485.1","1046573","West African Asystasia virus 1","no"
"KM243017","KM243017.1","1266458","Tomato mottle wrinkle virus","no"
"KM190928","KM190928.1","1513489","Bitter gourd yellow vein virus","no"
"JQ714138","JQ714138.2","1266458","Tomato mottle wrinkle virus","no"
"KF670637","KF670637.1","180399","Melon chlorotic mosaic virus","no"
"KF670627","KF670627.1","180399","Melon chlorotic mosaic virus","no"
"KF670623","KF670623.1","180399","Melon chlorotic mosaic virus","no"
"KF670615","KF670615.1","180399","Melon chlorotic mosaic virus","no"
"HE806449","HE806449.1","223321","Sida yellow vein virus","no"
"HE806445","HE806445.1","1188810","Sida golden mosaic Liguanea virus","no"
"HE806443","HE806443.1","223314","Sida golden mosaic Florida virus","no"
"HE806441","HE806441.1","564944","Tomato yellow distortion leaf virus","no"
"HE806439","HE806439.1","564944","Tomato yellow distortion leaf virus","no"
"KJ887724","KJ887724.1","63723","South African cassava mosaic virus","no"
"KJ887721","KJ887721.1","63723","South African cassava mosaic virus","no"
"KJ887711","KJ887711.1","63723","South African cassava mosaic virus","no"
"KJ887705","KJ887705.1","10817","African cassava mosaic virus","no"
"KJ887688","KJ887688.1","223262","East African cassava mosaic Cameroon virus","no"
"KJ887644","KJ887644.1","63723","South African cassava mosaic virus","no"
"KJ887593","KJ887593.1","10817","African cassava mosaic virus","no"
"KJ887587","KJ887587.1","10817","African cassava mosaic virus","no"
"KJ862842","KJ862842.1","1513489","Bitter gourd yellow vein virus","no"
"KJ826528","KJ826528.1","1032478","Chenopodium leaf curl virus","no"
"KM244718","KM244718.1","1532882","Coccinia mosaic Tamil Nadu virus","no"
"HE800539","HE800539.1","35341","Watermelon chlorotic stunt virus","no"
"KJ742422","KJ742422.1","932070","Sida mosaic Bolivia virus 2","no"
"HM585446","HM585446.1","932071","Abutilon mosaic Bolivia virus","no"
"HM585444","HM585444.1","932070","Sida mosaic Bolivia virus 2","no"
"HM585442","HM585442.1","932069","Sida mosaic Bolivia virus 1","no"
"KJ579954","KJ579954.1","10829","Squash leaf curl virus","no"
"KJ481206","KJ481206.1","333968","Dolichos yellow mosaic virus","no"
"KJ481205","KJ481205.1","333968","Dolichos yellow mosaic virus","no"
"KC769820","KC769820.1","1387160","Pepper leafroll virus","no"
"KF661332","KF661332.1","1490227","Jacquemontia yellow mosaic virus","no"
"KJ174337","KJ174337.1","75574","Jatropha mosaic virus","no"
"KJ174335","KJ174335.1","75574","Jatropha mosaic virus","no"
"KJ174334","KJ174334.1","75574","Jatropha mosaic virus","no"
"KF998098","KF998098.1","75574","Jatropha mosaic virus","no"
"KF723261","KF723261.1","75574","Jatropha mosaic virus","no"
"JQ805780","JQ805780.1","1264782","Corchorus mottle virus","no"
"JX863403","JX863403.1","223262","East African cassava mosaic Cameroon virus","no"
"KF358471","KF358471.1","1396815","Cotton chlorotic spot virus","no"
"KF446674","KF446674.1","266799","Tomato yellow leaf curl Kanchanaburi virus","no"
"KF446666","KF446666.1","266799","Tomato yellow leaf curl Kanchanaburi virus","no"
"KF446662","KF446662.1","266799","Tomato yellow leaf curl Kanchanaburi virus","no"
"JX658684","JX658684.1","223264","East African cassava mosaic Malawi virus","no"
"JX658683","JX658683.1","223264","East African cassava mosaic Malawi virus","no"
"HE979791","HE979791.1","10817","African cassava mosaic virus","no"
"HE979789","HE979789.1","10817","African cassava mosaic virus","no"
"HE979776","HE979776.1","62079","East African cassava mosaic virus","no"
"KC911726","KC911726.1","33726","Mungbean yellow mosaic virus","no"
"FM242702","FM242702.1","33726","Mungbean yellow mosaic virus","no"
"KC706667","KC706667.1","55216","Tomato yellow vein streak virus","no"
"KC706660","KC706660.1","55216","Tomato yellow vein streak virus","no"
"KC706659","KC706659.1","55216","Tomato yellow vein streak virus","no"
"KC706656","KC706656.1","55216","Tomato yellow vein streak virus","no"
"KC706624","KC706624.1","158463","Tomato severe rugose virus","no"
"KC706614","KC706614.1","536086","Tomato mild mosaic virus","no"
"KC706613","KC706613.1","536086","Tomato mild mosaic virus","no"
"KC706612","KC706612.1","536086","Tomato mild mosaic virus","no"
"KC706609","KC706609.1","536086","Tomato mild mosaic virus","no"
"KC706600","KC706600.1","536084","Tomato common mosaic virus","no"
"KC706599","KC706599.1","536084","Tomato common mosaic virus","no"
"KC706593","KC706593.1","536084","Tomato common mosaic virus","no"
"KC706567","KC706567.1","172391","Tomato chlorotic mottle virus","no"
"KC706564","KC706564.1","172391","Tomato chlorotic mottle virus","no"
"KC706563","KC706563.1","172391","Tomato chlorotic mottle virus","no"
"KC706525","KC706525.1","536081","Blainvillea yellow spot virus","no"
"KC706524","KC706524.1","536081","Blainvillea yellow spot virus","no"
"KC426928","KC426928.1","2049955","Capraria yellow spot virus","no"
"KC430937","KC430937.1","1312724","Vigna yellow mosaic virus","no"
"JQ283246","JQ283246.1","1227355","Bean chlorotic mosaic virus","no"
"JN848771","JN848771.1","1227354","Bean chlorosis virus","no"
"KC019307","KC019307.1","263793","Horsegram yellow mosaic virus","no"
"KC171653","KC171653.1","399387","Tomato leaf curl Hsinchu virus","no"
"KC171651","KC171651.1","399387","Tomato leaf curl Hsinchu virus","no"
"HE806430","HE806430.1","223275","East African cassava mosaic Zanzibar virus","no"
"HE806429","HE806429.1","223275","East African cassava mosaic Zanzibar virus","no"
"AY508994","AY508994.2","260909","Tomato yellow margin leaf curl virus","no"
"JN848776","JN848776.1","1227356","Dalechampia chlorotic mosaic virus","no"
"JN848774","JN848774.1","1227357","Datura leaf distortion virus","no"
"JX122966","JX122966.1","1221206","Soybean chlorotic spot virus","no"
"EU914818","EU914818.1","619599","Okra mottle virus","no"
"KC153491","KC153491.1","1051966","Squash yellow mild mottle virus","no"
"KC176781","KC176781.1","86502","Tomato yellow mottle virus","no"
"FJ539015","FJ539015.1","390437","Kudzu mosaic virus","no"
"JX857692","JX857692.1","1264880","Sida ciliaris golden mosaic virus","no"
"FJ999999","FJ999999.1","649996","Tomato yellow leaf distortion virus","no"
"JF909219","JF909219.1","393599","East African cassava mosaic Kenya virus","no"
"JF909201","JF909201.1","393599","East African cassava mosaic Kenya virus","no"
"JX827488","JX827488.1","1246650","Blechum interveinal chlorosis virus","no"
"HM585432","HM585432.1","228897","Sida micrantha mosaic virus","no"
"JX219473","JX219473.1","327280","Okra yellow mosaic Mexico virus","no"
"JX219472","JX219472.1","327280","Okra yellow mosaic Mexico virus","no"
"JX219471","JX219471.1","327280","Okra yellow mosaic Mexico virus","no"
"FJ218489","FJ218489.1","509532","Gossypium punctatum mild leaf curl virus","no"
"FJ218488","FJ218488.1","509532","Gossypium punctatum mild leaf curl virus","no"
"JX131282","JX131282.1","10829","Squash leaf curl virus","no"
"JX162593","JX162593.1","223317","Sida golden yellow vein virus","no"
"JX162592","JX162592.1","1513525","Sida golden mosaic Buckup virus","no"
"JQ821387","JQ821387.1","1198450","Jacquemontia mosaic Yucatan virus","no"
"JN381828","JN381828.1","1162280","Tomato rugose yellow leaf curl virus","no"
"JN381826","JN381826.1","1162280","Tomato rugose yellow leaf curl virus","no"
"JN381822","JN381822.1","1162280","Tomato rugose yellow leaf curl virus","no"
"JN381816","JN381816.1","1162280","Tomato rugose yellow leaf curl virus","no"
"JN381814","JN381814.1","1162280","Tomato rugose yellow leaf curl virus","no"
"JN564750","JN564750.1","1195378","Tomato dwarf leaf virus","no"
"HQ542082","HQ542082.1","1088661","Bhendi yellow vein Delhi virus","no"
"JF803265","JF803265.1","296190","Tomato golden vein virus","no"
"JF803264","JF803264.1","172394","Tomato mottle leaf curl virus","no"
"JF694483","JF694483.1","1046572","Abutilon mosaic Brazil virus","no"
"JF694479","JF694479.1","1046572","Abutilon mosaic Brazil virus","no"
"JF694477","JF694477.1","536081","Blainvillea yellow spot virus","no"
"JF694475","JF694475.1","1046571","Sida mosaic Alagoas virus","no"
"JF694474","JF694474.1","1046571","Sida mosaic Alagoas virus","no"
"JF694473","JF694473.1","1046571","Sida mosaic Alagoas virus","no"
"JF694470","JF694470.1","536081","Blainvillea yellow spot virus","no"
"JF694467","JF694467.1","536081","Blainvillea yellow spot virus","no"
"JF694466","JF694466.1","666144","Cleome leaf crumple virus","no"
"JF694465","JF694465.1","666144","Cleome leaf crumple virus","no"
"JF694463","JF694463.1","666144","Cleome leaf crumple virus","no"
"JF694460","JF694460.1","666144","Cleome leaf crumple virus","no"
"JF694457","JF694457.1","10839","Bean golden mosaic virus","no"
"JF694456","JF694456.1","10839","Bean golden mosaic virus","no"
"JN419011","JN419011.1","1129036","Tomato crinkle leaf yellows virus","no"
"JN419010","JN419010.1","1129036","Tomato crinkle leaf yellows virus","no"
"JN419008","JN419008.1","10839","Bean golden mosaic virus","no"
"JN418999","JN418999.1","1129033","Macroptilium yellow net virus","no"
"HE617300","HE617300.1","1125764","Cassava mosaic Madagascar virus","no"
"AY090556","AY090556.1","191461","Tomato crinkle yellow leaf virus","no"
"EF547938","EF547938.1","1124577","Tomato mild yellow leaf curl Aragua virus","no"
"JN411690","JN411690.1","223317","Sida golden yellow vein virus","no"
"HQ896202","HQ896202.1","77811","Euphorbia mosaic virus","no"
"HQ822124","HQ822124.1","1093958","Sida yellow mottle virus","no"
"JN368146","JN368146.1","1124577","Tomato mild yellow leaf curl Aragua virus","no"
"JN368447","JN368447.1","223287","Mungbean yellow mosaic India virus","no"
"JN208137","JN208137.1","223347","Tomato leaf curl New Delhi virus","no"
"JF694491","JF694491.1","10831","Tomato golden mosaic virus","no"
"JF694489","JF694489.1","10831","Tomato golden mosaic virus","no"
"HQ201953","HQ201953.1","1077859","Tomato chlorotic leaf distortion virus","no"
"HQ586007","HQ586007.1","120168","Bhendi yellow vein mosaic virus","no"
"HQ586006","HQ586006.1","120168","Bhendi yellow vein mosaic virus","no"
"HQ586005","HQ586005.1","120168","Bhendi yellow vein mosaic virus","no"
"JF746196","JF746196.1","269277","Squash leaf curl Philippines virus","no"
"JN241633","JN241633.1","1077859","Tomato chlorotic leaf distortion virus","no"
"JF496656","JF496656.1","31600","Indian cassava mosaic virus","no"
"HQ009520","HQ009520.1","223317","Sida golden yellow vein virus","no"
"HQ009518","HQ009518.1","1513525","Sida golden mosaic Buckup virus","no"
"FR851301","FR851301.1","10827","Potato yellow mosaic virus","no"
"HM777512","HM777512.1","935473","Rhynchosia yellow mosaic India virus","no"
"HM777511","HM777511.1","935473","Rhynchosia yellow mosaic India virus","no"
"HM777510","HM777510.1","935473","Rhynchosia yellow mosaic India virus","no"
"AF325498","AF325498.2","165826","Melon chlorotic leaf curl virus","no"
"HQ606468","HQ606468.1","158463","Tomato severe rugose virus","no"
"HQ896204","HQ896204.1","565052","Tobacco yellow crinkle virus","no"
"FR856888","FR856888.1","526476","Tomato leaf curl Palampur virus","no"
"HM859903","HM859903.1","1032482","Whitefly VEM 2 begomovirus","no"
"HM626517","HM626517.1","51034","Sida golden mosaic virus","no"
"FJ826890","FJ826890.1","223262","East African cassava mosaic Cameroon virus","no"
"HQ141675","HQ141675.1","935473","Rhynchosia yellow mosaic India virus","no"
"FJ944022","FJ944022.1","714309","Merremia mosaic Puerto Rico virus","no"
"FJ944020","FJ944020.1","714308","Rhynchosia mild mosaic virus","no"
"HQ317135","HQ317135.1","390438","Clerodendron golden mosaic virus","no"
"HM585436","HM585436.1","932073","Solanum mosaic Bolivia virus","no"
"HQ162272","HQ162272.1","390437","Kudzu mosaic virus","no"
"HM236371","HM236371.1","1513520","Rhynchosia rugose golden mosaic virus","no"
"HM236369","HM236369.1","1513516","Rhynchosia golden mosaic Havana virus","no"
"AF141897","AF141897.1","85752","Tomato yellow leaf curl Thailand virus","no"
"HQ185235","HQ185235.1","77811","Euphorbia mosaic virus","no"
"HM359016","HM359016.1","223314","Sida golden mosaic Florida virus","no"
"HM003778","HM003778.1","223314","Sida golden mosaic Florida virus","no"
"DQ641693","DQ641693.1","390438","Clerodendron golden mosaic virus","no"
"DQ641691","DQ641691.1","390437","Kudzu mosaic virus","no"
"HM035060","HM035060.1","327280","Okra yellow mosaic Mexico virus","no"
"GU208521","GU208521.1","85752","Tomato yellow leaf curl Thailand virus","no"
"GU208520","GU208520.1","85752","Tomato yellow leaf curl Thailand virus","no"
"GU208519","GU208519.1","85752","Tomato yellow leaf curl Thailand virus","no"
"HM163577","HM163577.1","180399","Melon chlorotic mosaic virus","no"
"FJ807783","FJ807783.1","77811","Euphorbia mosaic virus","no"
"AF509742","AF509742.1","223323","Squash leaf curl China virus","no"
"AF112355","AF112355.1","223262","East African cassava mosaic Cameroon virus","no"
"AF012301","AF012301.1","223358","Tomato mottle Taino virus","no"
"U51138","U51138.1","10815","Abutilon mosaic virus","no"
"L14461","L14461.1","10835","Tomato mottle virus","no"
"M73794","M73794.1","10831","Tomato golden mosaic virus","no"
"L01636","L01636.1","220340","Bean golden yellow mosaic virus","no"
"M91605","M91605.1","220340","Bean golden yellow mosaic virus","no"
"M88687","M88687.1","10839","Bean golden mosaic virus","no"
"GQ472988","GQ472988.1","761702","Soybean chlorotic blotch virus","no"
"GQ472986","GQ472986.1","761702","Soybean chlorotic blotch virus","no"
"GU997692","GU997692.1","759390","Sida golden mottle virus","no"
"GU972604","GU972604.1","327280","Okra yellow mosaic Mexico virus","no"
"AF230375","AF230375.1","62079","East African cassava mosaic virus","no"
"GU967382","GU967382.1","223323","Squash leaf curl China virus","no"
"GQ924761","GQ924761.1","31600","Indian cassava mosaic virus","no"
"FJ874927","FJ874927.1","399387","Tomato leaf curl Hsinchu virus","no"
"FJ874926","FJ874926.1","399387","Tomato leaf curl Hsinchu virus","no"
"AY727904","AY727904.1","333361","Corchorus yellow vein virus","no"
"AF509740","AF509740.1","207240","Luffa yellow mosaic virus","no"
"AF449193","AF449193.1","223282","Macroptilium mosaic Puerto Rico virus","no"
"AY044136","AY044136.1","223284","Macroptilium yellow mosaic Florida virus","no"
"AY044134","AY044134.1","223282","Macroptilium mosaic Puerto Rico virus","no"
"AF491306","AF491306.1","172391","Tomato chlorotic mottle virus","no"
"AF421553","AF421553.1","223324","Squash mild leaf curl virus","no"
"AF327559","AF327559.1","134681","Cucurbit leaf crumple virus","no"
"AF224761","AF224761.2","134681","Cucurbit leaf crumple virus","no"
"AF291706","AF291706.1","134599","Tomato rugose mosaic virus","no"
"EF532621","EF532621.1","10829","Squash leaf curl virus","no"
"AF226666","AF226666.1","47838","Chino del tomate virus","no"
"AF170101","AF170101.1","94700","Dicliptera yellow mottle virus","no"
"AF173556","AF173556.1","220340","Bean golden yellow mosaic virus","no"
"AF110190","AF110190.1","31602","Bean calico mosaic virus","no"
"AF101478","AF101478.1","47838","Chino del tomate virus","no"
"AF007823","AF007823.1","47838","Chino del tomate virus","no"
"FJ972768","FJ972768.1","648801","Passionfruit severe leaf distortion virus","no"
"GQ355487","GQ355487.1","51673","Wissadula golden mosaic virus","no"
"AM709505","AM709505.1","223323","Squash leaf curl China virus","no"
"GQ183864","GQ183864.1","390436","Corchorus golden mosaic virus","no"
"FJ686696","FJ686696.1","619599","Okra mottle virus","no"
"FJ668379","FJ668379.1","526476","Tomato leaf curl Palampur virus","no"
"EF417916","EF417916.1","55216","Tomato yellow vein streak virus","no"
"DQ178611","DQ178611.1","345184","Cabbage leaf curl Jamaica virus","no"
"DQ178609","DQ178609.1","345184","Cabbage leaf curl Jamaica virus","no"
"DQ865203","DQ865203.1","33726","Mungbean yellow mosaic virus","no"
"DQ336354","DQ336354.1","172391","Tomato chlorotic mottle virus","no"
"DQ336352","DQ336352.1","366920","Tomato mild leaf curl virus - [Uberlandia]","no"
"DQ318938","DQ318938.1","77811","Euphorbia mosaic virus","no"
"DQ285017","DQ285017.1","10829","Squash leaf curl virus","no"
"DQ285015","DQ285015.1","223324","Squash mild leaf curl virus","no"
"AY965898","AY965898.1","10827","Potato yellow mosaic virus","no"
"AY742221","AY742221.1","77647","Cotton leaf crumple virus","no"
"AY184488","AY184488.1","223323","Squash leaf curl China virus","no"
"AF480941","AF480941.1","77647","Cotton leaf crumple virus","no"
"AY120883","AY120883.1","10827","Potato yellow mosaic virus","no"
"U57458","U57458.1","47838","Chino del tomate virus","no"
"M10080","M10080.1","220340","Bean golden yellow mosaic virus","no"
"FM208848","FM208848.1","529680","Rhynchosia yellow mosaic virus","no"
"FN396972","FN396972.1","399387","Tomato leaf curl Hsinchu virus","no"
"DQ644560","DQ644560.1","77813","Merremia mosaic virus","no"
"DQ644559","DQ644559.1","77813","Merremia mosaic virus","no"
"FJ981727","FJ981727.1","51676","Macroptilium golden mosaic virus","no"
"FJ600485","FJ600485.1","376612","Malvastrum yellow mosaic Jamaica virus","no"
"FJ600484","FJ600484.1","376612","Malvastrum yellow mosaic Jamaica virus","no"
"FJ792608","FJ792608.1","457286","Rhynchosia golden mosaic Yucatan virus","no"
"EU384578","EU384578.1","509532","Gossypium punctatum mild leaf curl virus","no"
"EU384577","EU384577.1","509532","Gossypium punctatum mild leaf curl virus","no"
"EU384576","EU384576.1","509532","Gossypium punctatum mild leaf curl virus","no"
"AM932430","AM932430.1","263793","Horsegram yellow mosaic virus","no"
"AM932428","AM932428.1","263793","Horsegram yellow mosaic virus","no"
"AB267839","AB267839.1","292477","Pepper yellow leaf curl Indonesia virus","no"
"AB267837","AB267837.1","292477","Pepper yellow leaf curl Indonesia virus","no"
"AB267835","AB267835.1","292477","Pepper yellow leaf curl Indonesia virus","no"
"AB085794","AB085794.1","269277","Squash leaf curl Philippines virus","no"
"EU710755","EU710755.1","536084","Tomato common mosaic virus","no"
"EU710753","EU710753.1","536086","Tomato mild mosaic virus","no"
"M88180","M88180.1","10838","Bean dwarf mosaic virus","no"
"FJ011673","FJ011673.1","559878","Clerodendrum golden mosaic China virus","no"
"FJ011671","FJ011671.1","559878","Clerodendrum golden mosaic China virus","no"
"FJ011669","FJ011669.1","559878","Clerodendrum golden mosaic China virus","no"
"AJ575820","AJ575820.1","31600","Indian cassava mosaic virus","no"
"EU740969","EU740969.1","77811","Euphorbia mosaic virus","no"
"EF585292","EF585292.1","169865","Macroptilium yellow mosaic virus","no"
"EF585291","EF585291.1","169865","Macroptilium yellow mosaic virus","no"
"EF585289","EF585289.1","169865","Macroptilium yellow mosaic virus","no"
"EF582841","EF582841.1","169865","Macroptilium yellow mosaic virus","no"
"AM886130","AM886130.1","10815","Abutilon mosaic virus","no"
"EF534708","EF534708.1","158463","Tomato severe rugose virus","no"
"AY190291","AY190291.1","219299","Tomato leaf curl Gujarat virus","no"
"EU339937","EU339937.1","117198","Rhynchosia golden mosaic virus","no"
"EU158097","EU158097.1","51676","Macroptilium golden mosaic virus","no"
"EU158095","EU158095.1","51673","Wissadula golden mosaic virus","no"
"DQ875873","DQ875873.1","408719","Sida yellow mosaic Yucatan virus","no"
"DQ875871","DQ875871.1","361731","Desmodium leaf distortion virus","no"
"DQ875869","DQ875869.1","403897","Corchorus yellow spot virus","no"
"EF577267","EF577267.1","85752","Tomato yellow leaf curl Thailand virus","no"
"EF537046","EF537046.1","51034","Sida golden mosaic virus","no"
"AY965901","AY965901.2","10835","Tomato mottle virus","no"
"AM260207","AM260207.1","223323","Squash leaf curl China virus","no"
"AJ704973","AJ704973.1","62079","East African cassava mosaic virus","no"
"AJ704970","AJ704970.1","393599","East African cassava mosaic Kenya virus","no"
"AJ704969","AJ704969.1","393599","East African cassava mosaic Kenya virus","no"
"AJ704962","AJ704962.1","62079","East African cassava mosaic virus","no"
"AJ704955","AJ704955.1","62079","East African cassava mosaic virus","no"
"AJ704943","AJ704943.1","223275","East African cassava mosaic Zanzibar virus","no"
"AJ704940","AJ704940.1","223275","East African cassava mosaic Zanzibar virus","no"
"DQ178613","DQ178613.1","345184","Cabbage leaf curl Jamaica virus","no"
"AY965899","AY965899.1","77813","Merremia mosaic virus","no"
"DQ406674","DQ406674.1","223342","Tomato golden mottle virus","no"
"AJ875158","AJ875158.1","223347","Tomato leaf curl New Delhi virus","no"
"DQ356429","DQ356429.1","117198","Rhynchosia golden mosaic virus","no"
"DQ356428","DQ356428.1","367850","Sida mosaic Sinaloa virus","no"
"AJ628732","AJ628732.1","223275","East African cassava mosaic Zanzibar virus","no"
"AJ508783","AJ508783.1","71186","Tomato leaf curl Sinaloa virus","no"
"AJ508782","AJ508782.1","71186","Tomato leaf curl Sinaloa virus","no"
"AJ439057","AJ439057.1","33726","Mungbean yellow mosaic virus","no"
"AJ627905","AJ627905.1","263793","Horsegram yellow mosaic virus","no"
"Y14875","Y14875.1","223356","Tomato mosaic Havana virus","no"
"Y11100","Y11100.1","223321","Sida yellow vein virus","no"
"Y11098","Y11098.1","223316","Sida golden mosaic Honduras virus","no"
"Y11101","Y11101.1","223321","Sida yellow vein virus","no"
"X99551","X99551.1","223313","Sida golden mosaic Costa Rica virus","no"
"K02030","K02030.1","10831","Tomato golden mosaic virus","no"
"AJ250731","AJ250731.1","51034","Sida golden mosaic virus","no"
"AJ012082","AJ012082.1","35341","Watermelon chlorotic stunt virus","no"
"Z24759","Z24759.1","31600","Indian cassava mosaic virus","no"
"22a","22a","pepyvmvb","pepyvmvb","no"
