{
    "files": {
        "phylo_model": "phylo_modelBaJOFd.json", 
        "taxonomy": "begomovirusB_taxonomy.csv", 
        "tree": "begomoB_ROOTED.tre", 
        "aln_fasta": "begomoB_DOUBLE.fas", 
        "seq_info": "begomovirusB_info.csv", 
        "tree_stats": "begomoB.log"
    }, 
    "rollback": null, 
    "log": [
        "Stripped refpkg (removed 0 files)", 
        "Loaded initial files into empty refpkg"
    ], 
    "metadata": {
        "create_date": "2019-02-07 15:56:45", 
        "format_version": "1.1", 
        "locus": "begomovirusB"
    }, 
    "rollforward": null, 
    "md5": {
        "phylo_model": "f2d7aa905d539021db66e88a79bacf3c", 
        "taxonomy": "960ad9b7a884c19ca8aa81aa6be716ec", 
        "tree": "62638bc981667d457517f124ae153e63", 
        "aln_fasta": "a839d306d685a68649a76d232f8228c8", 
        "seq_info": "dfce4e6e56ff6724e9b1e150c001515d", 
        "tree_stats": "2e369fa252a82f2673ec32d6b82666be"
    }
}
