{
    "files": {
        "phylo_model": "phylo_modelbOlWxy.json", 
        "taxonomy": "taxa.csv", 
        "tree": "RAxML_result.recalc.root.ref.tre", 
        "aln_fasta": "combined_16S.archaea.tax.clean.align.fasta", 
        "seq_info": "seq_info.updated.csv", 
        "aln_sto": "combined_16S.archaea.tax.clean.align.sto", 
        "tree_stats": "RAxML_info.recalc.root.ref.tre"
    }, 
    "rollback": null, 
    "log": [
        "Stripped refpkg (removed 0 files)", 
        "Loaded initial files into empty refpkg"
    ], 
    "metadata": {
        "create_date": "2019-06-25 13:27:29", 
        "format_version": "1.1", 
        "locus": "16S_rRNA"
    }, 
    "rollforward": null, 
    "md5": {
        "phylo_model": "07225e0ac330732e989d94f4bb059ddf", 
        "taxonomy": "27629ba8f5b0e963d89d317d2b2b044a", 
        "tree": "5a5e07f5f9e933b47d55971c68730031", 
        "aln_fasta": "a3fc4decd6181ef23f609b3a3c74358a", 
        "seq_info": "843cdd47c94c6fc7c8f7cd6528c61823", 
        "aln_sto": "ef2584b5c610cbc98f869e5f745fc9d9", 
        "tree_stats": "b76e59f3a165ac3e78c3211a113549c9"
    }
}
