{
    "files": {
        "phylo_model": "phylo_modelEbqzld.json", 
        "taxonomy": "potexvirus_taxonomy.csv", 
        "tree": "treeq5Lwe3.tre", 
        "aln_fasta": "potexvirus_MAFFT.fasta", 
        "seq_info": "potexvirus_info.csv", 
        "tree_stats": "potexvirus.log"
    }, 
    "rollback": {
        "files": {
            "phylo_model": "phylo_modelEbqzld.json", 
            "taxonomy": "potexvirus_taxonomy.csv", 
            "tree": "potexvirus.tre", 
            "aln_fasta": "potexvirus_MAFFT.fasta", 
            "seq_info": "potexvirus_info.csv", 
            "tree_stats": "potexvirus.log"
        }, 
        "rollback": null, 
        "metadata": {
            "create_date": "2019-11-28 11:31:31", 
            "format_version": "1.1", 
            "locus": "potexvirus"
        }, 
        "md5": {
            "phylo_model": "3052c5d85e0c3e3cf4c27e5c0f63b69a", 
            "taxonomy": "50d053c5039d6934a73f27ed43246fdc", 
            "tree": "812091669e5644d906c6f6fa5a2b891d", 
            "aln_fasta": "ba35b2d7119a9548f5bab435e620cbbe", 
            "seq_info": "2a685591f7cea628c4434913c34771b0", 
            "tree_stats": "52e04ac51d83b47f481b7f35170492e3"
        }
    }, 
    "log": [
        "Rerooted", 
        "Stripped refpkg (removed 0 files)", 
        "Loaded initial files into empty refpkg"
    ], 
    "metadata": {
        "create_date": "2019-11-28 11:31:31", 
        "format_version": "1.1", 
        "locus": "potexvirus"
    }, 
    "rollforward": null, 
    "md5": {
        "phylo_model": "3052c5d85e0c3e3cf4c27e5c0f63b69a", 
        "taxonomy": "50d053c5039d6934a73f27ed43246fdc", 
        "tree": "05deb4773de09cd9cbc67b3a624a6c46", 
        "aln_fasta": "ba35b2d7119a9548f5bab435e620cbbe", 
        "seq_info": "2a685591f7cea628c4434913c34771b0", 
        "tree_stats": "52e04ac51d83b47f481b7f35170492e3"
    }
}
