"seqname","accession","tax_id","species","is_type"
"MK558273","MK558273",12183,"Potato virus X","no"
"MN182534","MN182534",112229,"Pepino mosaic virus","no"
"LC179614","LC179614",35286,"Bamboo mosaic virus","no"
"LC179613","LC179613",35286,"Bamboo mosaic virus","no"
"MH886522","MH886522",167132,"Tulip virus X","no"
"MH886521","MH886521",167132,"Tulip virus X","no"
"MK391571","MK391571",112229,"Pepino mosaic virus","no"
"MK391570","MK391570",112229,"Pepino mosaic virus","no"
"MK391569","MK391569",112229,"Pepino mosaic virus","no"
"MK816927","MK816927",12178,"Cymbidium mosaic virus","no"
"LC460456","LC460456",2510428,"Cnidium virus X","no"
"MH423501","MH423501",85454,"Alternanthera mosaic virus","no"
"MH282866","MH282866",12183,"Potato virus X","no"
"MK133094","MK133094",112229,"Pepino mosaic virus","no"
"MK133092","MK133092",112229,"Pepino mosaic virus","no"
"MH069212","MH069212",12183,"Potato virus X","no"
"MH645157","MH645157",12181,"Papaya mosaic virus","no"
"MH645156","MH645156",12181,"Papaya mosaic virus","no"
"LC278459","LC278459",35286,"Bamboo mosaic virus","no"
"LC278458","LC278458",35286,"Bamboo mosaic virus","no"
"MH360257","MH360257",167132,"Tulip virus X","no"
"MH360256","MH360256",167132,"Tulip virus X","no"
"MH360255","MH360255",167132,"Tulip virus X","no"
"MH360252","MH360252",28354,"Plantago asiatica mosaic virus","no"
"MH360251","MH360251",28354,"Plantago asiatica mosaic virus","no"
"MH360250","MH360250",28354,"Plantago asiatica mosaic virus","no"
"MH360249","MH360249",28354,"Plantago asiatica mosaic virus","no"
"MG356507","MG356507",12182,"Potato aucuba mosaic virus","no"
"MG356506","MG356506",12182,"Potato aucuba mosaic virus","no"
"MG356505","MG356505",12182,"Potato aucuba mosaic virus","no"
"LC422371","LC422371",28354,"Plantago asiatica mosaic virus","no"
"MH379106","MH379106",12182,"Potato aucuba mosaic virus","no"
"MH077559","MH077559",2292642,"Turtle grass virus X","no"
"MH579716","MH579716",2283800,"Potexvirus sp.","no"
"MF573299","MF573299",12179,"Foxtail mosaic virus","no"
"MH025891","MH025891",28354,"Plantago asiatica mosaic virus","no"
"KY923700","KY923700",28354,"Plantago asiatica mosaic virus","no"
"MF405302","MF405302",12183,"Potato virus X","no"
"MF422616","MF422616",112229,"Pepino mosaic virus","no"
"MF422615","MF422615",112229,"Pepino mosaic virus","no"
"MF422614","MF422614",112229,"Pepino mosaic virus","no"
"MF422613","MF422613",112229,"Pepino mosaic virus","no"
"MF422612","MF422612",112229,"Pepino mosaic virus","no"
"MF422611","MF422611",112229,"Pepino mosaic virus","no"
"KX150372","KX150372",12187,"Strawberry mild yellow edge virus","no"
"MF682528","MF682528",12183,"Potato virus X","no"
"MF682527","MF682527",12183,"Potato virus X","no"
"MF682526","MF682526",12183,"Potato virus X","no"
"MF978248","MF978248",2060511,"Babaco mosaic virus","no"
"KY379032","KY379032",112228,"Hydrangea ringspot virus","no"
"LC335818","LC335818",12194,"Lily virus X","no"
"KY348771","KY348771",253702,"Opuntia virus X","no"
"MF133526","MF133526",12182,"Potato aucuba mosaic virus","no"
"MF133525","MF133525",12182,"Potato aucuba mosaic virus","no"
"MF133523","MF133523",12182,"Potato aucuba mosaic virus","no"
"MS908429","MS908429",112229,"Pepino mosaic virus","no"
"MS908428","MS908428",112229,"Pepino mosaic virus","no"
"MS908427","MS908427",112229,"Pepino mosaic virus","no"
"MS908426","MS908426",112229,"Pepino mosaic virus","no"
"MS908425","MS908425",112229,"Pepino mosaic virus","no"
"MS908424","MS908424",112229,"Pepino mosaic virus","no"
"MS908421","MS908421",112229,"Pepino mosaic virus","no"
"MS908420","MS908420",112229,"Pepino mosaic virus","no"
"MS908419","MS908419",112229,"Pepino mosaic virus","no"
"MS908418","MS908418",112229,"Pepino mosaic virus","no"
"MS908417","MS908417",112229,"Pepino mosaic virus","no"
"MS908416","MS908416",112229,"Pepino mosaic virus","no"
"MS908414","MS908414",112229,"Pepino mosaic virus","no"
"MF150240","MF150240",2016427,"Vanilla virus X","no"
"KX033798","KX033798",214439,"Hosta virus X","no"
"LC125633","LC125633",12178,"Cymbidium mosaic virus","no"
"KY288487","KY288487",1977392,"Cassava virus X","no"
"LC155796","LC155796",28354,"Plantago asiatica mosaic virus","no"
"LC155795","LC155795",28354,"Plantago asiatica mosaic virus","no"
"KU936346","KU936346",35286,"Bamboo mosaic virus","no"
"KX196173","KX196173",1881013,"Senna mosaic virus","no"
"KX648532","KX648532",35286,"Bamboo mosaic virus","no"
"KX648531","KX648531",35286,"Bamboo mosaic virus","no"
"KX648530","KX648530",35286,"Bamboo mosaic virus","no"
"KX648529","KX648529",35286,"Bamboo mosaic virus","no"
"KX648528","KX648528",35286,"Bamboo mosaic virus","no"
"KX648527","KX648527",35286,"Bamboo mosaic virus","no"
"KX648526","KX648526",35286,"Bamboo mosaic virus","no"
"KX648525","KX648525",35286,"Bamboo mosaic virus","no"
"KX883791","KX883791",112227,"Cactus virus X","no"
"KY123701","KY123701",12182,"Potato aucuba mosaic virus","no"
"KU586453","KU586453",12183,"Potato virus X","no"
"KU586452","KU586452",12183,"Potato virus X","no"
"KU870664","KU870664",35286,"Bamboo mosaic virus","no"
"KR185347","KR185347",12178,"Cymbidium mosaic virus","no"
"KX245539","KX245539",28354,"Plantago asiatica mosaic virus","no"
"LC159490","LC159490",12188,"White clover mosaic virus","no"
"LC159489","LC159489",12188,"White clover mosaic virus","no"
"LC159488","LC159488",12188,"White clover mosaic virus","no"
"KU854931","KU854931",253702,"Opuntia virus X","no"
"KU854929","KU854929",253700,"Schlumbergera virus X","no"
"AF018156","AF018156",35286,"Bamboo mosaic virus","no"
"KT591186","KT591186",35286,"Bamboo mosaic virus","no"
"KT591185","KT591185",35286,"Bamboo mosaic virus","no"
"KT591184","KT591184",35286,"Bamboo mosaic virus","no"
"KU159093","KU159093",28354,"Plantago asiatica mosaic virus","no"
"KU159092","KU159092",28354,"Plantago asiatica mosaic virus","no"
"KU159091","KU159091",28354,"Plantago asiatica mosaic virus","no"
"KU159090","KU159090",28354,"Plantago asiatica mosaic virus","no"
"KU159089","KU159089",28354,"Plantago asiatica mosaic virus","no"
"LC107517","LC107517",112228,"Hydrangea ringspot virus","no"
"LC107516","LC107516",112228,"Hydrangea ringspot virus","no"
"LC107515","LC107515",85454,"Alternanthera mosaic virus","no"
"LC128411","LC128411",112227,"Cactus virus X","no"
"KU697313","KU697313",28354,"Plantago asiatica mosaic virus","no"
"KT717325","KT717325",28354,"Plantago asiatica mosaic virus","no"
"KR872420","KR872420",1331744,"Actinidia virus X","no"
"KR707814","KR707814",12187,"Strawberry mild yellow edge virus","no"
"KR559736","KR559736",12187,"Strawberry mild yellow edge virus","no"
"KR559735","KR559735",12187,"Strawberry mild yellow edge virus","no"
"KR605397","KR605397",12183,"Potato virus X","no"
"KR605396","KR605396",12183,"Potato virus X","no"
"KM659859","KM659859",12183,"Potato virus X","no"
"LN794199","LN794199",28354,"Plantago asiatica mosaic virus","no"
"KR350471","KR350471",12187,"Strawberry mild yellow edge virus","no"
"KR350470","KR350470",12187,"Strawberry mild yellow edge virus","no"
"KM009120","KM009120",1503864,"Yam virus X","no"
"KJ789134","KJ789134",1503864,"Yam virus X","no"
"KJ789133","KJ789133",1503864,"Yam virus X","no"
"KJ789132","KJ789132",1503864,"Yam virus X","no"
"KJ789131","KJ789131",1503864,"Yam virus X","no"
"SYVCPE","SYVCPE",12187,"Strawberry mild yellow edge virus","no"
"AB636267","AB636267",35286,"Bamboo mosaic virus","no"
"AB636266","AB636266",35286,"Bamboo mosaic virus","no"
"AB543679","AB543679",35286,"Bamboo mosaic virus","no"
"KP090203","KP090203",253700,"Schlumbergera virus X","no"
"HG976946","HG976946",112229,"Pepino mosaic virus","no"
"AB056720","AB056720",12188,"White clover mosaic virus","no"
"KF718832","KF718832",112229,"Pepino mosaic virus","no"
"DI370291","DI370291",112229,"Pepino mosaic virus","no"
"DI370287","DI370287",112229,"Pepino mosaic virus","no"
"DI370283","DI370283",112229,"Pepino mosaic virus","no"
"DI370279","DI370279",112229,"Pepino mosaic virus","no"
"DI370288","DI370288",112229,"Pepino mosaic virus","no"
"DI370284","DI370284",112229,"Pepino mosaic virus","no"
"DI370280","DI370280",112229,"Pepino mosaic virus","no"
"DI370289","DI370289",112229,"Pepino mosaic virus","no"
"DI370285","DI370285",112229,"Pepino mosaic virus","no"
"DI370281","DI370281",112229,"Pepino mosaic virus","no"
"DI370290","DI370290",112229,"Pepino mosaic virus","no"
"DI370286","DI370286",112229,"Pepino mosaic virus","no"
"DI370282","DI370282",112229,"Pepino mosaic virus","no"
"KJ711908","KJ711908",1503864,"Yam virus X","no"
"KJ534605","KJ534605",12183,"Potato virus X","no"
"KJ534604","KJ534604",12183,"Potato virus X","no"
"KJ534603","KJ534603",12183,"Potato virus X","no"
"KJ534602","KJ534602",12183,"Potato virus X","no"
"KJ534601","KJ534601",12183,"Potato virus X","no"
"KF575175","KF575175",12183,"Potato virus X","no"
"KF575174","KF575174",12183,"Potato virus X","no"
"KJ018165","KJ018165",112229,"Pepino mosaic virus","no"
"KJ018164","KJ018164",112229,"Pepino mosaic virus","no"
"KJ544560","KJ544560",445435,"Asparagus virus 3","no"
"JF937699","JF937699",112227,"Cactus virus X","no"
"JF930327","JF930327",1176736,"Pitaya virus X","no"
"JF930326","JF930326",253701,"Zygocactus virus X","no"
"JN389521","JN389521",1081702,"Tamus red mosaic virus","no"
"KF734961","KF734961",112229,"Pepino mosaic virus","no"
"JQ911698","JQ911698",214439,"Hosta virus X","no"
"KF421939","KF421939",12188,"White clover mosaic virus","no"
"KF752593","KF752593",12180,"Narcissus mosaic virus","no"
"KF281605","KF281605",112229,"Pepino mosaic virus","no"
"HG313807","HG313807",112229,"Pepino mosaic virus","no"
"HG313806","HG313806",112229,"Pepino mosaic virus","no"
"HG313805","HG313805",112229,"Pepino mosaic virus","no"
"KC568202","KC568202",1331744,"Actinidia virus X","no"
"JX866666","JX866666",112229,"Pepino mosaic virus","no"
"JX866668","JX866668",112229,"Pepino mosaic virus","no"
"JX866667","JX866667",112229,"Pepino mosaic virus","no"
"JX866665","JX866665",112229,"Pepino mosaic virus","no"
"JX866664","JX866664",112229,"Pepino mosaic virus","no"
"HW047130","HW047130",112229,"Pepino mosaic virus","no"
"HW047129","HW047129",112229,"Pepino mosaic virus","no"
"HW047128","HW047128",112229,"Pepino mosaic virus","no"
"HW047127","HW047127",112229,"Pepino mosaic virus","no"
"HW047126","HW047126",112229,"Pepino mosaic virus","no"
"HW047125","HW047125",112229,"Pepino mosaic virus","no"
"HW047124","HW047124",112229,"Pepino mosaic virus","no"
"HW047123","HW047123",112229,"Pepino mosaic virus","no"
"HW047122","HW047122",112229,"Pepino mosaic virus","no"
"HW047121","HW047121",112229,"Pepino mosaic virus","no"
"HW047120","HW047120",112229,"Pepino mosaic virus","no"
"HW047119","HW047119",112229,"Pepino mosaic virus","no"
"HW047118","HW047118",112229,"Pepino mosaic virus","no"
"HQ650560","HQ650560",112229,"Pepino mosaic virus","no"
"JX524226","JX524226",12181,"Papaya mosaic virus","no"
"JX417070","JX417070",112229,"Pepino mosaic virus","no"
"JQ860108","JQ860108",12178,"Cymbidium mosaic virus","no"
"JQ314462","JQ314462",112229,"Pepino mosaic virus","no"
"JQ314461","JQ314461",112229,"Pepino mosaic virus","no"
"JQ314460","JQ314460",112229,"Pepino mosaic virus","no"
"JQ314459","JQ314459",112229,"Pepino mosaic virus","no"
"JQ314458","JQ314458",112229,"Pepino mosaic virus","no"
"JQ314457","JQ314457",112229,"Pepino mosaic virus","no"
"JF430080","JF430080",12183,"Potato virus X","no"
"AB669182","AB669182",12188,"White clover mosaic virus","no"
"EF599605","EF599605",112229,"Pepino mosaic virus","no"
"JN133846","JN133846",112229,"Pepino mosaic virus","no"
"JN835466","JN835466",112229,"Pepino mosaic virus","no"
"HQ166713","HQ166713",333348,"Nerine virus X","no"
"FJ670570","FJ670570",317027,"Allium virus X","no"
"EU571480","EU571480",12183,"Potato virus X","no"
"HQ450388","HQ450388",12183,"Potato virus X","no"
"HQ450387","HQ450387",12183,"Potato virus X","no"
"HQ650559","HQ650559",112229,"Pepino mosaic virus","no"
"HQ663893","HQ663893",112229,"Pepino mosaic virus","no"
"HQ663892","HQ663892",112229,"Pepino mosaic virus","no"
"HQ663891","HQ663891",112229,"Pepino mosaic virus","no"
"HQ663890","HQ663890",112229,"Pepino mosaic virus","no"
"HQ681906","HQ681906",12178,"Cymbidium mosaic virus","no"
"FZ416760","FZ416760",392174,"Malva mosaic virus","no"
"FJ822136","FJ822136",85454,"Alternanthera mosaic virus","no"
"DQ000984","DQ000984",112229,"Pepino mosaic virus","no"
"HI647474","HI647474",112229,"Pepino mosaic virus","no"
"HI647473","HI647473",112229,"Pepino mosaic virus","no"
"HI647472","HI647472",112229,"Pepino mosaic virus","no"
"HI647471","HI647471",112229,"Pepino mosaic virus","no"
"HI647470","HI647470",112229,"Pepino mosaic virus","no"
"HI647469","HI647469",112229,"Pepino mosaic virus","no"
"HI647468","HI647468",112229,"Pepino mosaic virus","no"
"HI647467","HI647467",112229,"Pepino mosaic virus","no"
"HI647466","HI647466",112229,"Pepino mosaic virus","no"
"HI647465","HI647465",112229,"Pepino mosaic virus","no"
"HI647464","HI647464",112229,"Pepino mosaic virus","no"
"HI647463","HI647463",112229,"Pepino mosaic virus","no"
"HI647462","HI647462",112229,"Pepino mosaic virus","no"
"AY121833","AY121833",12179,"Foxtail mosaic virus","no"
"AF016914","AF016914",12178,"Cymbidium mosaic virus","no"
"AB196001","AB196001",12183,"Potato virus X","no"
"AB196000","AB196000",12183,"Potato virus X","no"
"AB195999","AB195999",12183,"Potato virus X","no"
"HD061069","HD061069",392174,"Malva mosaic virus","no"
"GQ265901","GQ265901",112228,"Hydrangea ringspot virus","no"
"AY571289","AY571289",12178,"Cymbidium mosaic virus","no"
"S73580","S73580",12182,"Potato aucuba mosaic virus","no"
"PVXKPA","PVXKPA",12183,"Potato virus X","no"
"PVXCOPR","PVXCOPR",12183,"Potato virus X","no"
"CCU23414","CCU23414",39046,"Cassava common mosaic virus","no"
"FXMCGA","FXMCGA",12179,"Foxtail mosaic virus","no"
"AF308158","AF308158",112227,"Cactus virus X","no"
"AF484251","AF484251",112229,"Pepino mosaic virus","no"
"AF373782","AF373782",12183,"Potato virus X","no"
"DQ000985","DQ000985",112229,"Pepino mosaic virus","no"
"AY863024","AY863024",85454,"Alternanthera mosaic virus","no"
"AF172259","AF172259",12183,"Potato virus X","no"
"AF111193","AF111193",12183,"Potato virus X","no"
"FJ457098","FJ457098",112229,"Pepino mosaic virus","no"
"FJ457097","FJ457097",112229,"Pepino mosaic virus","no"
"FJ457096","FJ457096",112229,"Pepino mosaic virus","no"
"GQ179647","GQ179647",85454,"Alternanthera mosaic virus","no"
"GQ179646","GQ179646",85454,"Alternanthera mosaic virus","no"
"FJ461343","FJ461343",12183,"Potato virus X","no"
"FJ212288","FJ212288",112229,"Pepino mosaic virus","no"
"AF272736","AF272736",12183,"Potato virus X","no"
"DQ660333","DQ660333",392174,"Malva mosaic virus","no"
"AY800279","AY800279",315713,"Nandina mosaic virus","no"
"AY789138","AY789138",301865,"Mint virus X","no"
"AY707100","AY707100",112228,"Hydrangea ringspot virus","no"
"AY509927","AY509927",112229,"Pepino mosaic virus","no"
"AY509926","AY509926",112229,"Pepino mosaic virus","no"
"AY366209","AY366209",253702,"Opuntia virus X","no"
"AY366208","AY366208",253701,"Zygocactus virus X","no"
"AY225449","AY225449",231981,"Narcissus mosaic virus strain New Zealand","no"
"CMU62963","CMU62963",12178,"Cymbidium mosaic virus","no"
"PVXCGA","PVXCGA",12183,"Potato virus X","no"
"PVXCG","PVXCG",12183,"Potato virus X","no"
"EF630360","EF630360",12179,"Foxtail mosaic virus","no"
"EF630359","EF630359",12179,"Foxtail mosaic virus","no"
"FJ940225","FJ940225",112229,"Pepino mosaic virus","no"
"FJ940224","FJ940224",112229,"Pepino mosaic virus","no"
"FJ940223","FJ940223",112229,"Pepino mosaic virus","no"
"FJ612601","FJ612601",112229,"Pepino mosaic virus","no"
"AB353071","AB353071",457382,"Phaius virus X","no"
"AY366207","AY366207",253700,"Schlumbergera virus X","no"
"AM745758","AM745758",447171,"Lettuce virus X","no"
"AM1BAMVGR","AM1BAMVGR",35286,"Bamboo mosaic virus","no"
"EF125180","EF125180",12178,"Cymbidium mosaic virus","no"
"EF125179","EF125179",12178,"Cymbidium mosaic virus","no"
"EF125178","EF125178",12178,"Cymbidium mosaic virus","no"
"EF423572","EF423572",12183,"Potato virus X","no"
"AB304848","AB304848",445435,"Asparagus virus 3","no"
"AB360796","AB360796",28354,"Plantago asiatica mosaic virus","no"
"AB360795","AB360795",28354,"Plantago asiatica mosaic virus","no"
"AB360794","AB360794",28354,"Plantago asiatica mosaic virus","no"
"AB360793","AB360793",28354,"Plantago asiatica mosaic virus","no"
"AB360792","AB360792",28354,"Plantago asiatica mosaic virus","no"
"AB360791","AB360791",28354,"Plantago asiatica mosaic virus","no"
"AB360790","AB360790",28354,"Plantago asiatica mosaic virus","no"
"EF408821","EF408821",112229,"Pepino mosaic virus","no"
"EU314803","EU314803",12178,"Cymbidium mosaic virus","no"
"AB056719","AB056719",12183,"Potato virus X","no"
"AB066288","AB066288",167132,"Tulip virus X","no"
"AB056718","AB056718",12183,"Potato virus X","no"
"MNCCGAA","MNCCGAA",12180,"Narcissus mosaic virus","no"
"EU021215","EU021215",12183,"Potato virus X","no"
"AM055720","AM055720",12178,"Cymbidium mosaic virus","no"
"AM491606","AM491606",112229,"Pepino mosaic virus","no"
"BBSCG","BBSCG",35286,"Bamboo mosaic virus","no"
"AJ620114","AJ620114",214439,"Hosta virus X","no"
"Z21647","Z21647",28354,"Plantago asiatica mosaic virus","no"
"AM055640","AM055640",12178,"Cymbidium mosaic virus","no"
"AB206396","AB206396",316983,"Alstroemeria virus X","no"
"AB219105","AB219105",333348,"Nerine virus X","no"
"AM109896","AM109896",112229,"Pepino mosaic virus","no"
"AJ633822","AJ633822",12194,"Lily virus X","no"
"AB197937","AB197937",12178,"Cymbidium mosaic virus","no"
"AJ606361","AJ606361",112229,"Pepino mosaic virus","no"
"AJ606360","AJ606360",112229,"Pepino mosaic virus","no"
"AJ606359","AJ606359",112229,"Pepino mosaic virus","no"
"X72214","X72214",12183,"Potato virus X","no"
"AJ577359","AJ577359",12187,"Strawberry mild yellow edge virus","no"
"CYMRNA","CYMRNA",12177,"Clover yellow mosaic virus","no"
"AJ438767","AJ438767",112229,"Pepino mosaic virus","no"
"AJ316085","AJ316085",445435,"Asparagus virus 3","no"
"PVXX3","PVXX3",12183,"Potato virus X","no"
"PMPRNA","PMPRNA",12181,"Papaya mosaic virus","no"
"Z23256","Z23256",12183,"Potato virus X","no"
"X16636","X16636",12188,"White clover mosaic virus","no"
"X06728","X06728",12188,"White clover mosaic virus","no"
"X55802","X55802",12183,"Potato virus X","no"
"PVXGEN","PVXGEN",12183,"Potato virus X","no"
